,EBDD Predicted Beta,EBDD Calculated Beta,EBDD Norms,Kannan Predicted Beta,Kannan Calculated Beta,Kannan Norms,Times
0,51.5024768678771,51,2.35488949925252,42.9809019365855,42,1.3335937499999997,133.69687294960022
