,Predicted Beta,Calculated Beta,Norms,Times
0,49.00697501856609,50,223.309438718068,164.02062702178955
1,49.889375949355866,52,230.426587564596,201.35355854034424
2,51.74020781783313,43,245.687190463455,96.40235328674316
3,45.7922789424744,46,200.627735322514,115.41220688819885
4,56.037871494104174,57,281.728617534128,332.5042700767517
