Before A:  [3279 1704 1447 3319 1173 2753 1650 1680 2921  898  234 1104 2664 2382  138 2333 1131 3099 2473 2137  363 2417 2590  746 1222 3006 3270  225 2145 2446 3264 1435  661 2315 2158 1888 2753 1241 2701 1695  633 2094 2106 2090 2636 1157  364 2575 3170 1835 3247 3275 1083 3130 1021 3153  267  941  377 1744 2892 2756 2172  259  762  574 3010 2425 2900  381  584  473  484  243 2916 2031 2942  296 2191 1685 2355 1904  452 2795 1329  585 1380 1970 1848  531 1632 1136   37  798 1815  480 2109 2193 3076 2726  743 2867 2554 2701 1643 2551 1259  862 1531  166 1642 1123 2648  723 1579 2768 2222 1257  606 1237  867  122 1281  733 3152  747  215 3270]
[1381 2570  920 3196 2330 1244 1107 2561 3049 2793 3146  322  673  500 2994 3153 2671 1548 1792 2815 1614 1145  751 1261 2539 2911 2546 1486 1741 1726  933  263 2715 2677 2268  913 1772  260 3208  166 3048 2460  616   15 1130  920  394  829  678 1817 2479 1285 2701 1716  556  312 2452 2095 1102  335   53  310 1405 1702 2842 1453  304  806 2635  383 3187 2829  662 1642 2098 1879 2499 2303 1839 2976 1110 1064 3112   67 1064 1876 1030  417 2353 3020 1296  236 1779 2015 2573   79  474  186 3216 2012 2520 1527 3222 3306  323 2806 2639 2318 2657  932 2936 1171 1681 1950 1760 3016  652 2478 2330 2598 1788  692  242 2019  706 2849 2692  430]
[ 571 1633 1590 2410 3085  745 1812 2170 3097 2679 1817 1283  625  222 1287  472 3048  327  621  526 2385 2150 1214 1489 2394 1030 1308 1639 1402 1861 2363  831 1948 1425 2976 2755 1255 2470 1660 2448 1152 3326 1153  184  271  510 1724 1916 1414 2862 3129 2751 2938 1937   98 2793 2685 2508 3314 1188 3092 2650 3261  418 3127  171 2090  277 3138  789 2411 3281  826 3204 1792 2572  818 2033 1227  583  587 3070 2016 3168  970 2758 2566 3270 2592 1506  266 3081 2288 3126 1380 2359 1799 2433 1996 2414  230  557 1965 1194 2843 2941 3215 2611  916 2264  487 3123 2107   13 1319 3227 2458  210 1450 1914  736  994 1271 1933 1858  691 2626   76]
[1382 1374 3308 1062 1935 1982 1090 1660 2952 2888 3235  656  953  812  478 2082 2861 2326  199 1326  577 2295 1253  519 1294 3194 1502 1132  406  229 1079  306 1236  849 1928 1723 2235  820 1407  682 1053 3138 1951 2579 1934 3118  278 1039 1070  959 2834 1778  672 1342 3305 2503 1044 2666 1572 1902 2669 2673 2029  793 1929 1930  115 3312  850 2363 2356 1900 2786 1937  228 2946 1746 2108 1718  492 1286  868 2839  724 2230 1091 1052 2388 2405   71 1625 2410  151 1539 3027 1984 1313 3275 1028 1591 2658 3165 2254  678 2834  773 1736 1631 3319  616 1373 2118 2393 2128 3003  320  615  279 3223 2281 1627 2023  960 1124  492 3022 3121 2049]
[ 390  659 2435 3125 2319 1919 2426  859 1968  506 2141  356 1333 3295 1062 3038 3056 1236  983  535 1162 1623 1705 1857 2711 1113 1034 1641 2366  617  320 2404 1480  740 1955 1292 2053 2023  757 2445  941 1636  842 2892 2861  761 1307 1486 1406  622 2612 2470  922 1900  770  303 1724 3275  129  196  981   17 2205 3162  403  966 3324 2882 3029 2256 1183 2831 1193   24  498  555 2704  101 2951 2190   82 2833 2316  758 1765 2435 2531 3061 2147 1503 1844 2879 1891 3299 1928 3218 2372 1124 2219  728 1885   88 2589 1366 2415 1715 2080 2938  991 1016 2877  354 1871 2710 1115 1012 3275 2024 1271 2112  361 2090  781 1636 1153  517  520 2709]
[2712 3019 1864 2452  788 3130  123 3161  277 1918 1167 1385  359  569  683 1159  830  333 3038 2681 2266  476 3216 1530 1945 1158 2849 2809 2450  479 2774 1437   84 2001 2987 2968 1504   52   51  162  532   28 3089 2276  506 2760 1343 2160 1232 1053 2624 1846  234 1471 2633 2194 1830 1949  557 2844 1374  224  995 1395 2429 1780 1990  183  140 3180 2374 2779 2850 1882 1578  355 3329 2027 1772  219 3221 1892 3077  998  833  850 1830 2174 2738 1467  294 2586 2220 2736  318 1335 1543  764  967  418 2583 1344 1937 2179 1372 2741 3303 2117 1397 1734 2874 1358 1228 3109 1513  400 1921  383 2432  775 1374  319  983 2840 2392 1444 1758 2222]
[ 316  447 1360  806  412  147 1680 2844  532 1818 1677   19  143 1022 1240  645 2280  659 3014  855  485 2118  321 2831 2335 1901 1645  296 1957 1047 1453 2423 2651 1027 2331  481 2710 1514 2279  782 1273 2742 3234 2829  332  783 2687   52 2219  921 1928  722 3038 1349 2071 2739  242 1847   80 2036  526 2718 1762 1473 1796 2948 3197  451 1019  155 3172 1610 2096 2684 2621 2600 1903 1020 2010 2727  385 2762   16  649 1629 2533 1602  741 1515 2039 1576  264 2192 1818 3197 2275  154 2083 1324  726  119 1945 1006 2949 1746 1715  828   77  458  791  858   58 2598 1390 1963 1170 2531 1142 1994  813 1738 1526 2564 2128 2284 1464 1240  119]
[2313  429 1803  199  386 2272 2313  531 2297  702 2663 3287 2715  831  267 2181 1340  892 1081 3259 2331 3009 1404 2188 2811 2050  678 2632 2999 2434  708  302  578 1331 2320 1724 1247 1627 1374 3199 1377  659 3198 3066  497 1920 1781 3196 3192  884 1407  704 1745 1114 2616 2168  349 2050 2935 1142  275 2338  704 2023 1014  795   49 3124  255  261 1033 2473 3151  100   23 1318  749 2873 3067 2050 3066 1933 2825 1389 2686 1511   74   69  546 3069 2115 1430 2543 1726 2549 1983 1771 2298  119 1825 3056 1130  770 1211  401 2054 2052 1264 1086 1783 2016  646 2599  705 1680  662 1440 1316 2553  676 2565  360 2845 1580 2915 2216  368 2883]
[1381 3089 1933  606  645 1478 2885 2263 1524 2203 2929 2823 2059 1954  887 1004 1750  130 2036 2208  272  473 1222 1373 2208  259 2086 1926 1612 3190  163 3236 1330  397 2133 1669 3260  296 2393 2673  833  373  129 2237 2308  460 1391 3279 2575 3178 2052 2590 1363 2726 2511 2936 2371   79 1423 3248 2527 2900 2154  173 2179  438 3103 2482  668 1388 1665 3291 2389 2526 2554  163 1517 3118 3090  597 2577 2760 2311 2673  266 1416 1338    7 1871 2382 1355 1867  179   11  224  521 1450 1873 1309 2475 1053 1643 1339 2659 1921 1872  869 2047  763 3254 2883 1259  671  735  532 2290 2225  192 1553 1964 2783  912 1691  796 3288 1873 1599 1429]
[2740  740 1702 2220  450 2898 3132 1593  175 2821 3271 1756  299  746 2964  434 3218 1160  766  554 3049 2943 2205 1616 1475  841 2631  132 2752 1112  735 1840  339   71 1005 1795  330  726 1248 2305 2713 1827 2836 3019 2054 2651 1260  295  208 1743 3121  760 2630 3073   55 2684 2644 1655 1144 3081 2424 2872 1298 1201 1217 1013 1072 2645  588  231 2366 2142  352 1589 2864  978 1725 2182 2919 2088  918  678  891 2831 1507 2180 3200 2461 1262 1661  615 1324 2810 2187 2635 2449  211 1908 1981 2282  762   96  543 3269 1654  995 2543  489 2239 1324 1797 2094 1830  160 2646  545 2812 1894 2788 2178 3297 2043 2483  385   22 2242   94  226]
[2686 1427  111  791 1330  760 1452 2791 3282   57 1450 2173 3183  457 1039 1271 2791  334 2321 3023 2711 1334 1042 2059 1971 1759 2210 2385 2085 1488 2424 2035 2356 2839 1766  488 1766 1086  529  996 2993 3171 2035 1732  943 1323 1029  534 1205   76 1999 1048 2126 2697 1879 3274 1132  738 2237 3308 3203  853 2178  463   62 1955  439 1814  323  463 2003 2423 1807 3126 2989 1027   68  803 2197  201  791  347  683 2268  610 2111 2625 2550 2856 3147 2291  247 1779 1867 1742 2483  718 2807  224 2555 3322 1129 1136  670  375  244 1847 3173  763  357  787  381  376 2697   14 2059 1498 2501 1531  346  327 1505 3001  178 1573 1532 3097  200]
[3097 2433 3166 2412 3112 3024 1697 2015 1280  747  151 2847  703 2953 1047  377 3186 1032 3269  913 1202  190 2381  595  289   32 1733  493 3019 3241 1926  196  152  639 1994 2349 3239 2086  602 2789   38  934   23 2910  500 2991  210 1879 2570 1582 1175  608  152 2720 1036 2435 2190 3286 1371  451 1089  143   24 3029 1430 2148  684 1037 1543 1641 3289  868 1834 2053 1066 1640 3270 3298 2062 2907  980 1603 2812 1184 1455  302  630 2557 2004 2536 2280  243 3287  728 2076  286  434  487  180 1387  204  141 2512  718  238  201 1471 2522  213  972 3286 3155 1411 1594 3069 2929 2887 2456 1098 1605 3026 2338 2944 1166  760 2496 1736 1554]
[2357 2503 2053 3146  199 2378  968  465 2146 1772  916 1407  107 1376 2791  885 3127 1126 1351  835 1021  633  350  947 2943  217 1362  681 1892 2763 3186  395 2486  788 3160 1380 2823 2845 2176 2667  273 1249  902 2426 3276  707 1732 1939 2924  786  575  938  519 2955  732 2580  893 2472 1057 2997  397 1844 2748  238 1138 1695 1829  233 2455 1237  154 2837  871 2501 1555 2337 1537 1397 1427  451 2206 1844 1065 3233 1691 1155  936 3188  284  377 2001 1287 1877 2305 1549 2735 2694 1702  862  897 2565  412  868 1912 2709 2739 1912  446 3018 2414  297 1092 1576 2948  656 1864 2973  805 2850 3089 3324 2009  611 2498 2436  381 2642 2558]
[1722 3064 2360 1814 2107 2791 2833 2429 1896 2463 2868 2080 1198 2949 2420 1526 1630 3007 3092   47   57 2541 1536  896 2517 2551 2393 2352 1056 2404 2106 2628  250  206 1898 1070 2400 1731 1060  894 2713 1792 2052  102 3078 1224  443 1177 1280  709 3095  356 1222 2189 3211 2948 2887 2641 1671  234  481 3013 1531  896 1154  192 2685 1443 3318 1879 2447 2749  888  984 2371  796 2041 1018 2375   52  662 2184 1026  167  745 2201 1994 1862 2821  812 1104 1070 2327 2350 3146  703  922 1504 1522 1149  417  223 2586 2836 2948 2317 1494 2849  362  992 2442 1150 1435 3097  701  850   12 2735 2977 1267 2039  846 1343 1001 1822  274 3329 1316]
[1648 1321 1479  666 2044 3168  524 1594 3109 1789 1428 1606  982 3041 2717 3263 1790 1898  353  803 2791 3291 1832 2916 2220 2584  644   79 2526 2690  702 2713 3310  918 2473  873 2404 2313 1040  517 2861 3225 2377  953 1386 2430   98 1224 2131 3028 3067 2450 2298 2392 1136 2653 2729 2844 1859  756 3038  592 2422 3315  751 2280  649 1819 1273 2888 2515  273  473  882 2460 3250 1128 2514 1603   69 1488  269  161 1747  488 2132 2522 2032 1202  884 1646 3318  143 1170   83  711  908  940 1569 2582 1508 2066 2651 1037 1874 2227 1996   59  431 1510 3055 1693 2467  968 2413 1264 1247 1167 2196 1030 1202 1318 2297   55 2440   77 2121 2382]
[ 827  244 1497   77  115   82  231 2884  624 3283   16 1368 1905 3181 2647 1159 2436  735 2341 2150 2561 1110  304  575  987  301 3041  936 2343 3258 2518 1351 2325  343 1689 1259 1542 3329 1374 3293 2317 1086 2321 1116 2107 2364  857 2251 2580 3037  358 1980 1388 1229 1446 1626 2177 1582 1108 1556 1333 2576 2613 1977 1670 2403   42 2679 1672 2514 1936 2479 2199 1003 3053 3211 1243 2415 1373 1416   63 1680  485  682 1732 1764    1 1762 2097  716 2152  506 1456  423 2583 3273 1308  326 1129 1438 3007  228   37 2565  943 1579   26 2496  159 2430  975 2966  765 1754 2230 1500 1342 2959 1095 1945 1533 2080  557 1465 1619   35 3040  414]
[2245 3146 1463 2595   31  596 1058 1384   66 2683  821 2744 2270 1076  887  895 1576  524  238  378  659 1796  894 2256 2400 1731 3303 2048 2191 2299  601 1802 1519  961  844  433 3065  967  610 3098 1412 3100 1324  691  470 1728 2140 2072  554 2324 1431 1985  144 1221   55  452  806 2728 2966 1424 1899 2017 3126 1782 1963   60  306 1863 1766  512  674  365 3188  839 2561  477  985  497 1398 3134  864 3133 1211  569 2433 2293 2621 1111 1315 2184 3194 3211 1134  464 1685  908  201 2380 1091 2511 2971  741  444 2683 1926 1997 1341 1796 2721 3168  825 2603 2407 3095 2907  609  829 1470 2250 1453 1189 1815 2413 1113 3090  361 1410 3222]
[1440 1761  750  137 1549  480 1037  420 3072 1792 1530 2908 1397   46 2609 2274 2795 3162 1681 2755 1242  831 3096  555 1803 2043 2926 2787 2113 1734  136 1938  790 2654 3120 2733 1991 2045 1582 1941 1921 2930  806 1262 1981 1407    1 1014 1601  494 1028  949 2779 3286 3306   24 3171  173 1571   91 2349 1502   66 1140 1268  322 3152 2332  265 1362 1063 2853 3138 2500 1565 3025 3121  701 2465   91 1795 3029 1739  326 1171 1715 2342 1178  206 2199 2599  103 1643  890 1377  285  290    5  365 2258 1226  430 2862  790 2061 2674 2467 1093 1467 2227  817 2111  478  639 3019 2482 2441 2919 2560 1717   15 1258 1269 1284 1128 1190 3314   88]
[ 871 2013 2331 1570 1698  453  484 1311 2173 2360  832  698 2102 2800 1873 2483 2751 2492 2691  651  188 2943  561  726 2508 3231 1518 2106 1970 2413  452  182 2964 3087 1972 2121 3269  493 1301 2435 1669 1219    3  181 1866 1263 2573 2720 2785 2872 1196 1825 1766  525 2766 2837 3317 1730  121 2148 1827  780 2839 2758 1977 2694 1821 3221 3002  503 2712 1818 1234  978 1066 3240 1054 2769  454 1426 1916 2280  806 1119 1113 3077 2988 2376 3062 1687  649 1761 1433 2729 2740 2010 3242  280 3013 1607 3278  603  929 3202  404 2832 1811 2005  113 1367 1864 1700 1341 2469 3212 2690  380  891 2994 1229  600  856 2141 2764 1074 2196  995  749]
[3267 3029  744 2320 2694  889  547  982 1989  829 1715 3121 2694  871 2081  289 3208 2247 1232 1635  128 1279 1849 1589 2003 2237 1554  194 1148 3205 1541   65  251 2483  926 1285 2122 1991  641  716  842 2993 2406  840 2951  587 3191 1067  416  348 2168 2714 2982 1107 1979 2791 1784 2368 3098 3322 3112 1335 1039  921 1098 1108  147 1819 1880 1797 2103 1064  976 1168 1261 2248 1069  847  425  942 1530 2071  762 1732 3262 1641 1795 2371 1935  365 1056 1776 2266 1916  997 1933  827  786  613  265 2709 2864  539  740 1015 2936  827  975  948 1993 2975 2290 1154 1510 2578 2960 2099 1928 1055 2630 3203  754 1567 2266 1600  819  573 2672]
[1996 2030 1256 1177 3287   55 1207 2935  253 1927 2618  527 3082 1910  634  564 2300  883 2424 2398 1761 3194 2254 3019 1879 1075 2883 1852 1681 2732   51  129 1565  436 3161 2276 2528 3155 3119 2596 1548 2864   29   45 2415 2754 1403 2062 1750 1775 1729  184 3222 1207 1126 1067 1580  993 1411 1500 1786 2737 1027 2090 3110 1315 1055  250 3005 2784 2315 2836  828 2461 2475  515  347 2955 2453 2929 2034 2780  399  579 2522  675 2647  337 2769  709 2234 2581 1583  811  926  527 2256 2922 3126 2033  423 1210 3171 3321 3082 2424 2917  810  141 1845 3129 1748 2432 1510 3264  683  399  428  434  379 1072 2966 1466 2519  835  114 1453  380]
[ 904 3199  451  605 2165 2124 2397 1203 1798 2317 3166  252 2576 2033  539  808 2984 1115 2381  949 2168  485 2859 2514  981 3058 2865  923  218 1083  468 1560 2403  185 2318 2548  232 2905  597 3158  876 2127  750 1925  404  134 1810  466 1801 2096 1477  661 1902  212 2659 2297  993 2225 3000  802 2399 1986 1566  784 2805 1742 2829 2520  608    8  550 3071 1403  199  480 1525 2170 2719 2950  519 1732  209 1153  578 3038 2368  256  592 3187  504  560    6  742 1744 2795  740  544 3069  941  146 1718 2197 2533 2628  881  459 1357 1038 1601 1030  902 2382 2867 2676 2098 1398  301   13 2698 2685 1134 2232 2514 3285 1722 2442 3009  379]
[3012 1227  221 3295 2905 3080 2347 1028 3056  390 1387  620 1194  216 1718  238 3069  575 3273 2538  539 1318 2205 3196 1101 2099 1918 2656 1532  874 1393 1875 2995 3239 2175 3174 2918 1026  941 1010 3171  385 2815 2232  436 1687   70 1581 3097 2075 2026 1134 3056  146  667  747 1457 1903 1277 3012 2234 2392 1798  334  978 1461 2251  174 2310 3317  485 2805 2816 1959 1031 1394 1925  511 1493 1202 1127  739  813  880 1882 2130 1190 2998  652 3172  301 2426 2963 1352  115  849  244  131 1515 2813 2497 1011 2629 2777 2976 2546 1090 1727  159 1596 1450 1227 2801  340  669 1878  262 1304 2899 2316 1935 1778 2425 1315  285  191 1658 1734]
[ 659  205 1198  927 2714  761 2166   98  491 2676 2452 1340 2225 2218 3122 2923 1737 3276 1572 2452  629 1455  538  401 1137 1561 2287 2200 1169 1993 1293  724 3294  242 1368 2132 2591 1333 2778 1837  511  256 3149  133 2664   98 2101 1851 1981 1041  297  446 1653 2376    5  502 1898 1577  465 1069 1524  708 2872  982 1539 2178 3120 1168 1557 2763 2259 1696  781 1914 1363 2864 2124 1904 1636  377 1105 1326 1681 1081 3135 3064  614 1907 3176  543  966 1971 3128 1584 2148 2891 2985 1421 1583 3187 2944 2532  509 1296 1420 2059  946 1533 2383 2991  889  661  672 1252  100 1975 1556 2508 2062 1987 2914 3076 2468 2261 1614 2497  203  862]
[ 867 3005 3231 1817  446 1908 2856 2152 1556 3017  652 3244 1093 1119  997 2902 2648  489 2945 3146 2140 2058  790  894 3096 2455  866 3265 1350  635 1755 2711 2879 3196 2368 3049  744  293 1324 2340 1623 1748 2635 1272 1597 2807   79 1253 2578 2275 2432 1552 1491 1219 1154 2174  689  750 2223  867 2889 2020 1167 1382  825  677 1741  946 2892 1046 1278 2337 3023 3269 1377 2012  323 1304  967 1429  126 2869 1661 2173 2919 1263 2022 2043 1959 2972  431 2318   72  244 1543 1046 1513  764 2524  485 2889 1705 1141 1389  840    7 2652  154 2937 3130 1140 2273 1143 1464  376 1572 3095 1028  511  971 1380 1886 2364 1951 2991 1108 3023  780]
[2692 2105  752 2902 3191 3037 1220 2389 2764 2205 2914 1322  763  225 1385  680  608  642  377 2656 2839 2295 2676 3221 2484 3268 2473 1317 3093 2684 1661 1896  932  757 1650  534 2249  718 3156 1246 1609  431 2616 2395 1408 2341  812 1044 2320  300 1623 1804 2729 1151  173 2684 1731 1935 2062 2584 2873 2125 3271 3195 2164 3094 1418 2575 2194 1125  552  798  580 1301 2432 3189 1464  693 3225  808  962 1777 3309 2562 2610 2817 2706 2104 1288  487  600 2014  705 2072 1007 1188 2172  400  562 2924 1890 1956 1528  390  901  571 1158  720 1203 2001  856 1826  740 1232 3322 2736 2327  574 1892  582  571 1598 1879 1350 2672  310   35 2219]
[2155 1891  113  408 1164 1366 1555 1260  386 2883 1697 1397 1425 1550  280  678 2381  396  527 1053 2426 1062 1022 2254 1463 1102 1364 1903 2901 1576 2315 1702 2347 1827  615 1017 3154 2033 2782 1298  428 3260 1700 1443 2944  558 2815  424  706 1504 3262 2266 2548  319 2539  829 3184 1749  145  835 3097 1653  362 2224  806  828 2693 1257 2132 1946 1716 2120 1532 2808 1532  757 1862  685 1326 2866  364 2117 3102 2570 2278 2624 2396 1825 1370  533  927 1980 2704  376  445  191  678 1274 1959 2378 3097  847 2004 1303 1177 2460 1396 1785 2266  806 1549 1011  933  698 2144  436 2865 1435 2468 2449  161 3017 2768 1583  347  432 1031 1283]
[ 267 2042 2308 1861  807 1727 1564  163 2666 1246  839 1240  605 2177 2160  633 3215 1758   13 2182  492  424 1037  350 3174 2139  626 2280 2003  214 1508 2706  599 1152  600  778  758 2390 1120  534 1229 3198  789 1218 2429  633 2891 2243  110 2003 1753  714  596 3072  875 1119 3120 3059  108 2261  138 1241 1666 3042 3242 2821  444  838 1705 2619 2528  765 2631 2276 3299 2793  396 1276  433 1053   31 1062 2682 1859 1846 1503 3054 2515 1704 1698 1376  737  893  828 2296  545 2653  735 2308 1986  624 3159  491 1215  381  871 1123 2435  276  864 2095 1352 1586  647 2852  370 2532 3130 1234  980 3138  535 2390 1575 1811 2099  746 1670]
[  31 2265  170 3181 1093 2180 1175 1774 3072  737 1477 2227 1878  249 2769 3171 2185 2545 3020 2077 1846 1449 1919 1913 1103  448 1230  896 2284 2235 3025 2518 2141  446 1342 2939 3207 1856 3150  946 2257 2548 1766  763 1213  670  643 3100 1853 1120 2770 3100  465 1463 2698 1472 2584 2863 2102 1072 1667 1468 2094 1876 1233 1141 2449 1117 2907 1546 1585 2400 1020 1150 2739 3024 1256 2923  605 1134 2746 1964 3129 3038 3077 2170 1762  564 3082 1962 1116 1358 1720 1686  854 3158 2990 1808 1653 1456  266  641  110  440 2645 3162  276  918 1132 1153  935 1906 1754    1 1425 1129 1915  863  935 2360 2355 1474   15 2437 2438 1652 2287 1568]
[2844 1866 2138 3004 3149 2198  194 2860  291 1147  745 2621 1084  230 1487  901 2251 3119   98  162 2270 2176  505   93  647  162  887   78 2975 3138  882 1810 1983 1674 2278 2595 1490 2802 1440 1635  276 2545   50 2514 2431 2899 3237 2473 1252 2682 2416 1537  188   38  504 1694 3107  351 2460  951   62 2310  691   70 2464 1805 3234 2880 2858 1789 2304  149 2918 1306 1324 2278 1357  101  911 1337 3259 2057  105  622 2616 1821 1912 3270  925  140  701  507 2789  106 1799  601  589 1332 1640 2316 1050 1962  243  765 2007  851 2943 1805 1763  963  440 3291 1612   97 3267 2931 2375  367 2805 1954 2186 1969 3035 1079  898  947  323  407]
[ 333 2306  380  883 2436  204   81 1405 2913  507  444 2552  601 1818 2402 2976 2472 2836  987  947 2752 3269 1954 1952  598 1024 2423 1362 2041 2139  110 2541   98 1488 1799 2169 3057  171  989   24 2840 3272  945 1359 1902 3274 1256  395 1787 1474  865 1141 2618 1342 1082 2758  298  642  744 1077 2347  327  388 1968 2215  823  171  262 3230   85  224  385 1473 1063  669 1627 2227 2314 2326 1189   63 2825  164  187 3327  577 3119 1482 2514  733 1849    9 2710 2562  201  863 2501 1132 3004  377 1901 1783  493  426 2723 1400 1765    9  653 1310 1596 2502 2398 2118   99  438 1550 2582 1486 2667 3234 1425 2154 3207 1286 2617 1247  460]
[1735 1703 2511 2920 1208 2745  267  222 2722 3281 1670 2256   49 2812 2820 2623 1246 1109  232 2202  777  635 1130 2311 1837 2411 1605 1931  537 1894 1189  972 2135 3004 2806 1994   53 1838  113 1737 2934  620  429 2242 2306 2614 1179 2366 3326 2472 2873 2132  878 2825  482  252 3297 1682  497 1436    6 2815  217 2015 1656  120 1153 2559 2560  819 1695 1702  861  357 2497 2362 3262 1450 3292 2039 2737 2260 1612 2700  921 2156 1731 1861  897 3217 1849 2693    3  988  207 1228  708 1464 1695 1088 2568  906 3150 1468 1000  750 3230  614 2632  526 1877 2756  759 1495 2816  318 3266  577   29 2757 2430   24  994 1137 1181 2993  493 1745]
[2377  480 1999 2280 2606 1491  453 1165 1423 3233 3277 2330 1104 2455  126 2077 1470 3048  276 1916 2761 1253 1233 1167 1295 2048 2759 2646 2956 3131  717 2853  755 3259 2465 2353  167 2782 3233 3016 2204  777 2952 1073 2826  886 1294 2393 1006  467 2504 2304 1948 3282 1879  833 2876 1009 1102 2040 3229 1159 1641 2234 1217 1461   85 1993  295  504  728 3256  563 3176 1929 2234 3169   27 2943 1195 2533 1360 2852  127 1102  574 1547   10 2059  747  694  156  547 1915 2054 1159 3265 1731  607  584 2446 1825 1808 2563 3102  547 1235 2787  100 1912 3069 1991 2295 1345 1809 2679 3135 1145 3105  477 2602  306 2281  515 1396 3251  243 3169]
[2337 2765 1866 1171  993 2534 1379 2737 2388  500  991 1692 1686  716 2031  227 1353  963  394 2857 2567 1629 1164 3180 1165  590  748  590  235  205 2135  746 1234  870  384  542  915  593 1375 2004 3006 2800  339 3010 1687 2268 1136 2341 3203  573  724  315  199 1351 1927  991  387  976 1717 2775 2804 2574 3114 1760 3180 3152 2184  408 2698  704 1746 2470 1275  670 2201 1898 2601 3046 2858 2015 3258  206 3217 1953 2271 1315  146  318 3134 3007 2309 2152 1805  386  336  752 2524  556 3112 1916  605 1516 2941  448 3097 3023 2436 1279  667 2717 3284 2946 2918  332 1877 1030 3237  196  794 2968  949 2284 1909 1071  835 3143 3110 1685]
[1088 2879 1445 1252  332 1187  898 1056 2661 3184  634  563 1468  774 2864  158 3126 2664 3153 2252 1796 1277 2019 2382 2891  527 1003  919   97 2960  623 2229 2231 2296  679   33  466 2355  771 2140  890   28 2940 2905  159 1472 2331 1975 2791 1883  969 2153  241  626 2581  198 2267   73  377  465  963 2976  707 2777 2749 2523 2645 1389 3323  872 1486 1527 2244  402 1989   66 2745 1719 1098 2292 2014 2813 2324 2843 3274 2029 3128 1734  967   49 1871 2212  849 2825  226 2935  775 1594 1877 1694 2214 3242 2741 2231   25 2676 3269 2508 2642 2664 2897 1112  953 2232  949   81 2127  155 3133 2507 2434 2096  830 3291  526 1394  175 1000]
[2417 2347 2952  174 2419  346 1959 2180 2598  200 1295 2279 2352  499  805  518 1522 1763  950 3219 1114 1437 1339 2553 2850 2754  154 1335 2373   23  483  124 2307 1005 1508 2835  444 2477 1439 3067  234  428  174 1804    2 2704 2860 2964 3133  949 2940 1507  190  741 2955 1916 1444 2108  253 1160 2593   51 1606  374 1478 2602   80  118  980 2478 2339  884 1041 1000 1076 2943 1074 1452  581 1571 2107   67  555 2827 2767 2142 1565  993 1520 2913 2993 1484 2075 2291 1793  333   64 1552 2319 1020 1778  746  832 3194  499   57 1272 2103 1632 1945 1565 3258 1935 2585 3147  366 2299  287  282 2918 1929  663 2452 2605  993  219  300 2809]
[2162 2041 1604  758 1479 2598 2921 1960  103 3024 2536 2550  435 1815  433 2266  815 3186 1739 2889 2389 1210 2154 3095 1633 3314 2154  547 2999  804  910 3091 1425 2055 2984  748 2971 1009 2673 2923  329 2912  172  696 2921  346 1516  358  871 1775 1068 3166  793  921 3207  104  164 2331 1493 2633  116  290  611 1854 2438 1471  747 2266 2001 2948  286 3169 1981 2317 1162 2145 2810 1784 2395 1639 2250 1319  189 3137 1033 1006  879 3216  571 1606  758 1641  451 2899 1881 1340  262 3291  309 1909 1303 2712  259 2733 3198  271 1837 2952 1418 1712   75 2385 2748 2397  574 1166 1894 2952 1168 1173 2577 2824 2249 2250 2603 3073 1719  729]
[2274 1374 1809 2715  816 1615 2512 3240  877 1465 2345 1172  314 1482 1469  338 2440 1247   58  923 3194  651 1537 2514 3029 1519  682   96 2196 1575  123 2938  740 1058 1297 2099 2330 2054 2822 1237  289 2964  366  370 2908 1923 1504 2569  971  354    4 1640 3177 2485  511 1195   88  169 3074   90  685 2121 3219 1482 2382 1501 2167 2006   77 1231 3099  912  983 2315 2609 2730 3266 3303 1822 1542  904 2807    1  495 1677 1721 3325 2984  260  389 1258 2503 3297 1271 1517 2187 1410 3134 1470 2395  453 2186 1011 1538 1811 2435 2200 1718 2989  801  308  532 1280  985 1966 1794 2758 2525  493 2682  459 2671 1715  241  106  825 1267 2145]
[1453 1571 2928  350 1772 2399 1071  999 1778 1299 1285 2013   28 1271 1755 1923 2499 1995  279 1573 3152  249 1351 2007 2842 3200 3186 2022  134 1930  497  790  860  857 1755 1638  952  225  729 2223 2407 2009 1631  472 1488 2449  978  243 3313 2898 1937 2212  402 2178 3306  633 1044 1337  557 2915 2337 3171  836 1328 2936 2642 2377 1204 1166 1115 1881  606  264  984 1711 1707  966  720  471 1042 1921 2768 1366 1818  968 1229 1435 1455  589 1878  136 2460 1204 1295 2565 2111  757 2967 1220 2771 2179 2544 1565  266 2870 3172 2154 2026 2164 1977  798  397 2307 3053 2042   47 2077 2821 2059 1744 1262 3202 1022 2020 1007 1667 1819 2735]
[1831 1147  836  199 2305 1865 2888 3312  475 2701 1370 1953  375 2482 3296 1181 2680 3105 1855  237 2175  696 2445  417 3236 2259 2205 1717 1456 1738 1805 1957   40 2821 2316 2200 1531 1527 3126  570 1137  536 3309 1335 2077 2438  513 2329   71  715 2026 1298 1508 2389  873 2775  515 3327 2071 1598  961  953  865 3041 2412 2608 2687 1697 3024 2762  407  944 3135   42 2338 2349 2228 1511   80  806  360 1497 1783 1924 2418 2134  345 2911 2384 3126   11 2130 2357  135   57 2939 2186 1672 1951  551 1231  898 1379  755 2502 2016 2310 2346 3027 2965  404   82 2694 3128 3091 1700 3118 3306 3204  163 2048 2561 2951 2025  634  486  318 2122]
[1167 3119  671  841  651 3214 2854 3145  628  943 1403 1250 3153  740 1110 1594 2324 2261  874 1761 3092 1754 2419 1657 1568 1684  827  190 2889 1253   53 3090 2591  194  489 3089   37 1254   46 2433 1043 1501 1264  753 2064 1438  349 1568 1021  356  101 2347 1337  866 2329 2914 2191 1037 2174 1781  304 2642 2461  784 1365 3154  529  614 3227 2981 1372 1558 1833 2996  433  757 1887 1832 2824  124  551 2542 2738 1982  934 1352   12 1637  573  189 1938  604 1399 3107  662 2228 1226 1819  365  851  687  913   56 2045 2161 1550 1809  868  116 2323 2629  985   18 3138 3167 2262 3238 1715 2132 2864 2636  468  905 2734 1071 3008  747 2503]
[1494 1091 2787 3326 2566 2271 3129  556 2340 3028  704 1047 2005  280 1361 1707 1190 2772 2606 2482 1525 1911 1429 1321 1516  669 2250 3105 3009 2731 1600 1183 1776  672 1174 1009  487 1688 2124 2701 2957  725 2481  665 2404  114 2125 2899 2745  836  708  115 2988 3053 2812  976 1822  428 1327 1342 2245 1406 2669  447   76 1604  918  840 2605  458  609  298 2871 2150 3227 1710  272  748  140 1684 2093 1006 1185  960 1597 1709  883 2948  506 1492 1152 2639 2756 2286 3109  883  122 1692 2053 1983 1337 3161 1512 2522  989 1801  774  822 1510 2606  951   93 3110 3060 2272 1429 1069 1915 2757   10  737  194 2317  753 2022 1235 1690 2700]
[2356 2340 2616  108  221 1651 3073 3177  920  178 1353 1265  778 1212  330 1877 2228 2766  595 2186  215 2445 1067 2802 1530 1748 2195 1079 2123 2431 2488 2713  111  664   76 1759 1115 1551 1037 3131 2595 3295  944   83 2775  626  981 1785 2022 1499 1936 2589 2652 2712 1895 1984 1770  431 1081  617 1520 2605 2048 1224 3174  270 1482 1824 1690 2329 2660  659 2525 2589 2760 2359 2212 1578 2731 1857 3271 2723 1941 2988 2228  741 2164 3257 2180 1625  217  980 2223 1616 1920 1938 2856 2352  953 1871 2381 1332 2741  620 1042 2923 1236  119  151 1920 1608  729  562 3270 2240  930 1938  506  381 2461 3262 1228 3201 3323 2793 1435  417 2467]
[ 516 1194 3242 2511 1700 2805 1174 2441 1625 2686  953 2789  766  717 3060  664  709 3050  833 1318 2215 2715  990 3206  505  223  540 1813  112 1244 2951 1716 1513 1920 2449 1158 1856 1056 1685 1167 1027 1450 1850 3259 2861 1725  512  236 1794  785 2595 2198 1162 1592 1502 1767 2088 2201 2293 3092 3042 3274 2904 1811  776  447  257 2801 1121 1364   44 3226 3195 1113  268 1553  631 1925  991 1863 2154 1306 2159 3133 1674 2281  400 2109 1299 2157  150 1358 2275  569  528  212  482 1540  339  454 1655  712 1052  418 1880  146 1969 1394 3264 2121 1901 3161 2583 2316 1562 1847 2238 2706 1023 3314  642  351  726 2204  247 2449  584 2999]
[ 676 2635   98  483  825  358   70  443 1071  830 2916   39   71  391  605 3310  887 2572 2022 1515 1559  794 2959 2004 1112 1322  941 3151  803 1510 1632  628  898 3020  481 1967 1319 1073  799 2574 2311  216 1739 2470  539 2223  637  333 3283  378 1965 1720 1884 3091 3044 2235 1235 1801 1597  440 2663 3149  716 2346 1183 1253  429 3270  644 1866 1287  705 2806 1620 2623 2179 2954 2311 1566 1263 3279 2576 3044 2254 1526  459 2330 2742  287 2915  429  735 2656   57 2656 2843   29  392 1170  710 1475 2716  726 2010 2075 2722 2011 3263   67  122 2891  845 2887  532 1622 3120 1014 3190 2079 1474 1974 1021 2995 2870  515 1481 1229 2407]
[ 497 2679  698  425 1702  471 2247 2191 2200 1472 2260  987  995 1270 1100 2706  303 3191 2402 2236  488 1863  832 2454  879  846  409 2432 1342 2101  861 3110  199 2527   49 1112  201  988 3047 1399 3131 2502 1882 3250 1402  746 2213  877 1915 1119 2087 2228  671   75 3023 1902  527 2931 1325 1610 2678  270 1972 1626 1419 2298 2205  521  419  819  596 1126 2113 1723 1367  966 1756 2383 1673 2437  541 2076 1225  480  354 1371  294 2091  542 1983 2066 2928 3202 2487  366 1194  480  859 2074 1721  219  295 2372 1392 2992  851  884 2245 1708 1341 2951 2775 2394 3003 1214 3165  329  540 1828 2253 2511 1153 1583 1089  354 2005 1572 3313]
[ 333 3288 2110 2992  664 1436 3312 1327 1346 1805 2104  221 2836 1524  218 2188  960 2114 3281 1968 1852 2260 2270  437 2071 2053 3165 1586 2686 2568 1407   25 3019 2569 2171 2902  616 2459 1997 2243  587 3315 1885 1499  469 3296 1461   97  722 2582   32 1638  995  327 1020 1521 2019 1143  575 1367  291 1080 1061 2898  727 1166  853 2827  568 2025 1226 2007 1258 1798 1135  336 1902 2981 2897 2010 3270  210 3068 1648 3228 3253  379 1227  837  657 1030  818 1679 2347  244  243  203  553 3230 1705 2126 1380 3241  964 2453 1139 2371 3011  797 2603 2149 1732 3063 2788 2243  845 1076 1753 1557 2351 3136  512  994 2321  433  968 2801  682]
[1204  865 1866  176 2787 2079  509 3216 2239 1423 1494 2423 1513 1778  873 2521 2319 2711 2982 3058 1749 1073  883 2927   79 2905  909 2730 1713 2608  211 1509 1648  249 2307  496 2498 2136 3274  230   37 3051 1428  940  400 2699 2636 2420    8 1413 2223 2486 1518 2374 2847 2297 1041  389 1622 3247  202 2829  704  972  588 2659 2080 2002 1164  526  997 2055 1645 2338 2878 3208 1766  538 3310 2134  993  160 2819 1489 2490 2173 2020 2198 1043   52 1398 2280 2429 1927  577 2666 2657 2322    7  159  401  144  981  553 3057 1364 3183  481  435 3230  659 1574  846 2446 3281  762   55 1381  436 2103 1221  844 2831 1110 2318 3311 2258 2018]
[ 668 2130  725  297 2171 1631 2277 1106 3058 1002 1379  578  435 2757 1886 3153 1590  776 2818 2878  164 2061 1395 1247  112 2137 1867 2321 2551 1357  266 1375 3157 2185 2344  449 1222 2047  728 1276 1125 1753 1056 1465  378 1350 2060 1637  991 2406 2416 1943  784  677 2507 2737 3048 2986  390 2758  738  921 1411 2118 2707 1665  443  798 1143  502 1486 1180 2506 2405 1816  563 3123 2252 3211 2690 2593 2161  450 1504  776 2196 1804 2841 1371 1888 1225  141  660  944  380  308 2803 3007 3323  401 2241 2024  716 1726   18 2877  417  113 3232  451 2800 2582  469 2648 1011  497 1190 1706  500 1270 1245 1393 1518 1421 2071  324  623  146]
[2108  953 1726 2664  882 3238 2671 1698  846  627  421  745 1592 2057 1252  231 2511 3277 2798  679 1329  950 1703 1164 1514 2914  198 1990  958 2533 2185 2248 1327 2848  194 2672   83 2492 1668 1615  628  257 3277  971 3137 2602 2256  873 3178 1758 2459 2159 1255 3200  469  305  440 2375 1815   92 1756  536 1151 2587 2640 2281  574 2864 2281 1625 3103  420 2230 1649  829 2174   25 2582 2584 1307 2728  513 2075 2648 2561 1566 2895 2033  292 3325 2516 2369 1028 1263 1320  328 2073  512  236 2068 1358 1520 2227  158 3271 2978 2523  553 1657 2556 3264  451  237  651  972 2967 1981 1776 1691 1732 2606  423 1581 3295 2817 1506 1447  959]
[2673 1599 1994 3198 3164  486  958 2455 1435 1464 1659 2158 1991 3309  609 2973 3244 3266  924 1704   36 2219 1079 2162 2490 1522 2984 3104  425  181 1377 1384  847 2160 2207 1277  759  413 1875 2825  511   52 3082 1470 3233 1658 3172 2152  271 3015  976 1460 2368 1511 3227 2574 2902  474  171 1959 2171 1888 1082 3146 1515 1373 3118 1481 2023 3081 1907 2349 3087  401  717 2471 2833  566   65   93 1616  425 2620 1421  853  951 1698 2069 1947 3048 2431  517  982 2820  344 1374 1813 2233 2966 1101 2030 2797 1715  874 2299 2765 3022 2427  543 3074  294  874 1517 2710 1821 1345 1979 1071 2620 2827  863  457 2690 1240  611 1222 2514  241]
[1821  700  794 1787 2315 2860 3147 1913   15 2613 2417  899  627 3248  343 1018   22 1769 3311 1329  273 2369  799 1617 3146 2298  429 3224 2153 1362 2523   46 1125  148 1815 2212 1092 2571 2913 3123 3137  826  506 1215  533 1966   85  960 2248  174  242 2571 2883 1379 1707 2536 2985 2688 2150 3301 3060 2672 2990  960 2319  349 1326  443  104 1811 1479 2271 1196 1277  834  985 1317 1900 3224 1727 2013 3111 2079 3289  354 2964 1627 1912 3233 3206 2219 1638 1414 2921 2027 3046  678 2734 2891 2961 2401 1424 1441 2334  326 2159 2082 2755 2251 2930 1452 3038 1178  579 1126  351  341 2866 2044 2407 2903  855  386  491 2900 1778 2043 1498]
[2190 1534 1613 1339 2198 2928 3154 1686  257 2921  675  706 1535   39 1063 1576 1558 2374 2391 2711  493  161 2663 2268 3161 1556  327 2571  361 2445 1678 2351 2864 1880 2752 1005 2736 1287 2776 3013  486 2701  366  137 2911 1276 2995  584 1140 1064  777  677 2272 1092 2455   28  890 2848 1168 1255 2721 2210 2895 2516 1149 2532  420 1418 1573 1389  685 1333  966  877 2959 3135 2674 1236  757  221 1070 1842 1932  286 1742 1829 3278 1982 1608 2837   47  290 2457  705   25  702 2908 1352 1668 2293 2163  850 3250 1367 1294 2223 1062 2214 3074  864 1718 1343   35  275  788 1403 1619 3072 1208 1288  731 2895 3177 1674 2033   70 2034  388]
[2088  471 2596 3261 1375 3234 3196  807 2574  895 1823 1942 1902 2977  290 3121 1865 2912 3119 1797  106 2254  601  849 1188 1041 3083 2747 1846 2341  905  778  894  723 3000 2528 2024  932  374 2705 1301  646 1889 2014   54 2357 3123   37 1628 1980  404  335 3054 2345   51  278 2089 2621 1452 1858 1916 2761 1206  675  637 1423 2860 1626 2577 2360 1009 3273 2446 2455 2272  544 1816 1916 1393  149 1689 1912 2855 2794  285  678 3231 2198  931 2783 3248  648  126 3282  899 2260 1804   14 1080 2388 2058  301   56 3204 2211 1239 1394 1954  612  418 2510 1206  223 1651 2897  800  523  342  731 1386  389  108 1789 2093 2574  729 2765 1246]
[ 275 1687  605 1000 2450  914 1450  793  320  732 1551 1779  735 3266 2806 2797 2344   22 1198 2712 1830  751 1444 2786 2175  550 2753 2107 1225  463 2642 1774 2623  974 3226  176 1031 2687 1672 1055 2956 1937 2884 1634 1549  746 3129 2422 1911  183 2255 1394   33 2398 3013 2801  583 1167 1793 2748  859  231  473 3044   89 1254 1771  774  755 2949 1370 2605 1366 2124 1510  600 1909  491  880 1726 1117 2514 1412 2782  412 2349 1082 1470 3119  206 1241  175 1966 1700  440 1338 2161 1371 2548 1694 2301 2110 2515  241 2418 1587  633 1654  660 2527 2108 2219 2015 2702 2031 1742 1356  614 1255  323 2085 2365 2742  464 2006 2583  616 2718]
[ 673  430 3315  832 1192 2885 1239  346 1090  541   71 3102 1361 3223  299 1095 1457 1852 1317 3249 1425 2762 1839 1030  303 2682 2169 2701 1346 1450 2642 2667 1015 2388 2725 1634 1461 2937 3170 2251 2096 1763  712 2800   44 1778 2702 2760 2501  524 3064 1122 1465 1065  612 3197 2754 3063  512 2297 2422  391 2846  717 3277  284 2485 1275 3166 3033 2029 1485 1333 2583 1729 2591 1228  357  175 2456  576 2291  240 2441 1673 3264 2573 2947 1056 1001 1529 2830 2464 2825  981 3276 1589 3019 1151  612 3295 1349 1570 1602 3292  205 1524  641 2902 1104 1950 1833 2976 1256  953  641  849 1528 1452 2583 2856  511 2877  309  864 1816 2509 2727]
[2925 1799 2731 3041  462 1216 1389 1655 2711  561 2587 2576 2467 2446  362  210  941 2809 1031 2788 1700  802  306  276  600 2041 1841 1158 2057 1583  756 2191  889  435  687  613    0  596  328 1116 2695 1368 1794 3026 3053 3047  621 2168  469 3023 1241 2780 1798  884 1947 3260  349 1197 3286  848 1193 2664 2904 2839 2362 2201 1614  335 1953  829  967  896 1171  335 1404 2591 1693 1972 1788 2055 3026 2647  516  304 3221 2597 3059 2735 1142 1035 1309   12 2243 2479 2151  805  861  579  690  920 2404  436 1405 3291 2007 1670 1996 1644 3129  999 3185 1968 1559 1913   78  655 2509 1710 2425 1926 1104 3241 3246 3238 1961  528 2413 2316]
[ 357 1867  767  846 2721 2609 2250   61  970 2555 2404   27   61  492 2232 1114  216 3011 1887 3084  104 1707 2228 1707 1404 2965  692 2133 1894 2258 1195  607 2737 1409 2839 2653 1970 2447 1340 1058 2368  483  899 3134 2093  827 3110 3038 2707  105  678  928  905 1444 3260 2847 2823  440 3070 2251  976 1458 2971 1287  645 3206 3202 2986 1874 1958 1921 2052  641 1375 3245   88  714 2815  830 1242  144  210 1318 1454 1007 3219 1309  102 2241  222 2429 2612 1681 2070 3189  568 3326  521 3260 3063 1973 1025 1247 2738 2294  418 2933 2137  459 1481  141 1662 2477 1648 2644 2238 2908 1530 1821  325  298 1305  882 1102 2031 1271 2460 2825]
[ 355 1861 3295 1574  230 2036 2326 1282 2852 3246 3024 3314 3303 1191  964 2342 1305 1506  176  932 2439 2489 1773 1062   91  238 1068  506  391  128  928 2682 2479 2192  524  136 1261  478 3208 2946 2077  718 1758  498 3189 1111 2987 3285   92 2333 1710 1291  986 3116 3133 1783 1418  508  984 1229 2234 2287 2759 2881 2564  871 3000  472 2329 2749 2933  327 1923  713 3103 1817  623 2407 2636  734  669  997 2605 1320 1049 2623  800  203 2207  274 1609 2190  482 2991 2224  447 3232 2235  609 1499 2007 1457 3153 1734 1854  658 2208  145 1854 2032  589 2298 1687 3108  308   12 2353  504 1497  427  481  602  517  618 2119 2762  716  931]
[ 578 1159 3183  890 2760  813 2977  992 1290 2621 3049 1550 2911 2991 2386  777 2424  620  404 1389  987 2408 2366 2948 1229 1361 1454 3006  757 3322   39 2340  224 3256 2449 1252 1149 1659 1608 2142  447  710 1723  537  526 2257  996 3185 3278  284 2586 2630 2903 3133 1214 1508   39 1651 2164 1502 2030 1941  557 3168 1183 2983   41 2205  922  853  375 2978 3187 1158 2962 3176 1463 3196 2914 1825 1362 3280  647  218 2414 1639 2658 3120 1341 1269  401 3108 2679  499 1287 3125 1142  311 2040  838 1481 2702  154 2144 2680 1384   16  922 1322 2462  435  162 1584 1680 1102  951 2915 2510  827 1952  194  686 1720 3292 1872  955 2733 2140]
[ 186 2461 2337 1487 1707 1207 3262 1949  166 1013  343 1277  133 2827 2614  519 1683 3162  152  454 2778 3040 1858  423 2728 2869 1032 3262 1127  822 1089 2270  237 2096  877 2843 1282 2112 2054 2436 2253 2997 1195 3027  966 1720 1870 1723 2216  775 1769 2962 2873 3202 1777 1125 1304 3247  504 1290 2189  939 2367 1423 1975 2513  211 2595   91 1606 1306 3142 2473  864   62  704  383 3028 2683 2441 2177 2265 2272 1705 1697  916 2515  949 1010 3123  877 1195 3062  751 1212 2074 1912 1618  524 3141 3047 3070 2777  838  518  735 3221 3298 2926 1460 2617  651  549 2750 2788 2969  733 1769 3064 2868 2006 3210 1828 2049 2100 2380 2859  929]
[2638 3224 3029 1701 1320 1324 2339  165 1477 3023 2322  876 3000 2509 2364 2449  805  745 1273 1245 1130 1089 2785 3005 2206  787 2438 2260 1652 3239 2302 3315 1086 2801 1626 1563  905 2800 1709  862 1620 1193 2889 2891 1657 2303  570 1768  955 3278 3001 1344 2692 1904 1186  815 1904  384 1753  162 2563  627 1715 2415  760 1730 2973 1492 1546 1241 1184 3283 1160 1006  897 1907 1960 2637 1179  690 1195 1479  544 1458 1302 2003 2720 2363 2643 2527 2977  841 1252 2163 1187 2092  105  616   61 2351 2491  503 1304 3151  282 2228 3278 2338  122 1122   47 1370  479 3129 2629   48 2683 2026 1496 1639 1206 1061 2558 1524 2515  256 2309 2572]
[3262   22  123  486 3267 1667 1481 2148 1104 2580 2875 1180 3038 1548  381 2318  515 2170  451 1529 1514  179 2363 1865  295 3303 2555 1239 1344 2972 2648 2120  330  562 2724 3114 2767  938  257 2426  992  315 1250 1452  509 1945 1540   94 2313 1863 2222   87  407 1566 1669 1091 2852  273 1722 1689 1170 1635 2528  589 2608 1885  213 2285 3225  650 3097 1773 3300   95  976  180 2419 3278 2284 1685 1556 1422 1219 2276 3150 1879 2463  872  871 2006 1309 3239  691 1108 3168 1555 2594 1177   89 3070 1500 3007  775 1622 2023 3025 2768 2174 2039  749 1614 1939 1474  742 3276 2407  215 2746  566 1575 2266 1406  814  705 2397  269 2721  272]
[2984 1190 2529 1524  674 3065  138 1976 3153 3150  593 2187  397  322 2593 1660  117 1901 2802 1439  831  387  175 1631 2431 2818 2144 3206  351 2274 1815 2232 1742 2413  425 2828  391 2677 1735  964 1780 2762 2173 3283 1665 1947 3223 2880 2507 1872 2561 3243 3265  235 2123  108 2600 2674 1527 1422  304 2843 2927 3223 1760 1393 2295 3004 1118  512 2428 2631 2607 2896 2957 2654  239  398 1302  633 2786  683 3000 1546 1898 1279  483 2268 1489 1912 1912  955 3219 2663 1705 2656 2508 1490 2554  978  764  767  153   38 1154 1352 2326  946 3006 1005 1398   18  514 1837 2999 2868  471 2982  539 1656  668 1095 1099 1840 2246 2849  724 1450]
[2315 2529 1251 2683  868 1600   84  248 3109 1779 3280  102   12  240  819 2031 3213  258 1913  180   13  943 3105 1513 1190 2968 1815 2662 2500 2869 2941 1420  398 1580 3237  201 2430 1505 1222    4 1854 1664 3281  385  345 1866  949 2344 1983 3130  663 2210 1786 2719 1602  596 1168 1774  801 2394 2831  573 2082  677 3002  730 2700 1179 1926  997 2996 1743 2380   91 3038 1609 1412 1004 1353  638 1100 1490 2135 2360  844 3097 2485 2665 1433  949  319   12 2142 2575   14 2594 2270 2747 1530 2927 3276 1599 1858 1572 1745 3271 1633 3290  682  683 3309 2901  832 3254 2256 2965 2666  349 3076 1000 2238 1651 2218 1263  957 1211 1559 2819]
[  38 2000 1153  466  970 2006 2902  707 3035  540 1775 1097 2644 1509  796 1899  692 1325 2114 2349  187 1731  873  114 2336 2377 1372 2845 2478 3313 2603 2635  787 2868 2761 2595 2654 2993 1557 3197  376 1410  439 1422 2508 1256  795  264 1596 1496  595 1742 3297 1692 2129 1576  880   67 1836 3158  213 2389 2891 1226 2343  882 1840 2043  550 1514   15  438 2296   97 1752 2861 2162 1034 2644 1251 1458   51 3104 1039  423 1879 1058 1639 2198 2099 1046  275  336 2140  672 2000 2712 2944 2797 2487 1552  649 3234  855  439 3056  988  342  712 1596 2834 2538 1618 1684 2959  384 2622  874 2831 2783  429 2110 2500  264  384 1822 1340 3252]
[1652 2435 1594 1561 3045  841 2248 1049 1214  606 3205 2122  341 2109 2299 1822 2621 1866 2698 3276  440 3051 1669  790  354 2719 3014 2488  795 2306  789 1318 1295 3233 1777 1615  217 1411 3267 1304 3049 2374 1502 2756 3253 2295  164  695 3293 3239 3319 2157 2338 2249 2212  520  111   85 2387  464 1026 1001  886 2675 2149 2179 1564 1617 1190  297 2587  799 2349 2381 2723 1708 1255 2201   32 2960 3010 1883 2639  827 2563 1788  856  241 1896 1568 2301 3169 2850 1324 2804 2204 1145 1162 1666 2824 1450  736  867  113 2182 2379 1744 3089 1169 1033 2398 1444 1940 2151 1363 1003  394   72  424  795 1806 1204  308 3027 2397 3261  768  861]
[ 201 2478 1506 2522  972 3220 2705  704  172  337 1610  109 1281 1664 2382 1878 1903  677 3149  688 2981  774 1811 1844 1737 1354 2473 3302  399 1437 2365 2956 1979 1935 1342 3296  198  373  904 2851 2609 1934 1040  236 1422 2521 2442 2140 3263  847 1875 1093  312 1335  407  950 1939 1319 3270 2269 1069  854  224 1804 2375 2525  234 1143 2044  277 2249 1968 2323 2496  557 1356 2105 1265 1547 2178 2619  990 1093 1771   49 1508 3100  940 3082 3250  143 2549 2526 2680  825 1809 2705 1940 2216  650 2131 2224 2329  470 1515 2944 2891   48 1222 1186 3086 2009  738 2320 2276 1458  663 1235 3242  141  565 3210 1241 3162 2300 2116 2863  227]
[1978 2220 2645 3060 2851 2160 1198  158 1154 1665 1499 1682 3018 1350 2741 1925 2743  958 2969 1626 1134  868 1967 1919    3 1631 2157 2655 1875 1897 1685   86 3142 1514  802  969 2913  307  377 2085 1787  865 1721 3179 1664 2389 3164 1663  440 3169  794  624  308 3276 1534 1137  964  565 2981 1559  377  389 2378  193 2265 2232 2110 1326 2774 2911  441  123 1483 1854 1133 1953 2706 2583   65  279 2527  887 2621 2593 1395 2014 2215  254 1862  182 2594 1755 2390 1494  956 2678 3259 2502 1595 2384 3282  259 2648 1579 1637  144  726 2169 1107 2161 2938  908  339 2128 1907  789 2030 2441 1390 2306  684 1232 3278 2929 2112 1343 2540  795]
[1841 1883 2106  831 1949 2709   74 2023 3016  871   97 2139 2762 2537 3030 1484 2990 2633 1819 2617 2409 1494  992 1630 2970 1000 3082 3036 1429 2801 1370 3324 1922 2961 2028 2288  201 2890  767  847 2346  993  437 3035 2606  919 3150 1103 2985 1981  970   95 2425 1157 3178 1316 1107 2608  198 2678  780 2806 2528  151  650 2474 2344 2009  601 3299 1197 1553 1278  215  644   69  871  979 3310 3275  130  804  229 2157 1586 1512  131   20  724 2330 3324 2644 2523  905 1582 2959  279 3158 1320  447 1577 1577  962 1144  695  886  473 2953 2250 2607  390  263   21 1789 1565  328 2962 3007 1754 2891 2444 3299 1879   84 2036  436 1886  771]
[2151 2125 2834  983 2598  328  291  422 3177 2833 1792  818 1688   97  494 1323 3317  793 2015  915 2805  347 1979 3208  223 1720 2064  452   95 2308  235 1677 2438 1505  795 2797  225 1436  307 2057 3301  968 2434 2595  328  430 3321 2324 2000 2472 2352 3163   87  445 1663  470 2548 1599 1757 1504  414 2563  226   50 1881 1445 2693 2034 1617 2812   86 2296  533 2029 2388  883 2646 1203 2350 2070  676  331  178  683 2454 1240 2168 1436 2103  455  698 2057 3014 2895 1219  586 1097  384 2940 1877  731  536 1782 1384 3177  503 1504 3298 2503 2041 2965   14  969 2924 2067 2510 2433 1700 1815 1473 2356 2963   81 1084 2705  134 2388   62]
[1223 2932 1236  175  900 2679 1344  315  943  424 3027  912 1005 1354 1854 2661  150 1708 2387 1171  897 2283 2846  870 2327 3047 2073 2489 1293 1680  442 2768 2611  383  912  763 1251 2490 2680  431 1137 1112 3012 3123 1042 1381 2785 2109 1734  228 2313 2675 2054    3 1310 2947 2004 2567 3162 3104  938  357  998 2837  596  133  802 1205  835  409  422 1812 1444 3029 2776  733 2700 1577  899 3326 2995 1079 1507 3153 3248  480 3069 2739 1486 2078  972 2952 2983 2418 1665 1952  956  653 2270  802 2481 1316 2740 2047   27  435  907 2392 1295 1736 1007  702  933 1297 3320 2186 2270  439 1116  380 2124 2317 3157  477  282   80 1607  562]
[1123  774 1356 1024  441 3260 2968 3142  552 2987 3124 1012 2408  375 2161 1186 3109  530  627 2787 1518 1755 3258  631 2043 1114  705  365 1302 2278 2703 2611 1853  156  145 1566 3167 1203 2765 1917 1845 2752  422  175 2597 2510 1832 2878 2371  391  291 2342 3096 1646 2044  138  841 3244 2410 3250 1964 1034  698 1640 1957 2335 2367 1091 1907 3036 1201 1338 2735  363  501  881 2143  994 1131 1243 2863  310 1007 2715 2227  411 3160  162  892 1023  855   42 1760 1045 2736 1256  661 2255 2287 2524  912 1100  400 2238 2987 3190 3096  340 1332  544 2825  955  352 2657  643 1526 2909  145 2927 1699  753  146 2340 1003 2207   96  354 1244]
[3086 1778 2826 1614 2119  581   67 2324 1384 1367 2777 1235  722 3057  569 2928  474 2494 2257 2281 2570  532 2765  615  418 2951  233 1562 1280 3264 1976 2822 1242   49 1023 1910 2367 2370 2067 2331 2799 2118 2470  391 2120  458 1414  542 1421  526 2806  903 1845 2821 2992 1532  429  852  414 3120 1120  663 2869 2341 2781  588 1290   89 2928  936 1575 2586  224  883 1903 1009 1104 2336 3122 2490  741  966 1219 1857 2392 2859  620 2478 1824 1952 1461 1353 2339 1284 1935 1822 3106   23 2719 1908 2560 1832 2861 2269 1195 1371 3096 2369 2488 3213 1204  470 2305  679 2832  785 1606  843 2184 2937 1886 2188 2482 2210  273  840 1664 1081]
[ 323 2826 1079 3221  653 3277 2751 1877 2243 2569 2327  751  782  973 2360 1139 1342 1911  829  481 2413  320 1458 1416 2130 3272  896 2153  260 2449 2094 1270 1479  346 2407   10  488 1823 3000 1534 2013  666 2847 1492 1982  474 1135 2278 1992 2367 1438 2029 1906 3307 3120 1069 3189 1716 2087  987 2627 2736 1852  930 2066 2730 2384 1604 2583  254 2006  110 3056 1501 2492 2488 2418 2985 2422 2382 1839  128 2103 2070 3036 2754 2177 2304 1751 2902  541  443 1513 1297 2316 1818 1817 1784 2034  382 1318 1886 2223 2727 1066  137 1820 2902 1216 1055  488 3015  862 1526 2220  483 1381  803 2311 1177 1924 1822 2080 1611 2717 1274 2144 2301]
[ 203  177 3118  510 2306 1695 1381  337 1929 2053 2049  817 2729 2728 2838 2056  989  649 1895 3211  380  288  135  500  515 2496 2974 2588 1065  208 1853 2533 2530  202 2810 1875  453  663 1419 1821  560 2339 2913  980 1587 2691 2666  950 1699 2580 2546 2221 2207  175 2498 2246 2242  673 1135  188  257 3161 2873  291  782 3032 2905 1961 1953 1040  127 3278  630 2078  585 1462 3018 2632  886  445  506  538 1737  624 3009 1213 1806 3065  909   34  348  187 2571 1491 1941 1661  570 1501 3261 1845 1277 2556  769 2013 2094 2115 1714  834  955 3306 1331  117 2311 2212 1845 1878  497 1418 3129 2916 2015 2448  474 2962 2961 1233 3285 3095]
[2238   62 3056 1581 1099  328  922 1229    3 1973 1168  289 3128 2330 3296 2698  533 2354 1788 1278 1529  925 2133 2430 1145  396  773  321  364  174  114 2126 3287  991 2495 3037  732 2340  186 3209 3168 3027 1005 2108 2473   20 2322 2030  905 2176 2613 2578 2767 3304 1759 1146 2560 3069  330 1291 1726  549 1517 1675 2925  405 2736 1207  600 1709  753 2755 2641 2581  714   65 1244 2848  943 2298 2760  423  990  590 3292 1603 2882  730 2933  232 1591 1586 1511 1363  510 2480  642  104  172  961 2930 1519 2928  994 3072 2930 2891 1120  701 1092 2224 2065  103 1087  526 2186 1999 2597 2945  872 2649 1052 2105  600 3175  788 3083  898]
[1091 1251  423  229  934 1556 1580  343 1768 2545 2377  310 3302 1452 1729 1387 2861  107 2034 2947 2825  896 1129 2014 2277  381  422   46 3302  219 2223 2390 2535 1737 1175  837  402 1433   26 1116  368 1432   34 3229  466 1736 1307 2869 1282 1045 2317  914  583 1448 2543 3196 1455 2074 3087 1488  924  981  785 1524  820 3034 1763  675  654  530 3167  295 2585  252  872 3120 3190  408 2357 2846  514 2556 1094  520 1833 3309  653 3046 1471  540 2862 2080  916 2853 2125 1886  872   65  977  190  401 2626 3078 2631 1002 3077 1326 1200 1729  678 1252  708 1574 2312  254  541 3306   17  383  865 2509 2062 1993 1595 1042  700   58 1240]
[2344 1307  978 2132 1073 2826  469  810 2314 2019 1775 2414 2612 2589 1047 1258 1069 1091  734  972  884 2551  662  880  161 2370 2240  389 1713 3144 2558 1596 2132 1628 1970 2097 2692 1684 1366 2009 2821   29 2470  264  770  738 1747 1155 3231 1344 2197 2916 2107 1388    2 2148  333 1567  282 1019 3170 2057  298 2617 1212 1013 1717 2623  632  485 2258  812  556 1866 3237 2893 1730 2821  233 3018  798  630 3052 1868 3239 1104 1453 2360 2574  197  678  524 2710  821 2618 1877 1973 1149 3137 1458 1109 2956 2094 2778 1816  634 2308  566  546 1704  333 2962 2045   40 1919  848 2231 1944 1761 2992  464 1409 3115 2588 1547 2316  353 1925]
[2410  299 1235 2190 3318 2338  590 1774 1851  715 3253 1077  995 1264 2988 1909 1637 2891 1103 1127 1988 2503 1700  245 3173 1624 3251 2291 2491 1754  873  780 1558 2318  741 1874 1656 1950 3078 2421 2737 1278 2749 2501 2160  127  283 3050 2452 1409 1592 1703  898 1243 3151 2756  413 3071  896 1939 2556 1647 2442 3034 2025 1085 2823  319 2687 1512 1824  144 2891  743 2305 2089 2756 2091  579 2551  955 1788 1199 2005  336 3134 2882  410  188 2756 2893 1442 1214 1423 1127 1636 1068 1199 2515  330  587  936 2723 3325 2836 2932 1917 1722  929 2393  796 1772  841 2336 2123  402  951 2403 1407 1765  425  287 1194  119 3281 2144  135 2348]
[ 634  740 1516  256 3155 2185  204 1397 2788 2332 2983 2609 2777 3161 1575 1303 2212  912  240 3306  396  269 2380 1209 1071  175 1056 2243 1364 2400 1788 3105 3213 1291  541 1709  144 1183 1639 1450 1618 2329 1303 1910  288 1904  230 2490 1226 1661 1774  566 1671 3092 1530 2352 2538 1243  381 1628 1621 3170  811 2105 1818  461  502 1219  956 2214  528  731  748  137 1625 2781  244   12 2900 1281 2034  180 3117 2941 1477 1976  469 2516 2086 1087 2385  852 2956  339  503 2804  571 1160 1005 1080 3307 2079    3   18 3073 2610 3039 1207 1053 2494 2523 1233 2727 1340 1278 1294 2593  964 2153 1922 3092  603 3087 1418 2878 2926 3099  717]
[ 192  634 2968 1412 2940   11 3305 2717 3307 3194 2260 2774 2954  177  714 3199 1149 2009 1769 2598 3300 1227  550  240 2437 2032  557 1042  903 2980  482 2597 3079  243  299  399 2218 2536 2448 1289 2501  828 2751  174 1814 2857 3041  750 1408 1049  645 1663  714 1453 3243 2637   67 3321 2302  654 2861  673 1645 2539 1037 1030 2722 1025  705 3198 2011  173 2668 3055 2892  268  770 1623  115  377 1734 3025  855 3284  454 2864  220  165   38  850 1285 2592 2421  730 1067 3119 2466 3222 1804  779 1266  175 1416 2630 1125  551 2524 1849  107  719 3050 1036  940 1290 1902 1156 2882  356 1994 2167 2173 2759 2928 1224  299  971 2261  829]
[ 547 1453 1460 2133 2507  693 3265  184 2316 1669 2006 2838  876 1745 1871 3304 1621 2625 2407  508 1485 2498  730 2807 2015  781 2654  705 1183 1396 2188 3131  217 2367  809  365 1865  231 1852  441  882 1347 1433  297 1854 1860 1083  389 2497 2761  148 1600 1378 3173  889 3250 3028 2168 1500  164 2264 1222 1989 1192 2466 1038 1453  732 1746 1170  359 2995 1898 1208  266  306 1253 3149 1473 1454 3195 1287 2348 2928 1304 3175  189 2980 1676 2968 1678  846 1449  261 3024 1587 1996  283 1268 2559 2526  233 2335 2899 2950 2814 1828 1974 2044 1609 3285 2234 2532  120 2740 2732  444 1844   78  669  144 2337  464 3000 2890 1619 1323  134]
[1309  762 1030 2054 1747  186 1700 1190 2208 1758 1460    5 2684  633  621 2329  907  983 2212  733 1383 2988  771 2753 1826 1778  594  936 1813 1460 2591  343 1143 2378 1733  880 2999 2343  891 1271  526 3314  451 2485 3054  844 2647 2914 2311 3204 2986 3252 1227 2871  657 2233 1882 1805  277  554 1511 2255  866 3103 1706 1212    3 2618 1154  893 2788 1418  357 2618 1358 2635 2694 2701 1738 1186  800 1989  888  868 3305   81  988 1460  679 2102 1161  560 1593 1039 1348 3007 2989 1930  760  963 1246 1574  844 1733  594 1857 1199 2589 1123 1317  761  259  167 1975 1392 1119   22 2067 2837  550 1066  991 2783 2290 2227 1227 1681 1013]
[1017 3321 2423 2651 1640 3068 2979  904  510 1328 1418  869  926  602 1072 2014 2436 2398 2393 2884 1915 2080 2139  319  954 1545 2498 2015 2562 1030  244 1242  207 1599 3151 2480 1680  965 2804  382  287  624  185 1318 2030   18 1634 1709 2926  132 2066 2377 1154  218 1216  903  467  378 2804 2355 3310 2792 2676  795 2737  517  833 2756  133 2942 1811 1254 2679 2246 2063  783 1954 3153  235 2950 2924 2066  149 1186  211 2093  374 3125  180 1907  337 2967 2748 1360 1899  509  400  394   65  737 2889  762 2180    4  574 1453  527  215 2934 2109 3229 2871 1313 2280 2879 3316 2141 2467  115 2383 1881 2805  813  603 2297 2039 2065  164]
[ 695   65 1283 1607   50 2424 1991 1761 2688 2785  727 1294  432 2506 3306  517 1111  940  131  705  808  391  262 1957  614 1058  421 1499 1674  136  129 1998 1519 2437 2845  557   65 1629  729 1745  147 3159 1055   78  289  532 1645  353   69 1512  788 2203  992 3207  984 2923 2464 1356  468  690 1157  513 1746  720 1752 2202  935 1189 1799 1998  561  266 2388 1944 1243 2235  563 2878  384 1640 1101 2657 2348 2849 2754  958  932 1528 1295 1372 1149 1125 2499 2657 2501 1048 3150 2359  232  370  509  307 3177 2986 1040 2219 2180  400  151 2096 2051   15 1923 2671 1434  795  528 1195 1044  255 1944  729  957 1154 1361 1918 2208 3227]
[ 446 1053 3070  955 3011 2414 2842 2509  778 1758 2521 1574 2285 2681 2861  658  262    9 2812 1011 2995 1378  243  954  370 1854 1853  412 1760  699 3135  100 1783 1865 2328 2443 3105  485 1106 2762 1472  269 2105 1138 2316  919 2249 2340 1323  724 3047 1314 1513 1581 1380 2396 1620 2698  227  755 2866 2784 1044  856 1817  248  181 1494 2816  837 2888 2170  108 3085 2129  545  355  615 1499 2513 1811 1184 1550 2727 1196 2627 1482  467 1755 1538  502 2030  305 1953  432 3178 1882  591 2583 1580 1855  928 1708  157 1590   15  593 1725 1719   88 1140 1892 3091 2001  498  642  753 2901 1483 3318 3053 2982 1370 2241  492 2366 1967 1005]
[ 168  677 1370  968 2319 3278 1989 1575 2463 3145 1360 1231 2014  741 3168  187 2264  727 1573   61 2342 1930  492 2305  781 2084  273 2067  639 3299 1153 2166 2003 2618 1077  538 2570 1666 3196 2462 1828 2067 2810 1236 2653  128  928 1721 1148  203  204 2757 2525 3003 2083 1980 2622 3154 1808 2684 2082 3193  378 3181 1811 2106 1439 1355 1650 1808 1786 3128 1637 2254 3170 2107 2908 2161 3057  755  778 1539 2687 2522 2713 1346 2149 1575 1908 2892 3038 2112    1 3007  869 2485 3080 1782  611 1893 1077 2951 3235  702 2427 1475 2532 1850 2559   91 3031  876   72 1902 1198   70 3034 1689  301 2860  235 3193 2267  222   66 2595 1751 1260]
[2743 2747 1163  342 2291 3158 1652  974 1791 2528 1493 2977 3012   75 1526   52 1393 1072  780 1996  950  119 3095  862  732 1287  357  315 2307 1850 1731 2594 3051 2803 2187  538 2028 1621  629  265 1331  158 1701 2661  641 1494 1508  886 1210  382 3047 3026   73 3245  659 1621 2901 2585 1739 2403 1431 2164 2121  823 2310 1314 2026 1203  219 1994  964 1774 1884 2246  627 2092 1701 3289 3143 2164 1483 1192 2950  354 2508  124 1658 2533 2071 2389 2501  501 2839 1599 1493 1189  779 1848 2424 1321  384 1974  951  589  864 2395 3015 1242   41 3155  982 2380 2563 3228 1690 1462 3088  801  692 1023 3098 2638 2622 2609  857 1391 1166 1888]
[2698  647 1441  178  313  163 1333  820 3236 2028 1892 2334  343 2439 1340 1212  555 2795 1736 3139  700  662 1082 1137 2267 1091  356 1642  462 1380 1617  455 2245 3229  937 3314 3329 2124  760 3282 1249 1538 2076  991  146 2644 1769  925 1854 2905 2329 1354  798 1444  784 1333  479 1315 2287  736  173 1303  572 3248 2100 2983  241 1678   26 3171 2832 1970 1694  105 1081 1920   69 2624  708 1826 1579  787 2488  703   63 3015 1392 2227 2156  279  546   23 2616 2477 3275 2721 1786 3141 1686 2190 2381 1680 1794 1729 2802   47 1778 1827 2564 1822 2383  441 2338 3003  820  868 1643 3287  331 2951   33  217 3241 1587 2606  509 1241  731]
[3312  262 2048   25  987 1695  727 2908 3239 3018 3210 1634   21 2404  480 2666  797 2106  236 1152 1794 1227  782 2403   26 1167 2518 1184 2713  707 1045 1588 2700 2604 2344  210  249 2107 1796 1477 1534  718 2226  296 3056 2963 1006 1753 2033 3062 1725 2679  781  871 3138  731 2991  839 1587  538 2324  420 1585  345 1737 1741 1242 1824 3221  291 2362 3256 1539 2858 1978 2430 1967 2073 1918 2582 1634 1014  676 1976 2154 2695   77  660 2869  679 2598  575 2496 1917 2565 3139 2548 2761 2715 3014  272  194 2070 2334 1378  396 2371  251  439 2365 2873 2443 2688 1570  778 1223 2262 2613 2524  416 2015 2420    6  500 2430  622 2194 2620]
[2291 2136  129 1330  291 2097 2620  658 2299 3187 2858 2353 2785 3209  204 2071 2890  180 2082 1951  183 1888  326 1784 2293   21 1332  606 2167 1503  363 3020 2975  661 1545 1390  347 2499 1501  212 2365  250 2677 1236  314 1249 3155 3300 2810 1200 2792 2123 2633 1824  906  622  182 2804  879 3114 1873  514 2630  486 2642 2834 2144 3275    9 2835 2292 1339 1022 3065 1769 1613  754 1117 2381   54 1702 2356  592 2659 3131 1425  951  967  898 3302 1694 2248  785 2925  442 3121 1937 1316  287  690 2131 2292 1235  758 2496 2398 2267 1788 2413 3109 1239 1006  298 3093 1815 1094 2608  660 2359 2438 2147 1416  103  180  252  288 3077 2170]
[2176 3213  788 2111 1397 1141 2680 2606 3031  209 2847 2229  933  604 1765 1821 1924 2577 3106 1205 1884 1819 1993 3165 3121 2179 1139 2657 1115  958 1220 3328 2803 3167 2647 3148  662 2903 1984 3255 1897 1785 2311 3159 3008  574 1076 2862 2634 2062  147  593 1233  453 3223  613 2234 3060 2124 2599 1001 1742 3256 2954 1993 2607  202  239  985 2922  368 2412  538  488 1292 1785  405  541 1697 1387 1302 1667 2645 2840 1313  481 1980  574 3182 1139  400  663 2456  699 2223 2040  186   60 2845 3117  821 3125 1414 1953 2869 2951  977  994  734 2949 2998 1860  956  553 1884  366 1311   58 2646 2027 1952 1752 2537 1669   78 1340 1610  759]
[2890 3229  497 3155  129 1847 1507 2381 1973 1341 1302  421  974  566 1092  991  760 1675 1003   44  225 1562 1064  949  636 1122 3268 1498 2261  330 2328  154 2780 1132 2563 1637 1231 2432  798 2320 1882 1173 2099 3110 2103 1773 3093 2442 2784 2791  502 1651  663 1450  600 3292 1798 3116  330  807 2831 2689 2077 2318 1808 3247  324  986 2029  985 1410 2911 1084 1094  865  357  494 2623  331 2999 3038 2793   57 1111 2999 2110 1726 2676 3092 3297 1275 2081 2948 3292 2844 2432  437  115   39 2150 2831 2829 3286 3233  155 1806 2000 1617  211 3294 1076 2534 1964   70  769 2883  181 1085 3086 1433 1072 2841 1690 2121 1174 2550 1839 2359]
[1028  397 1446  484 2932 1252 2969 1564 1370 3226  134  519 1867 1867 2209 2521 1164  910 1969 3222 3251 2195 2376 3225  866 3318 1526 2947 2943  378 2672  277 2175 1158  732 2180  835  943 1636 1823 2940 1767  481 2138 3056 3208 3242  293  328 1198  529 3235 2953 1823 3104 1930 1115 1920 3268 1186 2806    2    3 1383 2015 1825 1530  630 1052  447 1730 1240 1449 1938  844 2526 2880 2040 2333  982 2076 2035 1807 1888  362  909 2849 3106  821 1194 2728 1828 1160  174 1375 1520 1079 1289 2545 1368  573   20 1801   51 1408 3076 1867 1776 1829 2151 2827  320  617  969  772  910 1805  474 2764 1676 2123  582  829 3135  353  953 1613 2604]
[3048  943 2255 3216 2713 2663 1034  110 1189  206 2492 1745  865 2170 2876 1245   84 2136 3201 1919  922 1170 2620 1668   27 2901 2669 2448 1178 3256 2422 1621  110 1393 1959 1315  206 1542  288 2699  211   36 1198  854  202 2156 1046  998  954 2386 2127  342  178 2032 1325  936 2964 1734 1012 1293  977 2566 3045 1958 1507 1206 1694 1782  343 1917 1600 1867  596 2199 2168   48  134 1002  661 3189   79  616 1322 1454 3155 1991  432 3224  197 2455  912 2787 2369 2626  952 2491 2828 2607 2552 1790 2016 1725 2689 1690 1205 1726  586 2347  294 3246 1826 1117 1282 2378  573 1989 1975 2007  940 2989 1063 1513   40 1293 3282 1022 2972 3187]
[ 914 3077 2800 2146 2382 3189 3126 2187 1645 1047  975 2887 1481  193 2872 2464 1180 2739 1091 1306  395   90 2148  664 3252  195 2315 1957 3134 1892 1770  532 1701 2298 3257 1190   89  138   19 2768 1762 1365 2027  134   19  637 1808 3006  317 1653 2422   10  606 1666 1835  989 2718 1710 1245  416 2457 1402 2984 1837 1138 1638 2705  921  843 2369  651 1951 2860 1271   32  627 1862 2037 2330  700 1266 1379 2546  923 1840 1952 1293 1172 1956 3172 1038 2226 2005 2811 1311  450  575 2546 2431  370   59 2808   93  870  957 2324 2901 1825 2313  433 1893 1077 3298  853 2614  676  204 2001  224 3148  531 1579  329  338  940 1783 2383 2385]
[ 723  565 2291 3029 2483 1723 2595  212 3032 1938 1007 2847 2379  271 2722  949 1034 3024 1935 2771 2115 1762   64 1200  448   15  101 2179  864 2434  152 2626 2073  654 2906 2685 2000 2416   27 1031 1419 3119   47 1965  970  509  430 1776 1852 1888 2158 1637 3085 3232 1671 1228 1842 2519 1921 3131  916 2561 3240 1676  368 2526  698 2323  416 3217 1789  373 2597 2016   46 2399 2136 1391 3004  477 2147  278 2752 2796  308  557 1400  612 2432 1330  937 2169   73 2676 1653 1732 2918 2685 2326 2643 1578 1117 2726 2682  576 2674  303 1127 1462 1228 2838 2318 1689 2055 1110 2131 1490 1677 2896 3058 1853  433  952  321 1674  740 1197 3085]
[3258 3091 2058  242 3288  986 3107 1862 1436 2828 2267  642 2221 1619 3226 1993 2996 3134 2272 2967  412 2217  887 2468 1634  266  230 1636 1510 3174 2497  808 1320 1718 2918 1218  717 3022 1133 1621 1282 2332  633 1610 2935  953 1196  708 2994  733 1423 2319 1339  265  344 2503 2554 2094 1251 1408 1747 3035 1082  518  145 1528 1486 2238 1863 2516  642  346 1406 1968 2380 3204 2069  423 1228 2961  330 3146 2321  709 2956 2727  442  366   37 3158 2304  315 2785 1968 2299  279  553  283  147  210  593 1223 1604 2639  940 2492  847 2155 1892   86 2625 3293  501 2426  628 1263 1295 1107 1894 1887 1644 1241 1029 1157   60 2917 1618  280]
[2662 2348 2724 2062 2214 1793 3261  295 3269 1639 1919 2075 2631  339 2402   36 2343 1054 1631 2246 2982 1197 1107 2665  181 1823   45 1254  597  502  359  719 1425 2995 2035  687 2270  690 3199 2347    0  557 3248 1514 3112  327 1384  576 1767 1707 3297  876 2818 1959 2019  686 1645  986 1993 1117  154   50  380  640 2406 1058  298 3309  467  273   72 1294 2558 1263  659 2242 1746 3183 3099  926 3183 2840  689 1194  720 2012 2291 2883  835  881  475  843 1706  324 2886 2658 1676 1834  336 2195 2068  461 2094 2540 2341  325 3247 2601  971  191  934 2069 1007 2346 1404 2383 1210  276 3207  289 2823 2174 1119 3010 1208 1269 2021 2466]
[2763 2070  240 3255 2719 2530  297 1006 2872  374 3278 1178 3115 1277 1464 2157 2045 1996 2199 2274  113 1300  701   50  836 2244  121   38 1056 2800 1256 2046 2522 2888 1466 1311  250 1521 2790 1938  108   71 1720  884 3307 1036 1414  613 1830   82 2781 1501 2134 1250 2637 1199 2779 2503 2326 2399  391 2097 1918 3193 2759  938 3140 3008 2639  288  612 2696 2376 2296 3066 3169 1629 1841  974 2673 1185  106 2013 2831 1474 1375 1202  880  807 1891 1447 1468 1829  449 1052 1018 2547  701 3141  579 1622  922 1725 2420  101 1509 1939  139 2322  303 2794 2504  130 1964 1547 2929 2859 2704  288 3020 2198 1145 1762  929  977  224 3040  619]
[1573 1417 1777  241 2714 3249 2990 1860 2000 2570 1144 2570 2787 2174 2861 1342 2145 2047  442 2343  472  200 3099 2262  482  735   82 3235  996  330 1360 1516 1366 3277  982 1510 2398 3099 3262  665  448  593 1129 1688 1392  964  205 2453 1081  163 1846 1120 2738  619  931 1888 2966  378  688 2476  895 2354 1912 1746 1389  858 1714 1025  629  144 1387 1141 1576 3118 1678 3031  135  318 3110 3254 2419 2268 2654   71  335 1591 1998 1524 1409  193 1823 1373 2654 2558 2992 2282 3045 1621 1646 1555 1427 2562 1001  197 2241 3158 1089 1640 1430 2899  358  619 1825 1989 1352 3081 2388 2389  219 1820 1889 2330 2599 2072 2122 1370  289 1034]
[1088 2202 2478 3239 3292 1773  352  552   48  351 2201  536  827 1484  735  722 2594 2678  169 2820  858 2158 1488  693 2395 1102  411 2573  955 2966 1298  170 1533 2486 1944  418  409 2305  201 1293 1144 2250 1721 2870 1022 1282 2809   77 2055 2441 1802 2125  668 2558 3281 1744 2079 1676 3169 2402 1602 2021 1435 3084  560 2604 3267  713 1930 1885  960 1766 2537 2913  927 2188  373 2648 1462 1573 1679  755 2337 2585 2244 1446  824 2045 1345 2799 1611 1741  115 3202  363 1716 2560 3325 1078 1584 1859 1094   56 2049 1158 1204 2017 2548 1930 1679 2490 1882  312 2691 2431 2815 1840 2443 2633 3290  515  989 1630 1210 1024 2797   29 2214]
[2106 3250  156 1714  962 3154 2490   95 1258  169 2301 1969 2940 2862 1785  725 1569  696 2637  426 2267 1805 2758 2364  648 2196  376 1360 2097 2202 2310 3264 1088 2615 1399 2942 3294 1111 1258 1683 2410  722  175 2779 1132 2195  996 2401 1143 1337 1378  604 1695 1671 1178  829 2470 2403 1596 2843 2876 2804 1904 2784 3257 1158 3200 1038 2347 2799  622  397  524 1176  270  345 2449  653 2505 3251 1546 2310 3006 2447 2593  809 1947 2651  430 1995  270 2070 2809  113 1775  420  983  257 1744 1290 3204 2670 1374 1698 2280  182 1083 2238  346 1244 1980  471 2815 1169  632  475   84 1702 1770 3091   11 2107 3091 1170 3003 3178  996 2322]
[ 773   27 1490 2037 1273  641 2954  279 2067  980 2214 3152 2179 1322 1424  945 1903 1134 2152  151 2904 3310 3013 2550 1942 2167 2707  657 1546  284 1603 1833 1863  479  603 3082  471  905  243 1917  531 1000  278 2410 1132 3254 1987 2853  321 1298  676  792  911  722 2249 2696 2339 2698 2159 2702 2228  798   21 3250 1494 2806  806 1328 1031 2592 2398  576  351 2799 2395  899 2284 1476 1017 2112 2800 1599 1483 1730 1024 2041  102 2942  721 2715  403  701 2843 2309  747 2031  673  668  538 1607  839 1704 2070 1397  574  642 2028 2166 1090 2091 3091 1019 1105  153 2173 3124  146  600 2450 1806 1266 2722 1134 2668 1278   80 3327  141]
[2937  997  411 2498  707 1321 1662 2677 1912 1534    9 3328  997 1989  794 1626 1302 1105 1967 2187   27 1430 2941 1846  856 1763 2739 1935 1989 2720  869 1808 1652 2251 1376 1814  495 1266  606 1724  158 2686 2524  948 1968 2408  973 1389 1153 2973 1483 3159 2151  769 2378 3225 2296  806  827 1054 3009 1549 2610 1996 1529  613 2468 2691 1657 1652   45 2250 2512  228 1226 1646  182 3205 2026  227 3083  863 2321  927  425   35   77 2544  741  909 1499  614 3109 2356 1591 1967 1420   63 3204 1844  233 3303 2184 1822  177 1348 1348 1076  717 2838 3116 1131   99 1544 3058  601  480 3271 3040  205 2920 2799 2131  376 2503 2633 1839 2960]
[ 993   99 1920  200 1185 1648 2039 2142  814  274 2322  933 1814 2734 1374 2797 3200 1477 3284 1551 1931 1005 1949 2656  113   25  817  435 1366 2597  882  123 2217 2140 2466 2899 1852 1361  500 2151 1928 1844 1800 2232 2656 2799  980 1199 1851 1571 1900  367 1343 1972 2996  585  394  183 1149  182 3028 1632 2517 2075 2298  548 3065 2329 1240   38 1413 1656  191  938 1202  521 1262   97 3042   52   26 1877  263 1863   28 2577 1472 2269  488 1786   25 1329  227  129  850 3181 2650 1672   63 2031  248  330 2667 2462 1810 1954 2806 3057   49  754  940 2237  966 2548 2983   87 2658 2841  557 2292 1122 1067  157 2574 3068 1300   13  909]
[3165 3051  542 1803 2693  905 1383 2853 2457 1518  269  942 3316 1083 2619   33 2793 2726 1155  254 2908  502  669 1998  159  509 2543 3207 1569 1950 1509 2936  319 1466  274  918   32 1082 1037 3101  266 2724 2921  711 2241 1875 3109 2934  400 2522 1414 2237  930 1143 1855 2557 1217  552  294 2889 3035  368  805 1101 1161 1160  343  929 1518 1086   96  119  117 1910 2201 2526 1536   41  648 1542  779 1590 2229  333 2472 3056 1018 1821 3324 1897  739  570 3143 2832 1253    5 3234 2981 1505 2784 1523 1674   18  272  889 3267 3087 1126 2758  973  345 2207 2402 1722 3149  489 1659  585 1244 2760 3302 1708 2666 1531   36 3115 2124  116]
[1594 1930 1956 2470  378 2760 3018 2167   81  616 2571 2144 1466  607 2469 2427  874  636 1396   41  135 2430 2291 3132  273  230 3028  536 2889 2598 3324 2474 1167 1305 2688 1201   18 2777 2272 3022  251  615 1344 1420 1316 2508 3171 1783  542 1314 1348 2786 1812 1146   10  505  909 3087 1460 1486  932 1929 2207  615  457 2248 2711  155  873 3027 3039 2439 2948 2775 2464  794  352 2040 2425 1668 2524 1896 2977  954 2735  551  448 1172 2736 3159  741 2161 3054 3187  290 2819 1097 1718 1155  727 2034 1682  939 1732 1723  875 1502 1903  390 2575  320 3250   36 2251 1919 1174 1116  988  108 2173 3005 2054 1765 2902 1640 2717 1136 2333]
[ 174 2518 1898 2839    7 1167  689  995 1354 2167 2293  743 1277   70  400 1452 2203 2692 2840  638  665  571 2974 1282 1583 2065  489 1981 1755 1691 2826  572  612 3009 2309 1183 2471  507  591  309  808 1530  697 1722  648 1939 1724  389 2558 2444 1721 1311 1268 1280  535  257 1632 2812  963 2087 3250  652 1626 1799 1935 1040 1395 1370 3089 1216  785 2558 1828  829  645  520 2935   21 2485 1464 2619 2494   95 2541 2249 1884 2005 3174 2698 1166 2855  654 3067 1978 2853 3280 3038 1920  488  935 3256 1461 2116 2305   62 2069  760  242 2674 3209 2674 2933 1865 3228  224 1312   86 2787  215  638   81 1741 3035 2505 2158 2572 2679 1946]
[ 878 1234 2334 1342 2027 1712 1095  320 1495 1562 1232 2836 1718 2494 3076 1417  799 2605 1820  959 1396 3272 1389 1209 2746 2384 2628 1720 3295 2447  561 1776 2921  174  982 3027 2101  250 2440 2358  776 2370 2046  100 2151 3045  102 1674  758 1583 1063 1432  622 2236 2525 2378 1323  703 2251 1664 2222 2163 2251 2567 1130  688 1446  509 1009 2175 3210 1254 1607 2182 3210  252 2289 2134  927 2275 1001 1894 2749   96  480 1737 1878 1839 3221 2339 3289  488  410 2785  841 3235  423 2725 1531  374   89 2116 3328 2110 2939  125 2554 1722 1085 1336  351 1525 1174 1015  250 1127  159 1461 2221 1062  834 2447 2462 1710  144 1620  664  792]
[1062 1926 2929 1602 1449 1767   23 2939 1650 1802 1341 2445 2215 2218  494  647 1616 1515 2873 2248 1031 1884  103 2323 3062 3198  565  238 3302  339  629 3183 2868 1338 1187 1293 2498 1218  850  774 2341 1281   68  137 3041 1101 1116  286 1166 1508 1482 3271  174 2155 2113 1528 3231 1775  963  383 1936 2083 2635  454  429  191 3309 2644 2449 1611 2129 1408 1213 3096  549  802 2430 2196  240 3099 2552  149  354  392 1198 2336 1939 1118  267 2206 2249 2085 3300 2308 2888 2595 2810  221  330 1669 1684 2904  228 2178  250 2984  352  933  541 1416  350 2293 2669 1843   22   64 2170  799  818  984 3058  769 1402 1767  601 2351 3232 1471]
[3318 1240 1098   10 2036 2289 2707  657 2951    8 1309 1238  702 2100 2214  960 2328 3115 2746 2992 3120 1844 2107   27 2428 1564 2967   91 1694 2658  849  843  314 1588 1751  607 1773 2554 3062 3171  193 2393 1036 1449  386 3089  451 2035 3210   21 2538 2436 1669 2402 2436 3280 1708 2037 3275 2566 2414 2145 2646 1649  726 2239 2134 2640  400 2837 1813 2681 2251  894 2565 1462 1851 2037 1366  672 2436 2809 1283 1922 1358  117 2801 1221  422 2789  432 1810 1896 3091  597   36  240 1832  831 2180 2184  517 2600 2017 2793  447  537 2829 3028  129  471 2887   10 1827  230 2671 3188  192   30 2372 3241 1815 1573 2921  455 2530 2955 1905]
[1693 3104 2466 1859  247 2918 3129 2975 3038   82 1021  697 1429 1941 2616 1043 2978  118  946  794 1785 3180 1252 2429 1883 2820   79 1780 3309  868 2453  352  851  214 2088 1829 3071   83 3051  836 3294 1457  259   79 1440 2871 1009 1066 1637 1191  847 3209   63  223 2935 3230 1745 2427 2280 2989 1583  177  983 2844 2903  109 1980 3056 1193 3198  401  149 1532 3301 2932 3079 3260 2913 2985 1244 1631  801 2752 1417 2409  569 1667 3094 3086 2125 1392 2513 1496  809 3317  911 3091 1792 1284  506 1751 2118 3025  417 2663 2701 2862 2258 3146  402 3265 3014  781 2900 3026  545 1623 1160  963  485  798 2920 3233  834 2159 3028 1998 2680]
[ 852 1757  808 2063 2714 3240 2068 2377 2247 3017  357 2454  783 1994 1813 1120 3267 1413 1477 2440  954 2894  749 2015  476 2382 1276 2532 1132 2598 2330 2257 2034  412 1471 1520  604 1037 3002 2706   27 1739 2396 1453 2663  520 2835  531  485 2722  207  695 1535 1114 2902 2479   17 2789  374 3176 3206 2100 1827 1650 2275 2673  817 2007 1141 1864  718 1038  466  229 1992  660 1288 2783 2496 2802 1108  232  521 2191  646 1122  983 2154 2467 3329  538  725    8 3159 1383  994 2061  864  325 2358 1865 1115  809 1576  190  116  446 1539  272 2513  667 2816 1094  841  704 1246  265 3194 2229 2086  623 3051 1112 1996  254 2047 3072 2048]
[1392 1342  378 1603  377  164 2870 3143  599 1633 2511 1710 3066 2814 2506 1978 1274  257  603 2606 1563  180 3306  161 3217  178 3310 2736 1923  938  956 1806  310 2689  890 2002  809 1005  652 1436  124  105  638 1120  551 1897  635 1256 2517  643 1066  497 1537 1035  652 1637  117  811 2137 2930 1993 2763 1103 2045 1845  507 1384 2842  901 3223 1061 1157 3057 1738 1357  853 2733 2113  166  426 2542 1335 1916  682 1072 1357 1194  932 1632 1502 2020  977  556 2805 2340 1738 1374 1372 2771 3082  108  493 2283  504 1863 2550 1956 3163  315 2606 2052 2178 2059 2107 2460 2183 1480  505  749 3294 2637  116 1627 2827 2855 1748 1322 2543]
[2285 2593 1555 2655 1497  637 1051 1763 3039  364 2607  453 1232  977  778  994  917 1232  168 1611 3219 2329 1606  457 2522  826  927 3026 1544 1890 3052  110 2444  759 2280 2443 2170  867 1088 2351 2508 3166  637 1788  495 1571 2554 2969  202 2778  961 2637  383  332  115 1237 2650 1084 1013 3255 2244   71 2963 2975 1564 1007 1018    1 1630 3035 2727 2383 2674  659 2415 1818 1564  171  193 2018 2751 3327 1000  680 2338  337 2877 1437  421 1632  640  123 1832 1974 1064  636 1025  879   73  979  872 2912 3017  524 2528 1568 1431  786 3111 3201  828 1831  409   65 2466 3118  800 2746 2190 2687  567 1595 2566 2950  586   46  584 2918]
[ 686 2669 1006 3248 1722 2278  237 2133 3026 1923 3257  145  717   33 2824  803  633 2794 1226 2284  982 2301 2948  832 2263  810 2453 2580  140 2060 1191 1966 3231 1494 2610  558 1770 1347  869  667 1879 1290 1568 1586  268 3026 1655  337  931  244 3023 2876 2468 3087  353 1834  254 2597  722  834 2788 1017  306  103  870 3053 1709 3029  593 3022 1928 2581 2799  136 1013 2544 1219 3169  780 2837   81  764  212 1848 2647  466  227 2216  165 2381 1962 2599  510 2727  384 1605 2882 2243  794 1031 2416 1019  336 2821 1488  596  698 2753 1092  340 1903 2641 2888 1412  784 1043  565    4 2667 2464 3171  102 1836 3265 1195 2390 1279  810]
[ 292 1617   45 2501 1986 3002  936 1829 1912 1131 1429  591  279 2010 2450 3094 2177  706 2531 1372 2631 3191 1684  599 1415 1641   95 1012 2595  942  243 3118 1474 1227 1005 3063  843  753 1167 1452 3163  157 2442 1406 1487  750 2385  889  376 1148 1254 2134 3327 1800 2516 1066  543  713 1417  896 2346  925 2942 1832  770 2375 1159 2359  552 3120  819 2625 1246 3189  493 2135  902 1846 2582  284 3252    7  823  590 2703  424 2550  103 1075 1703  167 1267 1524  494 2110  897 2041 2697 2927 2368 1478  213   24 3039 3089  947 2779 2184 1789 2966 1182 1266 3237  776 2652  964 2024 2558 1667 3017 2472 2180  896  476  751 3029 1577 1595]
[ 671  847 1941 1964  326 1931 2660 1972 2802 1145 2892 2202 3060  916  731 1466 2093 1847 1371 2169 1115 2967 3250  322   36 2524 1144 1027 2273 1320 2566  407  538 1566 2973 1538 1351   28 2534 2035 2139 2927 1524 2181 1287 2230 1900 2536  252 2144 3076 1054  116 2221  842 1641  723 3025  429 1731  198 2412  537 1026  610 2429 1935  946 2595  982 3325  243   13 2006 1805 3038 1342  530 2424 1297 1678 1780  993 2810 1210 3296 3019  764 1458 2920 2759  975 3300 2724 3184 2859 3027 2436 2833 2979 2503 2103  207 3050 2419 3111  352 2705 2893 2878 1623  946 1813 2940 3050 1167 2608 2041 2944 1151 1647 1747 2155 1808   24  785 2236 3119]
[1529 1787 2399 2777 2405 3196  797 3295 2985  832  928 2297 2617 1283 1130  218 2451 1019  689 2059  492 3059 2436 2765 1371 2269 2795 2542 1852 2094 2747  482  179 2422  185 3231 3285 2681 2727 2013 1607  988 2456 2517  458  111  471 1271 2055 1791 2739  665  114 2969 2127 3295 3248 2986 1957 1685 1394 3308 1367 1000 2013 2203 2467 3318 1196 2732 1673 2228  279 2645 1094 2018 1220 3173 1455 1784 3019  308 1862 1857 1369 2419 1479 2614  915 1475 1541 1149 2086 1246 1929 1968   33 3021 1597  951 1223  180 2775 1996 1931  195  734  573 3304  200  251  894  199 2820  550 1027 3146  564  850 1930 1821 3212 1310    9 2919 1976   95  604]
[2174  436 1854 1615 1930  754  410 1879  179 2573  974 1514 1629 3047  659 2977  771 3270  383  340 1925 1981 3062 2377 3305  920 1370 2314 3134 2472 2549  851 2790  327 3220  584 1209 1979   93 2483 2091 2342 2693 1630  480 3021 2769 1064 2009 2953 3188  230  491  468  306  571 1458 1319  942  317 2860 3137 1724  635 3238 3072 1015 2439 2324 2740 1180 1688 2211 1621 3273 2970 1096 1198 1362 1635 3205  693  643 1353 2330 3275 1221 1672 2683 2211 2993 1094  574 2334  562 2314 2845 1047  782 2437  342 2097 2911 2647  586  882 1014 1697 1232 2751 1857  670 2313   22  357 3273 1789 3042 2075 1633 2997 2120 2424 1556   86 2597   77   51]
[1540 1501 2622 3201 2449  175 2180  670 3036 1811  370  454 2982 1461   54 1819  399 2308 2356 2422 2241 1021 2799 2091  485 1154 1231 1830  344 1593  287  976 1242 1467  986  213 2170  457 2084  736 1064 1726  362 1484 2876  186 3013 2419 1877 2171  387 1339  931 2765  713  182  499 2844 1235 1737 2876 1141  120  753 1668  916 1975 1461 1814 3244 1739 1096  567 3189 1636  324 1202  621 1918 2330 3102 2426 1642 1937 1101 1257  326  696  120 1100 2922 3015 1718 1467 3051 1596 1275  677  962 3132 3101  743 3168 1864 1927 1209  835 2109  531 2351 2776  533 1455  533 2732  665 2167 2821 3270  812  532  130  821 1532 3304  736 1369 3312]
[2222 2853  815  896 1749  368 2086 2331 1682  187  973 2655  693 2603  689  492  380  980 2590   91 2276  502 1682  204 2938 1199 1876 2779  234 1029  961 3065  355 1953 2343 2465 1010  474  315  446 2978  261 2512 1473  886  843 2801 1049  407 1891 3069  736   31  892 1753 2937  843 2154 2751 2041 2922 3291    5  127  306 1259 2066 2516 1328 1805 1637  769 2784 1379 2172  956 2411 2083 3306 3240 1896  163 3259   34 3184 2233 2111 1730 1958 2613 3252  440 1622 1982 2624 2647  302 3253 3162   46 2858  255 2071  328 1745 1644 1021  465  975 2580 3326 2157 1396 2435  882 3091 2632   68 2542 3275 2552 2954 2042 1008 1290 2424  841 1971]
[   5 3158   77 2887 2460 1601 1976 2539 3035  135  597 1990   87 2208 2032  705 3144 1023  563  202 2670 3177  749 2873  934 2177  584 2900 2290  451    3  504 2593 3041 2445  222 3320  165 2732 1209 1014 1807  103 2391  847 2036 3038 1579 1006 3277 2862  604 2101 1102  475 1824 3040 2866 1246 1442 2265 2347 1306  448 2396  876  462  350  566 2926 3328  867 2204 1389  772  538 3229 3157 2123 1558  845 2715  774 3301 1109  381 2529 2540 3120 1239 2971 2095 2546  222 2891 2552 1422  257 3026  929  183 3112  822 2975 2715 2792 2141  903 3158  156  224 1498 1478 3154  784 2004 1277 1736 2120 2487  200 1500 3118 1371  366 3322 3262  193]
[ 443 2678  868 3023 3177 2610  534 2554 1135 2175 2922 1177 2331 1517 2894 1473  959  473 2395 1980 3321 1328 2202 1786 1003 2960 2458 2746  986  338 3005 1980 2051 2628 1717 1817  633 1432 1943 2080 2949  107  325  430 2661 1277 2915 3189 2518 2506 1421 3302 1380 1029  667 1092  509  834 2354 2950  549 2474 1793 1837  912 3080 2256 2608  294  632 2847 2992 3007  174  613 3072   93 3132  392  647 2501 3152 2625  686 2809 2592 1796  637  597   87 2262  851 2014 1005 2405  757  533 1722  297 2312  642 1667 1935  908 1373 1212 2667 1702 1988 2001 2254 3232 3232 1147  634 2118 1951  516  149  833 1911   60 2017 2702  950  410 2666 1229]
[1557 1836 2501 1651  849 3319  882  787 2097 2892 3172 2197 3006 3131  959 1671 2482  296 2770  522 1649 2090 1798 1471 3057 1828  173  854 1304  574 1091  890 2963 1929 2877 2767 1997 2186 2142 2507 3095 2987 2161 1553  428 3029 2995  919  756 1651 2202  657  628    4 2591 2950 1579 2225 2081   86 3088   29  862 2266 1499  457 3299 1588 2808 1072 2479   69 2409 1964  165 1555  270 1598  596 1576 2300   92 1234 2894 2744 2949 1715 2940 1826  259 3211 1295  452 2994 1357 2250  523 2615  465  529  629 2111 1924  324 2032  554  708 3070 3301 2405 1323  982 1125 2563 2380 3215 2445 2280 3030 1035  830 2817  509 3173  730 1128  837  455]
[3017 2225  729 2827 3226 2850 1250  790 3027 2683 2899  792  166 1930 2057 2732 2178 2514 2097  499 1782  391 2944  538 2010 1667 1664 2898 1782  609 1306  290  965 1940 3186  396  306  809 2418 1234 1667  767 2331 1648  586 2943 1916  122  822 1416 2816 3143 2240  378 2151 3049 1831 1266  825 2593 2941 2923 2425 2971 1737 1306 1655 2449 1344 1298 1780 2835  222  278  105  817 2616 2315 2502  550 3015 2671 2887 2118   29 2379  630  814 1145 1405  137 2793  490  968 1726 2259 1469 2019 3107  419 1397 2826 2815  479 3231  987 1952 2506   57 1428 2216 2040 3133 2313  713  627 2211 1181 2294  257  928  760 1359  569 2328 1908 3185 1229]
After A:  [  -50 -1625  1447   -10  1173  -576  1650 -1649  -408   898   234  1104  -665  -947   138  -996  1131  -230  -856 -1192   363  -912  -739   746  1222  -323   -59   225 -1184  -883   -65  1435   661 -1014 -1171 -1441  -576  1241  -628 -1634   633 -1235 -1223 -1239  -693  1157   364  -754  -159 -1494   -82   -54  1083  -199  1021  -176   267   941   377 -1585  -437  -573 -1157   259   762   574  -319  -904  -429   381   584   473   484   243  -413 -1298  -387   296 -1138 -1644  -974 -1425   452  -534  1329   585  1380 -1359 -1481   531  1632  1136    37   798 -1514   480 -1220 -1136  -253  -603   743  -462  -775  -628  1643  -778  1259   862  1531   166  1642  1123  -681   723  1579  -561 -1107  1257   606  1237   867   122  1281   733  -177   747   215   -59]
[ 1381  -759   920  -133  -999  1244  1107  -768  -280  -536  -183   322   673   500  -335  -176  -658  1548 -1537  -514  1614  1145   751  1261  -790  -418  -783  1486 -1588 -1603   933   263  -614  -652 -1061   913 -1557   260  -121   166  -281  -869   616    15  1130   920   394   829   678 -1512  -850  1285  -628 -1613   556   312  -877 -1234  1102   335    53   310  1405 -1627  -487  1453   304   806  -694   383  -142  -500   662  1642 -1231 -1450  -830 -1026 -1490  -353  1110  1064  -217    67  1064 -1453  1030   417  -976  -309  1296   236 -1550 -1314  -756    79   474   186  -113 -1317  -809  1527  -107   -23   323  -523  -690 -1011  -672   932  -393  1171 -1648 -1379 -1569  -313   652  -851  -999  -731 -1541   692   242 -1310   706  -480  -637   430]
[  571  1633  1590  -919  -244   745 -1517 -1159  -232  -650 -1512  1283   625   222  1287   472  -281   327   621   526  -944 -1179  1214  1489  -935  1030  1308  1639  1402 -1468  -966   831 -1381  1425  -353  -574  1255  -859  1660  -881  1152    -3  1153   184   271   510 -1605 -1413  1414  -467  -200  -578  -391 -1392    98  -536  -644  -821   -15  1188  -237  -679   -68   418  -202   171 -1239   277  -191   789  -918   -48   826  -125 -1537  -757   818 -1296  1227   583   587  -259 -1313  -161   970  -571  -763   -59  -737  1506   266  -248 -1041  -203  1380  -970 -1530  -896 -1333  -915   230   557 -1364  1194  -486  -388  -114  -718   916 -1065   487  -206 -1222    13  1319  -102  -871   210  1450 -1415   736   994  1271 -1396 -1471   691  -703    76]
[ 1382  1374   -21  1062 -1394 -1347  1090  1660  -377  -441   -94   656   953   812   478 -1247  -468 -1003   199  1326   577 -1034  1253   519  1294  -135  1502  1132   406   229  1079   306  1236   849 -1401 -1606 -1094   820  1407   682  1053  -191 -1378  -750 -1395  -211   278  1039  1070   959  -495 -1551   672  1342   -24  -826  1044  -663  1572 -1427  -660  -656 -1300   793 -1400 -1399   115   -17   850  -966  -973 -1429  -543 -1392   228  -383 -1583 -1221 -1611   492  1286   868  -490   724 -1099  1091  1052  -941  -924    71  1625  -919   151  1539  -302 -1345  1313   -54  1028  1591  -671  -164 -1075   678  -495   773 -1593  1631   -10   616  1373 -1211  -936 -1201  -326   320   615   279  -106 -1048  1627 -1306   960  1124   492  -307  -208 -1280]
[  390   659  -894  -204 -1010 -1410  -903   859 -1361   506 -1188   356  1333   -34  1062  -291  -273  1236   983   535  1162  1623 -1624 -1472  -618  1113  1034  1641  -963   617   320  -925  1480   740 -1374  1292 -1276 -1306   757  -884   941  1636   842  -437  -468   761  1307  1486  1406   622  -717  -859   922 -1429   770   303 -1605   -54   129   196   981    17 -1124  -167   403   966    -5  -447  -300 -1073  1183  -498  1193    24   498   555  -625   101  -378 -1139    82  -496 -1013   758 -1564  -894  -798  -268 -1182  1503 -1485  -450 -1438   -30 -1401  -111  -957  1124 -1110   728 -1444    88  -740  1366  -914 -1614 -1249  -391   991  1016  -452   354 -1458  -619  1115  1012   -54 -1305  1271 -1217   361 -1239   781  1636  1153   517   520  -620]
[ -617  -310 -1465  -877   788  -199   123  -168   277 -1411  1167  1385   359   569   683  1159   830   333  -291  -648 -1063   476  -113  1530 -1384  1158  -480  -520  -879   479  -555  1437    84 -1328  -342  -361  1504    52    51   162   532    28  -240 -1053   506  -569  1343 -1169  1232  1053  -705 -1483   234  1471  -696 -1135 -1499 -1380   557  -485  1374   224   995  1395  -900 -1549 -1339   183   140  -149  -955  -550  -479 -1447  1578   355     0 -1302 -1557   219  -108 -1437  -252   998   833   850 -1499 -1155  -591  1467   294  -743 -1109  -593   318  1335  1543   764   967   418  -746  1344 -1392 -1150  1372  -588   -26 -1212  1397 -1595  -455  1358  1228  -220  1513   400 -1408   383  -897   775  1374   319   983  -489  -937  1444 -1571 -1107]
[  316   447  1360   806   412   147 -1649  -485   532 -1511 -1652    19   143  1022  1240   645 -1049   659  -315   855   485 -1211   321  -498  -994 -1428  1645   296 -1372  1047  1453  -906  -678  1027  -998   481  -619  1514 -1050   782  1273  -587   -95  -500   332   783  -642    52 -1110   921 -1401   722  -291  1349 -1258  -590   242 -1482    80 -1293   526  -611 -1567  1473 -1533  -381  -132   451  1019   155  -157  1610 -1233  -645  -708  -729 -1426  1020 -1319  -602   385  -567    16   649  1629  -796  1602   741  1515 -1290  1576   264 -1137 -1511  -132 -1054   154 -1246  1324   726   119 -1384  1006  -380 -1583 -1614   828    77   458   791   858    58  -731  1390 -1366  1170  -798  1142 -1335   813 -1591  1526  -765 -1201 -1045  1464  1240   119]
[-1016   429 -1526   199   386 -1057 -1016   531 -1032   702  -666   -42  -614   831   267 -1148  1340   892  1081   -70  -998  -320  1404 -1141  -518 -1279   678  -697  -330  -895   708   302   578  1331 -1009 -1605  1247  1627  1374  -130  1377   659  -131  -263   497 -1409 -1548  -133  -137   884  1407   704 -1584  1114  -713 -1161   349 -1279  -394  1142   275  -991   704 -1306  1014   795    49  -205   255   261  1033  -856  -178   100    23  1318   749  -456  -262 -1279  -263 -1396  -504  1389  -643  1511    74    69   546  -260 -1214  1430  -786 -1603  -780 -1346 -1558 -1031   119 -1504  -273  1130   770  1211   401 -1275 -1277  1264  1086 -1546 -1313   646  -730   705 -1649   662  1440  1316  -776   676  -764   360  -484  1580  -414 -1113   368  -446]
[ 1381  -240 -1396   606   645  1478  -444 -1066  1524 -1126  -400  -506 -1270 -1375   887  1004 -1579   130 -1293 -1121   272   473  1222  1373 -1121   259 -1243 -1403  1612  -139   163   -93  1330   397 -1196 -1660   -69   296  -936  -656   833   373   129 -1092 -1021   460  1391   -50  -754  -151 -1277  -739  1363  -603  -818  -393  -958    79  1423   -81  -802  -429 -1175   173 -1150   438  -226  -847   668  1388 -1664   -38  -940  -803  -775   163  1517  -211  -239   597  -752  -569 -1018  -656   266  1416  1338     7 -1458  -947  1355 -1462   179    11   224   521  1450 -1456  1309  -854  1053  1643  1339  -670 -1408 -1457   869 -1282   763   -75  -446  1259   671   735   532 -1039 -1104   192  1553 -1365  -546   912 -1638   796   -41 -1456  1599  1429]
[ -589   740 -1627 -1109   450  -431  -197  1593   175  -508   -58 -1573   299   746  -365   434  -111  1160   766   554  -280  -386 -1124  1616  1475   841  -698   132  -577  1112   735 -1489   339    71  1005 -1534   330   726  1248 -1024  -616 -1502  -493  -310 -1275  -678  1260   295   208 -1586  -208   760  -699  -256    55  -645  -685  1655  1144  -248  -905  -457  1298  1201  1217  1013  1072  -684   588   231  -963 -1187   352  1589  -465   978 -1604 -1147  -410 -1241   918   678   891  -498  1507 -1149  -129  -868  1262  1661   615  1324  -519 -1142  -694  -880   211 -1421 -1348 -1047   762    96   543   -60  1654   995  -786   489 -1090  1324 -1532 -1235 -1499   160  -683   545  -517 -1435  -541 -1151   -32 -1286  -846   385    22 -1087    94   226]
[ -643  1427   111   791  1330   760  1452  -538   -47    57  1450 -1156  -146   457  1039  1271  -538   334 -1008  -306  -618  1334  1042 -1270 -1358 -1570 -1119  -944 -1244  1488  -905 -1294  -973  -490 -1563   488 -1563  1086   529   996  -336  -158 -1294 -1597   943  1323  1029   534  1205    76 -1330  1048 -1203  -632 -1450   -55  1132   738 -1092   -21  -126   853 -1151   463    62 -1374   439 -1515   323   463 -1326  -906 -1522  -203  -340  1027    68   803 -1132   201   791   347   683 -1061   610 -1218  -704  -779  -473  -182 -1038   247 -1550 -1462 -1587  -846   718  -522   224  -774    -7  1129  1136   670   375   244 -1482  -156   763   357   787   381   376  -632    14 -1270  1498  -828  1531   346   327  1505  -328   178  1573  1532  -232   200]
[ -232  -896  -163  -917  -217  -305 -1632 -1314  1280   747   151  -482   703  -376  1047   377  -143  1032   -60   913  1202   190  -948   595   289    32 -1596   493  -310   -88 -1403   196   152   639 -1335  -980   -90 -1243   602  -540    38   934    23  -419   500  -338   210 -1450  -759  1582  1175   608   152  -609  1036  -894 -1139   -43  1371   451  1089   143    24  -300  1430 -1181   684  1037  1543  1641   -40   868 -1495 -1276  1066  1640   -59   -31 -1267  -422   980  1603  -517  1184  1455   302   630  -772 -1325  -793 -1049   243   -42   728 -1253   286   434   487   180  1387   204   141  -817   718   238   201  1471  -807   213   972   -43  -174  1411  1594  -260  -400  -442  -873  1098  1605  -303  -991  -385  1166   760  -833 -1593  1554]
[ -972  -826 -1276  -183   199  -951   968   465 -1183 -1557   916  1407   107  1376  -538   885  -202  1126  1351   835  1021   633   350   947  -386   217  1362   681 -1437  -566  -143   395  -843   788  -169  1380  -506  -484 -1153  -662   273  1249   902  -903   -53   707 -1597 -1390  -405   786   575   938   519  -374   732  -749   893  -857  1057  -332   397 -1485  -581   238  1138 -1634 -1500   233  -874  1237   154  -492   871  -828  1555  -992  1537  1397  1427   451 -1123 -1485  1065   -96 -1638  1155   936  -141   284   377 -1328  1287 -1452 -1024  1549  -594  -635 -1627   862   897  -764   412   868 -1417  -620  -590 -1417   446  -311  -915   297  1092  1576  -381   656 -1465  -356   805  -479  -240    -5 -1320   611  -831  -893   381  -687  -771]
[-1607  -265  -969 -1515 -1222  -538  -496  -900 -1433  -866  -461 -1249  1198  -380  -909  1526  1630  -322  -237    47    57  -788  1536   896  -812  -778  -936  -977  1056  -925 -1223  -701   250   206 -1431  1070  -929 -1598  1060   894  -616 -1537 -1277   102  -251  1224   443  1177  1280   709  -234   356  1222 -1140  -118  -381  -442  -688 -1658   234   481  -316  1531   896  1154   192  -644  1443   -11 -1450  -882  -580   888   984  -958   796 -1288  1018  -954    52   662 -1145  1026   167   745 -1128 -1335 -1467  -508   812  1104  1070 -1002  -979  -183   703   922  1504  1522  1149   417   223  -743  -493  -381 -1012  1494  -480   362   992  -887  1150  1435  -232   701   850    12  -594  -352  1267 -1290   846  1343  1001 -1507   274     0  1316]
[ 1648  1321  1479   666 -1285  -161   524  1594  -220 -1540  1428  1606   982  -288  -612   -66 -1539 -1431   353   803  -538   -38 -1497  -413 -1109  -745   644    79  -803  -639   702  -616   -19   918  -856   873  -925 -1016  1040   517  -468  -104  -952   953  1386  -899    98  1224 -1198  -301  -262  -879 -1031  -937  1136  -676  -600  -485 -1470   756  -291   592  -907   -14   751 -1049   649 -1510  1273  -441  -814   273   473   882  -869   -79  1128  -815  1603    69  1488   269   161 -1582   488 -1197  -807 -1297  1202   884  1646   -11   143  1170    83   711   908   940  1569  -747  1508 -1263  -678  1037 -1455 -1102 -1333    59   431  1510  -274 -1636  -862   968  -916  1264  1247  1167 -1133  1030  1202  1318 -1032    55  -889    77 -1208  -947]
[  827   244  1497    77   115    82   231  -445   624   -46    16  1368 -1424  -148  -682  1159  -893   735  -988 -1179  -768  1110   304   575   987   301  -288   936  -986   -71  -811  1351 -1004   343 -1640  1259  1542     0  1374   -36 -1012  1086 -1008  1116 -1222  -965   857 -1078  -749  -292   358 -1349  1388  1229  1446  1626 -1152  1582  1108  1556  1333  -753  -716 -1352 -1659  -926    42  -650 -1657  -815 -1393  -850 -1130  1003  -276  -118  1243  -914  1373  1416    63 -1649   485   682 -1597 -1565     1 -1567 -1232   716 -1177   506  1456   423  -746   -56  1308   326  1129  1438  -322   228    37  -764   943  1579    26  -833   159  -899   975  -363   765 -1575 -1099  1500  1342  -370  1095 -1384  1533 -1249   557  1465  1619    35  -289   414]
[-1084  -183  1463  -734    31   596  1058  1384    66  -646   821  -585 -1059  1076   887   895  1576   524   238   378   659 -1533   894 -1073  -929 -1598   -26 -1281 -1138 -1030   601 -1527  1519   961   844   433  -264   967   610  -231  1412  -229  1324   691   470 -1601 -1189 -1257   554 -1005  1431 -1344   144  1221    55   452   806  -601  -363  1424 -1430 -1312  -203 -1547 -1366    60   306 -1466 -1563   512   674   365  -141   839  -768   477   985   497  1398  -195   864  -196  1211   569  -896 -1036  -708  1111  1315 -1145  -135  -118  1134   464 -1644   908   201  -949  1091  -818  -358   741   444  -646 -1403 -1332  1341 -1533  -608  -161   825  -726  -922  -234  -422   609   829  1470 -1079  1453  1189 -1514  -916  1113  -239   361  1410  -107]
[ 1440 -1568   750   137  1549   480  1037   420  -257 -1537  1530  -421  1397    46  -720 -1055  -534  -167 -1648  -574  1242   831  -233   555 -1526 -1286  -403  -542 -1216 -1595   136 -1391   790  -675  -209  -596 -1338 -1284  1582 -1388 -1408  -399   806  1262 -1348  1407     1  1014  1601   494  1028   949  -550   -43   -23    24  -158   173  1571    91  -980  1502    66  1140  1268   322  -177  -997   265  1362  1063  -476  -191  -829  1565  -304  -208   701  -864    91 -1534  -300 -1590   326  1171 -1614  -987  1178   206 -1130  -730   103  1643   890  1377   285   290     5   365 -1071  1226   430  -467   790 -1268  -655  -862  1093  1467 -1102   817 -1218   478   639  -310  -847  -888  -410  -769 -1612    15  1258  1269  1284  1128  1190   -15    88]
[  871 -1316  -998  1570 -1631   453   484  1311 -1156  -969   832   698 -1227  -529 -1456  -846  -578  -837  -638   651   188  -386   561   726  -821   -98  1518 -1223 -1359  -916   452   182  -365  -242 -1357 -1208   -60   493  1301  -894 -1660  1219     3   181 -1463  1263  -756  -609  -544  -457  1196 -1504 -1563   525  -563  -492   -12 -1599   121 -1181 -1502   780  -490  -571 -1352  -635 -1508  -108  -327   503  -617 -1511  1234   978  1066   -89  1054  -560   454  1426 -1413 -1049   806  1119  1113  -252  -341  -953  -267 -1642   649 -1568  1433  -600  -589 -1319   -87   280  -316  1607   -51   603   929  -127   404  -497 -1518 -1324   113  1367 -1465 -1629  1341  -860  -117  -639   380   891  -335  1229   600   856 -1188  -565  1074 -1133   995   749]
[  -62  -300   744 -1009  -635   889   547   982 -1340   829 -1614  -208  -635   871 -1248   289  -121 -1082  1232  1635   128  1279 -1480  1589 -1326 -1092  1554   194  1148  -124  1541    65   251  -846   926  1285 -1207 -1338   641   716   842  -336  -923   840  -378   587  -138  1067   416   348 -1161  -615  -347  1107 -1350  -538 -1545  -961  -231    -7  -217  1335  1039   921  1098  1108   147 -1510 -1449 -1532 -1226  1064   976  1168  1261 -1081  1069   847   425   942  1530 -1258   762 -1597   -67  1641 -1534  -958 -1394   365  1056 -1553 -1063 -1413   997 -1396   827   786   613   265  -620  -465   539   740  1015  -393   827   975   948 -1336  -354 -1039  1154  1510  -751  -369 -1230 -1401  1055  -699  -126   754  1567 -1063  1600   819   573  -657]
[-1333 -1299  1256  1177   -42    55  1207  -394   253 -1402  -711   527  -247 -1419   634   564 -1029   883  -905  -931 -1568  -135 -1075  -310 -1450  1075  -446 -1477 -1648  -597    51   129  1565   436  -168 -1053  -801  -174  -210  -733  1548  -465    29    45  -914  -575  1403 -1267 -1579 -1554 -1600   184  -107  1207  1126  1067  1580   993  1411  1500 -1543  -592  1027 -1239  -219  1315  1055   250  -324  -545 -1014  -493   828  -868  -854   515   347  -374  -876  -400 -1295  -549   399   579  -807   675  -682   337  -560   709 -1095  -748  1583   811   926   527 -1073  -407  -203 -1296   423  1210  -158    -8  -247  -905  -412   810   141 -1484  -200 -1581  -897  1510   -65   683   399   428   434   379  1072  -363  1466  -810   835   114  1453   380]
[  904  -130   451   605 -1164 -1205  -932  1203 -1531 -1012  -163   252  -753 -1296   539   808  -345  1115  -948   949 -1161   485  -470  -815   981  -271  -464   923   218  1083   468  1560  -926   185 -1011  -781   232  -424   597  -171   876 -1202   750 -1404   404   134 -1519   466 -1528 -1233  1477   661 -1427   212  -670 -1032   993 -1104  -329   802  -930 -1343  1566   784  -524 -1587  -500  -809   608     8   550  -258  1403   199   480  1525 -1159  -610  -379   519 -1597   209  1153   578  -291  -961   256   592  -142   504   560     6   742 -1585  -534   740   544  -260   941   146 -1611 -1132  -796  -701   881   459  1357  1038  1601  1030   902  -947  -462  -653 -1231  1398   301    13  -631  -644  1134 -1097  -815   -44 -1607  -887  -320   379]
[ -317  1227   221   -34  -424  -249  -982  1028  -273   390  1387   620  1194   216 -1611   238  -260   575   -56  -791   539  1318 -1124  -133  1101 -1230 -1411  -673  1532   874  1393 -1454  -334   -90 -1154  -155  -411  1026   941  1010  -158   385  -514 -1097   436 -1642    70  1581  -232 -1254 -1303  1134  -273   146   667   747  1457 -1426  1277  -317 -1095  -937 -1531   334   978  1461 -1078   174 -1019   -12   485  -524  -513 -1370  1031  1394 -1404   511  1493  1202  1127   739   813   880 -1447 -1199  1190  -331   652  -157   301  -903  -366  1352   115   849   244   131  1515  -516  -832  1011  -700  -552  -353  -783  1090 -1602   159  1596  1450  1227  -528   340   669 -1451   262  1304  -430 -1013 -1394 -1551  -904  1315   285   191  1658 -1595]
[  659   205  1198   927  -615   761 -1163    98   491  -653  -877  1340 -1104 -1111  -207  -406 -1592   -53  1572  -877   629  1455   538   401  1137  1561 -1042 -1129  1169 -1336  1293   724   -35   242  1368 -1197  -738  1333  -551 -1492   511   256  -180   133  -665    98 -1228 -1478 -1348  1041   297   446  1653  -953     5   502 -1431  1577   465  1069  1524   708  -457   982  1539 -1151  -209  1168  1557  -566 -1070 -1633   781 -1415  1363  -465 -1205 -1425  1636   377  1105  1326 -1648  1081  -194  -265   614 -1422  -153   543   966 -1358  -201  1584 -1181  -438  -344  1421  1583  -142  -385  -797   509  1296  1420 -1270   946  1533  -946  -338   889   661   672  1252   100 -1354  1556  -821 -1267 -1342  -415  -253  -861 -1068  1614  -832   203   862]
[  867  -324   -98 -1512   446 -1421  -473 -1177  1556  -312   652   -85  1093  1119   997  -427  -681   489  -384  -183 -1189 -1271   790   894  -233  -874   866   -64  1350   635 -1574  -618  -450  -133  -961  -280   744   293  1324  -989  1623 -1581  -694  1272  1597  -522    79  1253  -751 -1054  -897  1552  1491  1219  1154 -1155   689   750 -1106   867  -440 -1309  1167  1382   825   677 -1588   946  -437  1046  1278  -992  -306   -60  1377 -1317   323  1304   967  1429   126  -460  1661 -1156  -410  1263 -1307 -1286 -1370  -357   431 -1011    72   244  1543  1046  1513   764  -805   485  -440 -1624  1141  1389   840     7  -677   154  -392  -199  1140 -1056  1143  1464   376  1572  -234  1028   511   971  1380 -1443  -965 -1378  -338  1108  -306   780]
[ -637 -1224   752  -427  -138  -292  1220  -940  -565 -1124  -415  1322   763   225  1385   680   608   642   377  -673  -490 -1034  -653  -108  -845   -61  -856  1317  -236  -645  1661 -1433   932   757  1650   534 -1080   718  -173  1246  1609   431  -713  -934  1408  -988   812  1044 -1009   300  1623 -1525  -600  1151   173  -645 -1598 -1394 -1267  -745  -456 -1204   -58  -134 -1165  -235  1418  -754 -1135  1125   552   798   580  1301  -897  -140  1464   693  -104   808   962 -1552   -20  -767  -719  -512  -623 -1225  1288   487   600 -1315   705 -1257  1007  1188 -1157   400   562  -405 -1439 -1373  1528   390   901   571  1158   720  1203 -1328   856 -1503   740  1232    -7  -593 -1002   574 -1437   582   571  1598 -1450  1350  -657   310    35 -1110]
[-1174 -1438   113   408  1164  1366  1555  1260   386  -446 -1632  1397  1425  1550   280   678  -948   396   527  1053  -903  1062  1022 -1075  1463  1102  1364 -1426  -428  1576 -1014 -1627  -982 -1502   615  1017  -175 -1296  -547  1298   428   -69 -1629  1443  -385   558  -514   424   706  1504   -67 -1063  -781   319  -790   829  -145 -1580   145   835  -232  1653   362 -1105   806   828  -636  1257 -1197 -1383 -1613 -1209  1532  -521  1532   757 -1467   685  1326  -463   364 -1212  -227  -759 -1051  -705  -933 -1504  1370   533   927 -1349  -625   376   445   191   678  1274 -1370  -951  -232   847 -1325  1303  1177  -869  1396 -1544 -1063   806  1549  1011   933   698 -1185   436  -464  1435  -861  -880   161  -312  -561  1583   347   432  1031  1283]
[  267 -1287 -1021 -1468   807 -1602  1564   163  -663  1246   839  1240   605 -1152 -1169   633  -114 -1571    13 -1147   492   424  1037   350  -155 -1190   626 -1049 -1326   214  1508  -623   599  1152   600   778   758  -939  1120   534  1229  -131   789  1218  -900   633  -438 -1086   110 -1326 -1576   714   596  -257   875  1119  -209  -270   108 -1068   138  1241 -1663  -287   -87  -508   444   838 -1624  -710  -801   765  -698 -1053   -30  -536   396  1276   433  1053    31  1062  -647 -1470 -1483  1503  -275  -814 -1625 -1631  1376   737   893   828 -1033   545  -676   735 -1021 -1343   624  -170   491  1215   381   871  1123  -894   276   864 -1234  1352  1586   647  -477   370  -797  -199  1234   980  -191   535  -939  1575 -1518 -1230   746 -1659]
[   31 -1064   170  -148  1093 -1149  1175 -1555  -257   737  1477 -1102 -1451   249  -560  -158 -1144  -784  -309 -1252 -1483  1449 -1410 -1416  1103   448  1230   896 -1045 -1094  -304  -811 -1188   446  1342  -390  -122 -1473  -179   946 -1072  -781 -1563   763  1213   670   643  -229 -1476  1120  -559  -229   465  1463  -631  1472  -745  -466 -1227  1072 -1662  1468 -1235 -1453  1233  1141  -880  1117  -422  1546  1585  -929  1020  1150  -590  -305  1256  -406   605  1134  -583 -1365  -200  -291  -252 -1159 -1567   564  -247 -1367  1116  1358 -1609 -1643   854  -171  -339 -1521  1653  1456   266   641   110   440  -684  -167   276   918  1132  1153   935 -1423 -1575     1  1425  1129 -1414   863   935  -969  -974  1474    15  -892  -891  1652 -1042  1568]
[ -485 -1463 -1191  -325  -180 -1131   194  -469   291  1147   745  -708  1084   230  1487   901 -1078  -210    98   162 -1059 -1153   505    93   647   162   887    78  -354  -191   882 -1519 -1346 -1655 -1051  -734  1490  -527  1440  1635   276  -784    50  -815  -898  -430   -92  -856  1252  -647  -913  1537   188    38   504 -1635  -222   351  -869   951    62 -1019   691    70  -865 -1524   -95  -449  -471 -1540 -1025   149  -411  1306  1324 -1051  1357   101   911  1337   -70 -1272   105   622  -713 -1508 -1417   -59   925   140   701   507  -540   106 -1530   601   589  1332  1640 -1013  1050 -1367   243   765 -1322   851  -386 -1524 -1566   963   440   -38  1612    97   -62  -398  -954   367  -524 -1375 -1143 -1360  -294  1079   898   947   323   407]
[  333 -1023   380   883  -893   204    81  1405  -416   507   444  -777   601 -1511  -927  -353  -857  -493   987   947  -577   -60 -1375 -1377   598  1024  -906  1362 -1288 -1190   110  -788    98  1488 -1530 -1160  -272   171   989    24  -489   -57   945  1359 -1427   -55  1256   395 -1542  1474   865  1141  -711  1342  1082  -571   298   642   744  1077  -982   327   388 -1361 -1114   823   171   262   -99    85   224   385  1473  1063   669  1627 -1102 -1015 -1003  1189    63  -504   164   187    -2   577  -210  1482  -815   733 -1480     9  -619  -767   201   863  -828  1132  -325   377 -1428 -1546   493   426  -606  1400 -1564     9   653  1310  1596  -827  -931 -1211    99   438  1550  -747  1486  -662   -95  1425 -1175  -122  1286  -712  1247   460]
[-1594 -1626  -818  -409  1208  -584   267   222  -607   -48 -1659 -1073    49  -517  -509  -706  1246  1109   232 -1127   777   635  1130 -1018 -1492  -918  1605 -1398   537 -1435  1189   972 -1194  -325  -523 -1335    53 -1491   113 -1592  -395   620   429 -1087 -1023  -715  1179  -963    -3  -857  -456 -1197   878  -504   482   252   -32 -1647   497  1436     6  -514   217 -1314  1656   120  1153  -770  -769   819 -1634 -1627   861   357  -832  -967   -67  1450   -37 -1290  -592 -1069  1612  -629   921 -1173 -1598 -1468   897  -112 -1480  -636     3   988   207  1228   708  1464 -1634  1088  -761   906  -179  1468  1000   750   -99   614  -697   526 -1452  -573   759  1495  -513   318   -63   577    29  -572  -899    24   994  1137  1181  -336   493 -1584]
[ -952   480 -1330 -1049  -723  1491   453  1165  1423   -96   -52  -999  1104  -874   126 -1252  1470  -281   276 -1413  -568  1253  1233  1167  1295 -1281  -570  -683  -373  -198   717  -476   755   -70  -864  -976   167  -547   -96  -313 -1125   777  -377  1073  -503   886  1294  -936  1006   467  -825 -1025 -1381   -47 -1450   833  -453  1009  1102 -1289  -100  1159  1641 -1095  1217  1461    85 -1336   295   504   728   -73   563  -153 -1400 -1095  -160    27  -386  1195  -796  1360  -477   127  1102   574  1547    10 -1270   747   694   156   547 -1414 -1275  1159   -64 -1598   607   584  -883 -1504 -1521  -766  -227   547  1235  -542   100 -1417  -260 -1338 -1034  1345 -1520  -650  -194  1145  -224   477  -727   306 -1048   515  1396   -78   243  -160]
[ -992  -564 -1463  1171   993  -795  1379  -592  -941   500   991 -1637 -1643   716 -1298   227  1353   963   394  -472  -762  1629  1164  -149  1165   590   748   590   235   205 -1194   746  1234   870   384   542   915   593  1375 -1325  -323  -529   339  -319 -1642 -1061  1136  -988  -126   573   724   315   199  1351 -1402   991   387   976 -1612  -554  -525  -755  -215 -1569  -149  -177 -1145   408  -631   704 -1583  -859  1275   670 -1128 -1431  -728  -283  -471 -1314   -71   206  -112 -1376 -1058  1315   146   318  -195  -322 -1020 -1177 -1524   386   336   752  -805   556  -217 -1413   605  1516  -388   448  -232  -306  -893  1279   667  -612   -45  -383  -411   332 -1452  1030   -92   196   794  -361   949 -1045 -1420  1071   835  -186  -219 -1644]
[ 1088  -450  1445  1252   332  1187   898  1056  -668  -145   634   563  1468   774  -465   158  -203  -665  -176 -1077 -1533  1277 -1310  -947  -438   527  1003   919    97  -369   623 -1100 -1098 -1033   679    33   466  -974   771 -1189   890    28  -389  -424   159  1472  -998 -1354  -538 -1446   969 -1176   241   626  -748   198 -1062    73   377   465   963  -353   707  -552  -580  -806  -684  1389    -6   872  1486  1527 -1085   402 -1340    66  -584 -1610  1098 -1037 -1315  -516 -1005  -486   -55 -1300  -201 -1595   967    49 -1458 -1117   849  -504   226  -394   775  1594 -1452 -1635 -1115   -87  -588 -1098    25  -653   -60  -821  -687  -665  -432  1112   953 -1097   949    81 -1202   155  -196  -822  -895 -1233   830   -38   526  1394   175  1000]
[ -912  -982  -377   174  -910   346 -1370 -1149  -731   200  1295 -1050  -977   499   805   518  1522 -1566   950  -110  1114  1437  1339  -776  -479  -575   154  1335  -956    23   483   124 -1022  1005  1508  -494   444  -852  1439  -262   234   428   174 -1525     2  -625  -469  -365  -196   949  -389  1507   190   741  -374 -1413  1444 -1221   253  1160  -736    51  1606   374  1478  -727    80   118   980  -851  -990   884  1041  1000  1076  -386  1074  1452   581  1571 -1222    67   555  -502  -562 -1187  1565   993  1520  -416  -336  1484 -1254 -1038 -1536   333    64  1552 -1010  1020 -1551   746   832  -135   499    57  1272 -1226  1632 -1384  1565   -71 -1394  -744  -182   366 -1030   287   282  -411 -1400   663  -877  -724   993   219   300  -520]
[-1167 -1288  1604   758  1479  -731  -408 -1369   103  -305  -793  -779   435 -1514   433 -1063   815  -143 -1590  -440  -940  1210 -1175  -234  1633   -15 -1175   547  -330   804   910  -238  1425 -1274  -345   748  -358  1009  -656  -406   329  -417   172   696  -408   346  1516   358   871 -1554  1068  -163   793   921  -122   104   164  -998  1493  -696   116   290   611 -1475  -891  1471   747 -1063 -1328  -381   286  -160 -1348 -1012  1162 -1184  -519 -1545  -934  1639 -1079  1319   189  -192  1033  1006   879  -113   571  1606   758  1641   451  -430 -1448  1340   262   -38   309 -1420  1303  -617   259  -596  -131   271 -1492  -377  1418 -1617    75  -944  -581  -932   574  1166 -1435  -377  1168  1173  -752  -505 -1080 -1079  -726  -256 -1610   729]
[-1055  1374 -1520  -614   816  1615  -817   -89   877  1465  -984  1172   314  1482  1469   338  -889  1247    58   923  -135   651  1537  -815  -300  1519   682    96 -1133  1575   123  -391   740  1058  1297 -1230  -999 -1275  -507  1237   289  -365   366   370  -421 -1406  1504  -760   971   354     4  1640  -152  -844   511  1195    88   169  -255    90   685 -1208  -110  1482  -947  1501 -1162 -1323    77  1231  -230   912   983 -1014  -720  -599   -63   -26 -1507  1542   904  -522     1   495 -1652 -1608    -4  -345   260   389  1258  -826   -32  1271  1517 -1142  1410  -195  1470  -934   453 -1143  1011  1538 -1518  -894 -1129 -1611  -340   801   308   532  1280   985 -1363 -1535  -571  -804   493  -647   459  -658 -1614   241   106   825  1267 -1184]
[ 1453  1571  -401   350 -1557  -930  1071   999 -1551  1299  1285 -1316    28  1271 -1574 -1406  -830 -1334   279  1573  -177   249  1351 -1322  -487  -129  -143 -1307   134 -1399   497   790   860   857 -1574  1638   952   225   729 -1106  -922 -1320  1631   472  1488  -880   978   243   -16  -431 -1392 -1117   402 -1151   -23   633  1044  1337   557  -414  -992  -158   836  1328  -393  -687  -952  1204  1166  1115 -1448   606   264   984 -1618 -1622   966   720   471  1042 -1408  -561  1366 -1511   968  1229  1435  1455   589 -1451   136  -869  1204  1295  -764 -1218   757  -362  1220  -558 -1150  -785  1565   266  -459  -157 -1175 -1303 -1165 -1352   798   397 -1022  -276 -1287    47 -1252  -508 -1270 -1585  1262  -127  1022 -1309  1007 -1662 -1510  -594]
[-1498  1147   836   199 -1024 -1464  -441   -17   475  -628  1370 -1376   375  -847   -33  1181  -649  -224 -1474   237 -1154   696  -884   417   -93 -1070 -1124 -1612  1456 -1591 -1524 -1372    40  -508 -1013 -1129  1531  1527  -203   570  1137   536   -20  1335 -1252  -891   513 -1000    71   715 -1303  1298  1508  -940   873  -554   515    -2 -1258  1598   961   953   865  -288  -917  -721  -642 -1632  -305  -567   407   944  -194    42  -991  -980 -1101  1511    80   806   360  1497 -1546 -1405  -911 -1195   345  -418  -945  -203    11 -1199  -972   135    57  -390 -1143 -1657 -1378   551  1231   898  1379   755  -827 -1313 -1019  -983  -302  -364   404    82  -635  -201  -238 -1629  -211   -23  -125   163 -1281  -768  -378 -1304   634   486   318 -1207]
[ 1167  -210   671   841   651  -115  -475  -184   628   943  1403  1250  -176   740  1110  1594 -1005 -1068   874 -1568  -237 -1575  -910  1657  1568 -1645   827   190  -440  1253    53  -239  -738   194   489  -240    37  1254    46  -896  1043  1501  1264   753 -1265  1438   349  1568  1021   356   101  -982  1337   866 -1000  -415 -1138  1037 -1155 -1548   304  -687  -868   784  1365  -175   529   614  -102  -348  1372  1558 -1496  -333   433   757 -1442 -1497  -505   124   551  -787  -591 -1347   934  1352    12  1637   573   189 -1391   604  1399  -222   662 -1101  1226 -1510   365   851   687   913    56 -1284 -1168  1550 -1520   868   116 -1006  -700   985    18  -191  -162 -1067   -91 -1614 -1197  -465  -693   468   905  -595  1071  -321   747  -826]
[ 1494  1091  -542    -3  -763 -1058  -200   556  -989  -301   704  1047 -1324   280  1361 -1622  1190  -557  -723  -847  1525 -1418  1429  1321  1516   669 -1079  -224  -320  -598  1600  1183 -1553   672  1174  1009   487 -1641 -1205  -628  -372   725  -848   665  -925   114 -1204  -430  -584   836   708   115  -341  -276  -517   976 -1507   428  1327  1342 -1084  1406  -660   447    76  1604   918   840  -724   458   609   298  -458 -1179  -102 -1619   272   748   140 -1645 -1236  1006  1185   960  1597 -1620   883  -381   506  1492  1152  -690  -573 -1043  -220   883   122 -1637 -1276 -1346  1337  -168  1512  -807   989 -1528   774   822  1510  -723   951    93  -219  -269 -1057  1429  1069 -1414  -572    10   737   194 -1012   753 -1307  1235 -1639  -629]
[ -973  -989  -713   108   221  1651  -256  -152   920   178  1353  1265   778  1212   330 -1452 -1101  -563   595 -1143   215  -884  1067  -527  1530 -1581 -1134  1079 -1206  -898  -841  -616   111   664    76 -1570  1115  1551  1037  -198  -734   -34   944    83  -554   626   981 -1544 -1307  1499 -1393  -740  -677  -617 -1434 -1345 -1559   431  1081   617  1520  -724 -1281  1224  -155   270  1482 -1505 -1639 -1000  -669   659  -804  -740  -569  -970 -1117  1578  -598 -1472   -58  -606 -1388  -341 -1101   741 -1165   -72 -1149  1625   217   980 -1106  1616 -1409 -1391  -473  -977   953 -1458  -948  1332  -588   620  1042  -406  1236   119   151 -1409  1608   729   562   -59 -1089   930 -1391   506   381  -868   -67  1228  -128    -6  -536  1435   417  -862]
[  516  1194   -87  -818 -1629  -524  1174  -888  1625  -643   953  -540   766   717  -269   664   709  -279   833  1318 -1114  -614   990  -123   505   223   540 -1516   112  1244  -378 -1613  1513 -1409  -880  1158 -1473  1056 -1644  1167  1027  1450 -1479   -70  -468 -1604   512   236 -1535   785  -734 -1131  1162  1592  1502 -1562 -1241 -1128 -1036  -237  -287   -55  -425 -1518   776   447   257  -528  1121  1364    44  -103  -134  1113   268  1553   631 -1404   991 -1466 -1175  1306 -1170  -196 -1655 -1048   400 -1220  1299 -1172   150  1358 -1054   569   528   212   482  1540   339   454  1655   712  1052   418 -1449   146 -1360  1394   -65 -1208 -1428  -168  -746 -1013  1562 -1482 -1091  -623  1023   -15   642   351   726 -1125   247  -880   584  -330]
[  676  -694    98   483   825   358    70   443  1071   830  -413    39    71   391   605   -19   887  -757 -1307  1515  1559   794  -370 -1325  1112  1322   941  -178   803  1510  1632   628   898  -309   481 -1362  1319  1073   799  -755 -1018   216 -1590  -859   539 -1106   637   333   -46   378 -1364 -1609 -1445  -238  -285 -1094  1235 -1528  1597   440  -666  -180   716  -983  1183  1253   429   -59   644 -1463  1287   705  -523  1620  -706 -1150  -375 -1018  1566  1263   -50  -753  -285 -1075  1526   459  -999  -587   287  -414   429   735  -673    57  -673  -486    29   392  1170   710  1475  -613   726 -1319 -1254  -607 -1318   -66    67   122  -438   845  -442   532  1622  -209  1014  -139 -1250  1474 -1355  1021  -334  -459   515  1481  1229  -922]
[  497  -650   698   425 -1627   471 -1082 -1138 -1129  1472 -1069   987   995  1270  1100  -623   303  -138  -927 -1093   488 -1466   832  -875   879   846   409  -897  1342 -1228   861  -219   199  -802    49  1112   201   988  -282  1399  -198  -827 -1447   -79  1402   746 -1116   877 -1414  1119 -1242 -1101   671    75  -306 -1427   527  -398  1325  1610  -651   270 -1357  1626  1419 -1031 -1124   521   419   819   596  1126 -1216 -1606  1367   966 -1573  -946 -1656  -892   541 -1253  1225   480   354  1371   294 -1238   542 -1346 -1263  -401  -127  -842   366  1194   480   859 -1255 -1608   219   295  -957  1392  -337   851   884 -1084 -1621  1341  -378  -554  -935  -326  1214  -164   329   540 -1501 -1076  -818  1153  1583  1089   354 -1324  1572   -16]
[  333   -41 -1219  -337   664  1436   -17  1327  1346 -1524 -1225   221  -493  1524   218 -1141   960 -1215   -48 -1361 -1477 -1069 -1059   437 -1258 -1276  -164  1586  -643  -761  1407    25  -310  -760 -1158  -427   616  -870 -1332 -1086   587   -14 -1444  1499   469   -33  1461    97   722  -747    32  1638   995   327  1020  1521 -1310  1143   575  1367   291  1080  1061  -431   727  1166   853  -502   568 -1304  1226 -1322  1258 -1531  1135   336 -1427  -348  -432 -1319   -59   210  -261  1648  -101   -76   379  1227   837   657  1030   818 -1650  -982   244   243   203   553   -99 -1624 -1203  1380   -88   964  -876  1139  -958  -318   797  -726 -1180 -1597  -266  -541 -1086   845  1076 -1576  1557  -978  -193   512   994 -1008   433   968  -528   682]
[ 1204   865 -1463   176  -542 -1250   509  -113 -1090  1423  1494  -906  1513 -1551   873  -808 -1010  -618  -347  -271 -1580  1073   883  -402    79  -424   909  -599 -1616  -721   211  1509  1648   249 -1022   496  -831 -1193   -55   230    37  -278  1428   940   400  -630  -693  -909     8  1413 -1106  -843  1518  -955  -482 -1032  1041   389  1622   -82   202  -500   704   972   588  -670 -1249 -1327  1164   526   997 -1274  1645  -991  -451  -121 -1563   538   -19 -1195   993   160  -510  1489  -839 -1156 -1309 -1131  1043    52  1398 -1049  -900 -1402   577  -663  -672 -1007     7   159   401   144   981   553  -272  1364  -146   481   435   -99   659  1574   846  -883   -48   762    55  1381   436 -1226  1221   844  -498  1110 -1011   -18 -1071 -1311]
[  668 -1199   725   297 -1158  1631 -1052  1106  -271  1002  1379   578   435  -572 -1443  -176  1590   776  -511  -451   164 -1268  1395  1247   112 -1192 -1462 -1008  -778  1357   266  1375  -172 -1144  -985   449  1222 -1282   728  1276  1125 -1576  1056  1465   378  1350 -1269  1637   991  -923  -913 -1386   784   677  -822  -592  -281  -343   390  -571   738   921  1411 -1211  -622 -1664   443   798  1143   502  1486  1180  -823  -924 -1513   563  -206 -1077  -118  -639  -736 -1168   450  1504   776 -1133 -1525  -488  1371 -1441  1225   141   660   944   380   308  -526  -322    -6   401 -1088 -1305   716 -1603    18  -452   417   113   -97   451  -529  -747   469  -681  1011   497  1190 -1623   500  1270  1245  1393  1518  1421 -1258   324   623   146]
[-1221   953 -1603  -665   882   -91  -658 -1631   846   627   421   745  1592 -1272  1252   231  -818   -52  -531   679  1329   950 -1626  1164  1514  -415   198 -1339   958  -796 -1144 -1081  1327  -481   194  -657    83  -837 -1661  1615   628   257   -52   971  -192  -727 -1073   873  -151 -1571  -870 -1170  1255  -129   469   305   440  -954 -1514    92 -1573   536  1151  -742  -689 -1048   574  -465 -1048  1625  -226   420 -1099  1649   829 -1155    25  -747  -745  1307  -601   513 -1254  -681  -768  1566  -434 -1296   292    -4  -813  -960  1028  1263  1320   328 -1256   512   236 -1261  1358  1520 -1102   158   -58  -351  -806   553  1657  -773   -65   451   237   651   972  -362 -1348 -1553 -1638 -1597  -723   423  1581   -34  -512  1506  1447   959]
[ -656  1599 -1335  -131  -165   486   958  -874  1435  1464  1659 -1171 -1338   -20   609  -356   -85   -63   924 -1625    36 -1110  1079 -1167  -839  1522  -345  -225   425   181  1377  1384   847 -1169 -1122  1277   759   413 -1454  -504   511    52  -247  1470   -96  1658  -157 -1177   271  -314   976  1460  -961  1511  -102  -755  -427   474   171 -1370 -1158 -1441  1082  -183  1515  1373  -211  1481 -1306  -248 -1422  -980  -242   401   717  -858  -496   566    65    93  1616   425  -709  1421   853   951 -1631 -1260 -1382  -281  -898   517   982  -509   344  1374 -1516 -1096  -363  1101 -1299  -532 -1614   874 -1030  -564  -307  -902   543  -255   294   874  1517  -619 -1508  1345 -1350  1071  -709  -502   863   457  -639  1240   611  1222  -815   241]
[-1508   700   794 -1542 -1014  -469  -182 -1416    15  -716  -912   899   627   -81   343  1018    22 -1560   -18  1329   273  -960   799  1617  -183 -1031   429  -105 -1176  1362  -806    46  1125   148 -1514 -1117  1092  -758  -416  -206  -192   826   506  1215   533 -1363    85   960 -1081   174   242  -758  -446  1379 -1622  -793  -344  -641 -1179   -28  -269  -657  -339   960 -1010   349  1326   443   104 -1518  1479 -1058  1196  1277   834   985  1317 -1429  -105 -1602 -1316  -218 -1250   -40   354  -365  1627 -1417   -96  -123 -1110  1638  1414  -408 -1302  -283   678  -595  -438  -368  -928  1424  1441  -995   326 -1170 -1247  -574 -1078  -399  1452  -291  1178   579  1126   351   341  -463 -1285  -922  -426   855   386   491  -429 -1551 -1286  1498]
[-1139  1534  1613  1339 -1131  -401  -175 -1643   257  -408   675   706  1535    39  1063  1576  1558  -955  -938  -618   493   161  -666 -1061  -168  1556   327  -758   361  -884 -1651  -978  -465 -1449  -577  1005  -593  1287  -553  -316   486  -628   366   137  -418  1276  -334   584  1140  1064   777   677 -1057  1092  -874    28   890  -481  1168  1255  -608 -1119  -434  -813  1149  -797   420  1418  1573  1389   685  1333   966   877  -370  -194  -655  1236   757   221  1070 -1487 -1397   286 -1587 -1500   -51 -1347  1608  -492    47   290  -872   705    25   702  -421  1352 -1661 -1036 -1166   850   -79  1367  1294 -1106  1062 -1115  -255   864 -1611  1343    35   275   788  1403  1619  -257  1208  1288   731  -434  -152 -1655 -1296    70 -1295   388]
[-1241   471  -733   -68  1375   -95  -133   807  -755   895 -1506 -1387 -1427  -352   290  -208 -1464  -417  -210 -1532   106 -1075   601   849  1188  1041  -246  -582 -1483  -988   905   778   894   723  -329  -801 -1305   932   374  -624  1301   646 -1440 -1315    54  -972  -206    37  1628 -1349   404   335  -275  -984    51   278 -1240  -708  1452 -1471 -1413  -568  1206   675   637  1423  -469  1626  -752  -969  1009   -56  -883  -874 -1057   544 -1513 -1413  1393   149 -1640 -1417  -474  -535   285   678   -98 -1131   931  -546   -81   648   126   -47   899 -1069 -1525    14  1080  -941 -1271   301    56  -125 -1118  1239  1394 -1375   612   418  -819  1206   223  1651  -432   800   523   342   731  1386   389   108 -1540 -1236  -755   729  -564  1246]
[  275 -1642   605  1000  -879   914  1450   793   320   732  1551 -1550   735   -63  -523  -532  -985    22  1198  -617 -1499   751  1444  -543 -1154   550  -576 -1222  1225   463  -687 -1555  -706   974  -103   176  1031  -642 -1657  1055  -373 -1392  -445  1634  1549   746  -200  -907 -1418   183 -1074  1394    33  -931  -316  -528   583  1167 -1536  -581   859   231   473  -285    89  1254 -1558   774   755  -380  1370  -724  1366 -1205  1510   600 -1420   491   880 -1603  1117  -815  1412  -547   412  -980  1082  1470  -210   206  1241   175 -1363 -1629   440  1338 -1168  1371  -781 -1635 -1028 -1219  -814   241  -911  1587   633  1654   660  -802 -1221 -1110 -1314  -627 -1298 -1587  1356   614  1255   323 -1244  -964  -587   464 -1323  -746   616  -611]
[  673   430   -14   832  1192  -444  1239   346  1090   541    71  -227  1361  -106   299  1095  1457 -1477  1317   -80  1425  -567 -1490  1030   303  -647 -1160  -628  1346  1450  -687  -662  1015  -941  -604  1634  1461  -392  -159 -1078 -1233 -1566   712  -529    44 -1551  -627  -569  -828   524  -265  1122  1465  1065   612  -132  -575  -266   512 -1032  -907   391  -483   717   -52   284  -844  1275  -163  -296 -1300  1485  1333  -746 -1600  -738  1228   357   175  -873   576 -1038   240  -888 -1656   -65  -756  -382  1056  1001  1529  -499  -865  -504   981   -53  1589  -310  1151   612   -34  1349  1570  1602   -37   205  1524   641  -427  1104 -1379 -1496  -353  1256   953   641   849  1528  1452  -746  -473   511  -452   309   864 -1513  -820  -602]
[ -404 -1530  -598  -288   462  1216  1389  1655  -618   561  -742  -753  -862  -883   362   210   941  -520  1031  -541 -1629   802   306   276   600 -1288 -1488  1158 -1272  1583   756 -1138   889   435   687   613     0   596   328  1116  -634  1368 -1535  -303  -276  -282   621 -1161   469  -306  1241  -549 -1531   884 -1382   -69   349  1197   -43   848  1193  -665  -425  -490  -967 -1128  1614   335 -1376   829   967   896  1171   335  1404  -738 -1636 -1357 -1541 -1274  -303  -682   516   304  -108  -732  -270  -594  1142  1035  1309    12 -1086  -850 -1178   805   861   579   690   920  -925   436  1405   -38 -1322 -1659 -1333  1644  -200   999  -144 -1361  1559 -1416    78   655  -820 -1619  -904 -1403  1104   -88   -83   -91 -1368   528  -916 -1013]
[  357 -1462   767   846  -608  -720 -1079    61   970  -774  -925    27    61   492 -1097  1114   216  -318 -1442  -245   104 -1622 -1101 -1622  1404  -364   692 -1196 -1435 -1071  1195   607  -592  1409  -490  -676 -1359  -882  1340  1058  -961   483   899  -195 -1236   827  -219  -291  -622   105   678   928   905  1444   -69  -482  -506   440  -259 -1078   976  1458  -358  1287   645  -123  -127  -343 -1455 -1371 -1408 -1277   641  1375   -84    88   714  -514   830  1242   144   210  1318  1454  1007  -110  1309   102 -1088   222  -900  -717 -1648 -1259  -140   568    -3   521   -69  -266 -1356  1025  1247  -591 -1035   418  -396 -1192   459  1481   141  1662  -852  1648  -685 -1091  -421  1530 -1508   325   298  1305   882  1102 -1298  1271  -869  -504]
[  355 -1468   -34  1574   230 -1293 -1003  1282  -477   -83  -305   -15   -26  1191   964  -987  1305  1506   176   932  -890  -840 -1556  1062    91   238  1068   506   391   128   928  -647  -850 -1137   524   136  1261   478  -121  -383 -1252   718 -1571   498  -140  1111  -342   -44    92  -996 -1619  1291   986  -213  -196 -1546  1418   508   984  1229 -1095 -1042  -570  -448  -765   871  -329   472 -1000  -580  -396   327 -1406   713  -226 -1512   623  -922  -693   734   669   997  -724  1320  1049  -706   800   203 -1122   274  1609 -1139   482  -338 -1105   447   -97 -1094   609  1499 -1322  1457  -176 -1595 -1475   658 -1121   145 -1475 -1297   589 -1031 -1642  -221   308    12  -976   504  1497   427   481   602   517   618 -1210  -567   716   931]
[  578  1159  -146   890  -569   813  -352   992  1290  -708  -280  1550  -418  -338  -943   777  -905   620   404  1389   987  -921  -963  -381  1229  1361  1454  -323   757    -7    39  -989   224   -73  -880  1252  1149  1659  1608 -1187   447   710 -1606   537   526 -1072   996  -144   -51   284  -743  -699  -426  -196  1214  1508    39  1651 -1165  1502 -1299 -1388   557  -161  1183  -346    41 -1124   922   853   375  -351  -142  1158  -367  -153  1463  -133  -415 -1504  1362   -49   647   218  -915  1639  -671  -209  1341  1269   401  -221  -650   499  1287  -204  1142   311 -1289   838  1481  -627   154 -1185  -649  1384    16   922  1322  -867   435   162  1584 -1649  1102   951  -414  -819   827 -1377   194   686 -1609   -37 -1457   955  -596 -1189]
[  186  -868  -992  1487 -1622  1207   -67 -1380   166  1013   343  1277   133  -502  -715   519 -1646  -167   152   454  -551  -289 -1471   423  -601  -460  1032   -67  1127   822  1089 -1059   237 -1233   877  -486  1282 -1217 -1275  -893 -1076  -332  1195  -302   966 -1609 -1459 -1606 -1113   775 -1560  -367  -456  -127 -1552  1125  1304   -82   504  1290 -1140   939  -962  1423 -1354  -816   211  -734    91  1606  1306  -187  -856   864    62   704   383  -301  -646  -888 -1152 -1064 -1057 -1624 -1632   916  -814   949  1010  -206   877  1195  -267   751  1212 -1255 -1417  1618   524  -188  -282  -259  -552   838   518   735  -108   -31  -403  1460  -712   651   549  -579  -541  -360   733 -1560  -265  -461 -1323  -119 -1501 -1280 -1229  -949  -470   929]
[ -691  -105  -300 -1628  1320  1324  -990   165  1477  -306 -1007   876  -329  -820  -965  -880   805   745  1273  1245  1130  1089  -544  -324 -1123   787  -891 -1069  1652   -90 -1027   -14  1086  -528  1626  1563   905  -529 -1620   862  1620  1193  -440  -438  1657 -1026   570 -1561   955   -51  -328  1344  -637 -1425  1186   815 -1425   384 -1576   162  -766   627 -1614  -914   760 -1599  -356  1492  1546  1241  1184   -46  1160  1006   897 -1422 -1369  -692  1179   690  1195  1479   544  1458  1302 -1326  -609  -966  -686  -802  -352   841  1252 -1166  1187 -1237   105   616    61  -978  -838   503  1304  -178   282 -1101   -51  -991   122  1122    47  1370   479  -200  -700    48  -646 -1303  1496  1639  1206  1061  -771  1524  -814   256 -1020  -757]
[  -67    22   123   486   -62 -1662  1481 -1181  1104  -749  -454  1180  -291  1548   381 -1011   515 -1159   451  1529  1514   179  -966 -1464   295   -26  -774  1239  1344  -357  -681 -1209   330   562  -605  -215  -562   938   257  -903   992   315  1250  1452   509 -1384  1540    94 -1016 -1466 -1107    87   407  1566 -1660  1091  -477   273 -1607 -1640  1170  1635  -801   589  -721 -1444   213 -1044  -104   650  -232 -1556   -29    95   976   180  -910   -51 -1045 -1644  1556  1422  1219 -1053  -179 -1450  -866   872   871 -1323  1309   -90   691  1108  -161  1555  -735  1177    89  -259  1500  -322   775  1622 -1306  -304  -561 -1155 -1290   749  1614 -1390  1474   742   -53  -922   215  -583   566  1575 -1063  1406   814   705  -932   269  -608   272]
[ -345  1190  -800  1524   674  -264   138 -1353  -176  -179   593 -1142   397   322  -736  1660   117 -1428  -527  1439   831   387   175  1631  -898  -511 -1185  -123   351 -1055 -1514 -1097 -1587  -916   425  -501   391  -652 -1594   964 -1549  -567 -1156   -46 -1664 -1382  -106  -449  -822 -1457  -768   -86   -64   235 -1206   108  -729  -655  1527  1422   304  -486  -402  -106 -1569  1393 -1034  -325  1118   512  -901  -698  -722  -433  -372  -675   239   398  1302   633  -543   683  -329  1546 -1431  1279   483 -1061  1489 -1417 -1417   955  -110  -666 -1624  -673  -821  1490  -775   978   764   767   153    38  1154  1352 -1003   946  -323  1005  1398    18   514 -1492  -330  -461   471  -347   539  1656   668  1095  1099 -1489 -1083  -480   724  1450]
[-1014  -800  1251  -646   868  1600    84   248  -220 -1550   -49   102    12   240   819 -1298  -116   258 -1416   180    13   943  -224  1513  1190  -361 -1514  -667  -829  -460  -388  1420   398  1580   -92   201  -899  1505  1222     4 -1475  1664   -48   385   345 -1463   949  -985 -1346  -199   663 -1119 -1543  -610  1602   596  1168 -1555   801  -935  -498   573 -1247   677  -327   730  -629  1179 -1403   997  -333 -1586  -949    91  -291  1609  1412  1004  1353   638  1100  1490 -1194  -969   844  -232  -844  -664  1433   949   319    12 -1187  -754    14  -735 -1059  -582  1530  -402   -53  1599 -1471  1572 -1584   -58  1633   -39   682   683   -20  -428   832   -75 -1073  -364  -663   349  -253  1000 -1091  1651 -1111  1263   957  1211  1559  -510]
[   38 -1329  1153   466   970 -1323  -427   707  -294   540 -1554  1097  -685  1509   796 -1430   692  1325 -1215  -980   187 -1598   873   114  -993  -952  1372  -484  -851   -16  -726  -694   787  -461  -568  -734  -675  -336  1557  -132   376  1410   439  1422  -821  1256   795   264  1596  1496   595 -1587   -32 -1637 -1200  1576   880    67 -1493  -171   213  -940  -438  1226  -986   882 -1489 -1286   550  1514    15   438 -1033    97 -1577  -468 -1167  1034  -685  1251  1458    51  -225  1039   423 -1450  1058  1639 -1131 -1230  1046   275   336 -1189   672 -1329  -617  -385  -532  -842  1552   649   -95   855   439  -273   988   342   712  1596  -495  -791  1618 -1645  -370   384  -707   874  -498  -546   429 -1219  -829   264   384 -1507  1340   -77]
[ 1652  -894  1594  1561  -284   841 -1081  1049  1214   606  -124 -1207   341 -1220 -1030 -1507  -708 -1463  -631   -53   440  -278 -1660   790   354  -610  -315  -841   795 -1023   789  1318  1295   -96 -1552  1615   217  1411   -62  1304  -280  -955  1502  -573   -76 -1034   164   695   -36   -90   -10 -1172  -991 -1080 -1117   520   111    85  -942   464  1026  1001   886  -654 -1180 -1150  1564  1617  1190   297  -742   799  -980  -948  -606 -1621  1255 -1128    32  -369  -319 -1446  -690   827  -766 -1541   856   241 -1433  1568 -1028  -160  -479  1324  -525 -1125  1145  1162 -1663  -505  1450   736   867   113 -1147  -950 -1585  -240  1169  1033  -931  1444 -1389 -1178  1363  1003   394    72   424   795 -1523  1204   308  -302  -932   -68   768   861]
[  201  -851  1506  -807   972  -109  -624   704   172   337  1610   109  1281  1664  -947 -1451 -1426   677  -180   688  -348   774 -1518 -1485 -1592  1354  -856   -27   399  1437  -964  -373 -1350 -1394  1342   -33   198   373   904  -478  -720 -1395  1040   236  1422  -808  -887 -1189   -66   847 -1454  1093   312  1335   407   950 -1390  1319   -59 -1060  1069   854   224 -1525  -954  -804   234  1143 -1285   277 -1080 -1361 -1006  -833   557  1356 -1224  1265  1547 -1151  -710   990  1093 -1558    49  1508  -229   940  -247   -79   143  -780  -803  -649   825 -1520  -624 -1389 -1113   650 -1198 -1105 -1000   470  1515  -385  -438    48  1222  1186  -243 -1320   738 -1009 -1053  1458   663  1235   -87   141   565  -119  1241  -167 -1029 -1213  -466   227]
[-1351 -1109  -684  -269  -478 -1169  1198   158  1154 -1664  1499 -1647  -311  1350  -588 -1404  -586   958  -360  1626  1134   868 -1362 -1410     3  1631 -1172  -674 -1454 -1432 -1644    86  -187  1514   802   969  -416   307   377 -1244 -1542   865 -1608  -150  1664  -940  -165  1663   440  -160   794   624   308   -53  1534  1137   964   565  -348  1559   377   389  -951   193 -1064 -1097 -1219  1326  -555  -418   441   123  1483 -1475  1133 -1376  -623  -746    65   279  -802   887  -708  -736  1395 -1315 -1114   254 -1467   182  -735 -1574  -939  1494   956  -651   -70  -827  1595  -945   -47   259  -681  1579  1637   144   726 -1160  1107 -1168  -391   908   339 -1201 -1422   789 -1299  -888  1390 -1023   684  1232   -51  -400 -1217  1343  -789   795]
[-1488 -1446 -1223   831 -1380  -620    74 -1306  -313   871    97 -1190  -567  -792  -299  1484  -339  -696 -1510  -712  -920  1494   992  1630  -359  1000  -247  -293  1429  -528  1370    -5 -1407  -368 -1301 -1041   201  -439   767   847  -983   993   437  -294  -723   919  -179  1103  -344 -1348   970    95  -904  1157  -151  1316  1107  -721   198  -651   780  -523  -801   151   650  -855  -985 -1320   601   -30  1197  1553  1278   215   644    69   871   979   -19   -54   130   804   229 -1172  1586  1512   131    20   724  -999    -5  -685  -806   905  1582  -370   279  -171  1320   447  1577  1577   962  1144   695   886   473  -376 -1079  -722   390   263    21 -1540  1565   328  -367  -322 -1575  -438  -885   -30 -1450    84 -1293   436 -1443   771]
[-1178 -1204  -495   983  -731   328   291   422  -152  -496 -1537   818 -1641    97   494  1323   -12   793 -1314   915  -524   347 -1350  -121   223 -1609 -1265   452    95 -1021   235 -1652  -891  1505   795  -532   225  1436   307 -1272   -28   968  -895  -734   328   430    -8 -1005 -1329  -857  -977  -166    87   445  1663   470  -781  1599 -1572  1504   414  -766   226    50 -1448  1445  -636 -1295  1617  -517    86 -1033   533 -1300  -941   883  -683  1203  -979 -1259   676   331   178   683  -875  1240 -1161  1436 -1226   455   698 -1272  -315  -434  1219   586  1097   384  -389 -1452   731   536 -1547  1384  -152   503  1504   -31  -826 -1288  -364    14   969  -405 -1262  -819  -896 -1629 -1514  1473  -973  -366    81  1084  -624   134  -941    62]
[ 1223  -397  1236   175   900  -650  1344   315   943   424  -302   912  1005  1354 -1475  -668   150 -1621  -942  1171   897 -1046  -483   870 -1002  -282 -1256  -840  1293 -1649   442  -561  -718   383   912   763  1251  -839  -649   431  1137  1112  -317  -206  1042  1381  -544 -1220 -1595   228 -1016  -654 -1275     3  1310  -382 -1325  -762  -167  -225   938   357   998  -492   596   133   802  1205   835   409   422 -1517  1444  -300  -553   733  -629  1577   899    -3  -334  1079  1507  -176   -81   480  -260  -590  1486 -1251   972  -377  -346  -911 -1664 -1377   956   653 -1059   802  -848  1316  -589 -1282    27   435   907  -937  1295 -1593  1007   702   933  1297    -9 -1143 -1059   439  1116   380 -1205 -1012  -172   477   282    80  1607   562]
[ 1123   774  1356  1024   441   -69  -361  -187   552  -342  -205  1012  -921   375 -1168  1186  -220   530   627  -542  1518 -1574   -71   631 -1286  1114   705   365  1302 -1051  -626  -718 -1476   156   145  1566  -162  1203  -564 -1412 -1484  -577   422   175  -732  -819 -1497  -451  -958   391   291  -987  -233  1646 -1285   138   841   -85  -919   -79 -1365  1034   698  1640 -1372  -994  -962  1091 -1422  -293  1201  1338  -594   363   501   881 -1186   994  1131  1243  -466   310  1007  -614 -1102   411  -169   162   892  1023   855    42 -1569  1045  -593  1256   661 -1074 -1042  -805   912  1100   400 -1091  -342  -139  -233   340  1332   544  -504   955   352  -672   643  1526  -420   145  -402 -1630   753   146  -989  1003 -1122    96   354  1244]
[ -243 -1551  -503  1614 -1210   581    67 -1005  1384  1367  -552  1235   722  -272   569  -401   474  -835 -1072 -1048  -759   532  -564   615   418  -378   233  1562  1280   -65 -1353  -507  1242    49  1023 -1419  -962  -959 -1262  -998  -530 -1211  -859   391 -1209   458  1414   542  1421   526  -523   903 -1484  -508  -337  1532   429   852   414  -209  1120   663  -460  -988  -548   588  1290    89  -401   936  1575  -743   224   883 -1426  1009  1104  -993  -207  -839   741   966  1219 -1472  -937  -470   620  -851 -1505 -1377  1461  1353  -990  1284 -1394 -1507  -223    23  -610 -1421  -769 -1497  -468 -1060  1195  1371  -233  -960  -841  -116  1204   470 -1024   679  -497   785  1606   843 -1145  -392 -1443 -1141  -847 -1119   273   840  1664  1081]
[  323  -503  1079  -108   653   -52  -578 -1452 -1086  -760 -1002   751   782   973  -969  1139  1342 -1418   829   481  -916   320  1458  1416 -1199   -57   896 -1176   260  -880 -1235  1270  1479   346  -922    10   488 -1506  -329  1534 -1316   666  -482  1492 -1347   474  1135 -1051 -1337  -962  1438 -1300 -1423   -22  -209  1069  -140 -1613 -1242   987  -702  -593 -1477   930 -1263  -599  -945  1604  -746   254 -1323   110  -273  1501  -837  -841  -911  -344  -907  -947 -1490   128 -1226 -1259  -293  -575 -1152 -1025 -1578  -427   541   443  1513  1297 -1013 -1511 -1512 -1545 -1295   382  1318 -1443 -1106  -602  1066   137 -1509  -427  1216  1055   488  -314   862  1526 -1109   483  1381   803 -1018  1177 -1405 -1507 -1249  1611  -612  1274 -1185 -1028]
[  203   177  -211   510 -1023 -1634  1381   337 -1400 -1276 -1280   817  -600  -601  -491 -1273   989   649 -1434  -118   380   288   135   500   515  -833  -355  -741  1065   208 -1476  -796  -799   202  -519 -1454   453   663  1419 -1508   560  -990  -416   980  1587  -638  -663   950 -1630  -749  -783 -1108 -1122   175  -831 -1083 -1087   673  1135   188   257  -168  -456   291   782  -297  -424 -1368 -1376  1040   127   -51   630 -1251   585  1462  -311  -697   886   445   506   538 -1592   624  -320  1213 -1523  -264   909    34   348   187  -758  1491 -1388  1661   570  1501   -68 -1484  1277  -773   769 -1316 -1235 -1214 -1615   834   955   -23  1331   117 -1018 -1117 -1484 -1451   497  1418  -200  -413 -1314  -881   474  -367  -368  1233   -44  -234]
[-1091    62  -273  1581  1099   328   922  1229     3 -1356  1168   289  -201  -999   -33  -631   533  -975 -1541  1278  1529   925 -1196  -899  1145   396   773   321   364   174   114 -1203   -42   991  -834  -292   732  -989   186  -120  -161  -302  1005 -1221  -856    20 -1007 -1299   905 -1153  -716  -751  -562   -25 -1570  1146  -769  -260   330  1291 -1603   549  1517 -1654  -404   405  -593  1207   600 -1620   753  -574  -688  -748   714    65  1244  -481   943 -1031  -569   423   990   590   -37  1603  -447   730  -396   232  1591  1586  1511  1363   510  -849   642   104   172   961  -399  1519  -401   994  -257  -399  -438  1120   701  1092 -1105 -1264   103  1087   526 -1143 -1330  -732  -384   872  -680  1052 -1224   600  -154   788  -246   898]
[ 1091  1251   423   229   934  1556  1580   343 -1561  -784  -952   310   -27  1452 -1600  1387  -468   107 -1295  -382  -504   896  1129 -1315 -1052   381   422    46   -27   219 -1106  -939  -794 -1592  1175   837   402  1433    26  1116   368  1432    34  -100   466 -1593  1307  -460  1282  1045 -1012   914   583  1448  -786  -133  1455 -1255  -242  1488   924   981   785  1524   820  -295 -1566   675   654   530  -162   295  -744   252   872  -209  -139   408  -972  -483   514  -773  1094   520 -1496   -20   653  -283  1471   540  -467 -1249   916  -476 -1204 -1443   872    65   977   190   401  -703  -251  -698  1002  -252  1326  1200 -1600   678  1252   708  1574 -1017   254   541   -23    17   383   865  -820 -1267 -1336  1595  1042   700    58  1240]
[ -985  1307   978 -1197  1073  -503   469   810 -1015 -1310 -1554  -915  -717  -740  1047  1258  1069  1091   734   972   884  -778   662   880   161  -959 -1089   389 -1616  -185  -771  1596 -1197  1628 -1359 -1232  -637 -1645  1366 -1320  -508    29  -859   264   770   738 -1582  1155   -98  1344 -1132  -413 -1222  1388     2 -1181   333  1567   282  1019  -159 -1272   298  -712  1212  1013 -1612  -706   632   485 -1071   812   556 -1463   -92  -436 -1599  -508   233  -311   798   630  -277 -1461   -90  1104  1453  -969  -755   197   678   524  -619   821  -711 -1452 -1356  1149  -192  1458  1109  -373 -1235  -551 -1513   634 -1021   566   546 -1625   333  -367 -1284    40 -1410   848 -1098 -1385 -1568  -337   464  1409  -214  -741  1547 -1013   353 -1404]
[ -919   299  1235 -1139   -11  -991   590 -1555 -1478   715   -76  1077   995  1264  -341 -1420  1637  -438  1103  1127 -1341  -826 -1629   245  -156  1624   -78 -1038  -838 -1575   873   780  1558 -1011   741 -1455  1656 -1379  -251  -908  -592  1278  -580  -828 -1169   127   283  -279  -877  1409  1592 -1626   898  1243  -178  -573   413  -258   896 -1390  -773  1647  -887  -295 -1304  1085  -506   319  -642  1512 -1505   144  -438   743 -1024 -1240  -573 -1238   579  -778   955 -1541  1199 -1324   336  -195  -447   410   188  -573  -436  1442  1214  1423  1127  1636  1068  1199  -814   330   587   936  -606    -4  -493  -397 -1412 -1607   929  -936   796 -1557   841  -993 -1206   402   951  -926  1407 -1564   425   287  1194   119   -48 -1185   135  -981]
[  634   740  1516   256  -174 -1144   204  1397  -541  -997  -346  -720  -552  -168  1575  1303 -1117   912   240   -23   396   269  -949  1209  1071   175  1056 -1086  1364  -929 -1541  -224  -116  1291   541 -1620   144  1183  1639  1450  1618 -1000  1303 -1419   288 -1425   230  -839  1226  1661 -1555   566 -1658  -237  1530  -977  -791  1243   381  1628  1621  -159   811 -1224 -1511   461   502  1219   956 -1115   528   731   748   137  1625  -548   244    12  -429  1281 -1295   180  -212  -388  1477 -1353   469  -813 -1243  1087  -944   852  -373   339   503  -525   571  1160  1005  1080   -22 -1250     3    18  -256  -719  -290  1207  1053  -835  -806  1233  -602  1340  1278  1294  -736   964 -1176 -1407  -237   603  -242  1418  -451  -403  -230   717]
[  192   634  -361  1412  -389    11   -24  -612   -22  -135 -1069  -555  -375   177   714  -130  1149 -1320 -1560  -731   -29  1227   550   240  -892 -1297   557  1042   903  -349   482  -732  -250   243   299   399 -1111  -793  -881  1289  -828   828  -578   174 -1515  -472  -288   750  1408  1049   645  1663   714  1453   -86  -692    67    -8 -1027   654  -468   673  1645  -790  1037  1030  -607  1025   705  -131 -1318   173  -661  -274  -437   268   770  1623   115   377 -1595  -304   855   -45   454  -465   220   165    38   850  1285  -737  -908   730  1067  -210  -863  -107 -1525   779  1266   175  1416  -699  1125   551  -805 -1480   107   719  -279  1036   940  1290 -1427  1156  -447   356 -1335 -1162 -1156  -570  -401  1224   299   971 -1068   829]
[  547  1453  1460 -1196  -822   693   -64   184 -1013 -1660 -1323  -491   876 -1584 -1458   -25  1621  -704  -922   508  1485  -831   730  -522 -1314   781  -675   705  1183  1396 -1141  -198   217  -962   809   365 -1464   231 -1477   441   882  1347  1433   297 -1475 -1469  1083   389  -832  -568   148  1600  1378  -156   889   -79  -301 -1161  1500   164 -1065  1222 -1340  1192  -863  1038  1453   732 -1583  1170   359  -334 -1431  1208   266   306  1253  -180  1473  1454  -134  1287  -981  -401  1304  -154   189  -349 -1653  -361 -1651   846  1449   261  -305  1587 -1333   283  1268  -770  -803   233  -994  -430  -379  -515 -1501 -1355 -1285  1609   -44 -1095  -797   120  -589  -597   444 -1485    78   669   144  -992   464  -329  -439  1619  1323   134]
[ 1309   762  1030 -1275 -1582   186 -1629  1190 -1121 -1571  1460     5  -645   633   621 -1000   907   983 -1117   733  1383  -341   771  -576 -1503 -1551   594   936 -1516  1460  -738   343  1143  -951 -1596   880  -330  -986   891  1271   526   -15   451  -844  -275   844  -682  -415 -1018  -125  -343   -77  1227  -458   657 -1096 -1447 -1524   277   554  1511 -1074   866  -226 -1623  1212     3  -711  1154   893  -541  1418   357  -711  1358  -694  -635  -628 -1591  1186   800 -1340   888   868   -24    81   988  1460   679 -1227  1161   560  1593  1039  1348  -322  -340 -1399   760   963  1246  1574   844 -1596   594 -1472  1199  -740  1123  1317   761   259   167 -1354  1392  1119    22 -1262  -492   550  1066   991  -546 -1039 -1102  1227 -1648  1013]
[ 1017    -8  -906  -678  1640  -261  -350   904   510  1328  1418   869   926   602  1072 -1315  -893  -931  -936  -445 -1414 -1249 -1190   319   954  1545  -831 -1314  -767  1030   244  1242   207  1599  -178  -849 -1649   965  -525   382   287   624   185  1318 -1299    18  1634 -1620  -403   132 -1263  -952  1154   218  1216   903   467   378  -525  -974   -19  -537  -653   795  -592   517   833  -573   133  -387 -1518  1254  -650 -1083 -1266   783 -1375  -176   235  -379  -405 -1263   149  1186   211 -1236   374  -204   180 -1422   337  -362  -581  1360 -1430   509   400   394    65   737  -440   762 -1149     4   574  1453   527   215  -395 -1220  -100  -458  1313 -1049  -450   -13 -1188  -862   115  -946 -1448  -524   813   603 -1032 -1290 -1264   164]
[  695    65  1283  1607    50  -905 -1338 -1568  -641  -544   727  1294   432  -823   -23   517  1111   940   131   705   808   391   262 -1372   614  1058   421  1499 -1655   136   129 -1331  1519  -892  -484   557    65  1629   729 -1584   147  -170  1055    78   289   532  1645   353    69  1512   788 -1126   992  -122   984  -406  -865  1356   468   690  1157   513 -1583   720 -1577 -1127   935  1189 -1530 -1331   561   266  -941 -1385  1243 -1094   563  -451   384  1640  1101  -672  -981  -480  -575   958   932  1528  1295  1372  1149  1125  -830  -672  -828  1048  -179  -970   232   370   509   307  -152  -343  1040 -1110 -1149   400   151 -1233 -1278    15 -1406  -658  1434   795   528  1195  1044   255 -1385   729   957  1154  1361 -1411 -1121  -102]
[  446  1053  -259   955  -318  -915  -487  -820   778 -1571  -808  1574 -1044  -648  -468   658   262     9  -517  1011  -334  1378   243   954   370 -1475 -1476   412 -1569   699  -194   100 -1546 -1464 -1001  -886  -224   485  1106  -567  1472   269 -1224  1138 -1013   919 -1080  -989  1323   724  -282  1314  1513  1581  1380  -933  1620  -631   227   755  -463  -545  1044   856 -1512   248   181  1494  -513   837  -441 -1159   108  -244 -1200   545   355   615  1499  -816 -1518  1184  1550  -602  1196  -702  1482   467 -1574  1538   502 -1299   305 -1376   432  -151 -1447   591  -746  1580 -1474   928 -1621   157  1590    15   593 -1604 -1610    88  1140 -1437  -238 -1328   498   642   753  -428  1483   -11  -276  -347  1370 -1088   492  -963 -1362  1005]
[  168   677  1370   968 -1010   -51 -1340  1575  -866  -184  1360  1231 -1315   741  -161   187 -1065   727  1573    61  -987 -1399   492 -1024   781 -1245   273 -1262   639   -30  1153 -1163 -1326  -711  1077   538  -759 -1663  -133  -867 -1501 -1262  -519  1236  -676   128   928 -1608  1148   203   204  -572  -804  -326 -1246 -1349  -707  -175 -1521  -645 -1247  -136   378  -148 -1518 -1223  1439  1355  1650 -1521 -1543  -201  1637 -1075  -159 -1222  -421 -1168  -272   755   778  1539  -642  -807  -616  1346 -1180  1575 -1421  -437  -291 -1217     1  -322   869  -844  -249 -1547   611 -1436  1077  -378   -94   702  -902  1475  -797 -1479  -770    91  -298   876    72 -1427  1198    70  -295 -1640   301  -469   235  -136 -1062   222    66  -734 -1578  1260]
[ -586  -582  1163   342 -1038  -171  1652   974 -1538  -801  1493  -352  -317    75  1526    52  1393  1072   780 -1333   950   119  -234   862   732  1287   357   315 -1022 -1479 -1598  -735  -278  -526 -1142   538 -1301  1621   629   265  1331   158 -1628  -668   641  1494  1508   886  1210   382  -282  -303    73   -84   659  1621  -428  -744 -1590  -926  1431 -1165 -1208   823 -1019  1314 -1303  1203   219 -1335   964 -1555 -1445 -1083   627 -1237 -1628   -40  -186 -1165  1483  1192  -379   354  -821   124  1658  -796 -1258  -940  -828   501  -490  1599  1493  1189   779 -1481  -905  1321   384 -1355   951   589   864  -934  -314  1242    41  -174   982  -949  -766  -101 -1639  1462  -241   801   692  1023  -231  -691  -707  -720   857  1391  1166 -1441]
[ -631   647  1441   178   313   163  1333   820   -93 -1301 -1437  -995   343  -890  1340  1212   555  -534 -1593  -190   700   662  1082  1137 -1062  1091   356  1642   462  1380  1617   455 -1084  -100   937   -15     0 -1205   760   -47  1249  1538 -1253   991   146  -685 -1560   925 -1475  -424 -1000  1354   798  1444   784  1333   479  1315 -1042   736   173  1303   572   -81 -1229  -346   241 -1651    26  -158  -497 -1359 -1635   105  1081 -1409    69  -705   708 -1503  1579   787  -841   703    63  -314  1392 -1102 -1173   279   546    23  -713  -852   -54  -608 -1543  -188 -1643 -1139  -948 -1649 -1535 -1600  -527    47 -1551 -1502  -765 -1507  -946   441  -991  -326   820   868  1643   -42   331  -378    33   217   -88  1587  -723   509  1241   731]
[  -17   262 -1281    25   987 -1634   727  -421   -90  -311  -119  1634    21  -925   480  -663   797 -1223   236  1152 -1535  1227   782  -926    26  1167  -811  1184  -616   707  1045  1588  -629  -725  -985   210   249 -1222 -1533  1477  1534   718 -1103   296  -273  -366  1006 -1576 -1296  -267 -1604  -650   781   871  -191   731  -338   839  1587   538 -1005   420  1585   345 -1592 -1588  1242 -1505  -108   291  -967   -73  1539  -471 -1351  -899 -1362 -1256 -1411  -747  1634  1014   676 -1353 -1175  -634    77   660  -460   679  -731   575  -833 -1412  -764  -190  -781  -568  -614  -315   272   194 -1259  -995  1378   396  -958   251   439  -964  -456  -886  -641  1570   778  1223 -1067  -716  -805   416 -1314  -909     6   500  -899   622 -1135  -709]
[-1038 -1193   129  1330   291 -1232  -709   658 -1030  -142  -471  -976  -544  -120   204 -1258  -439   180 -1247 -1378   183 -1441   326 -1545 -1036    21  1332   606 -1162  1503   363  -309  -354   661  1545  1390   347  -830  1501   212  -964   250  -652  1236   314  1249  -174   -29  -519  1200  -537 -1206  -696 -1505   906   622   182  -525   879  -215 -1456   514  -699   486  -687  -495 -1185   -54     9  -494 -1037  1339  1022  -264 -1560  1613   754  1117  -948    54 -1627  -973   592  -670  -198  1425   951   967   898   -27 -1635 -1081   785  -404   442  -208 -1392  1316   287   690 -1198 -1037  1235   758  -833  -931 -1062 -1541  -916  -220  1239  1006   298  -236 -1514  1094  -721   660  -970  -891 -1182  1416   103   180   252   288  -252 -1159]
[-1153  -116   788 -1218  1397  1141  -649  -723  -298   209  -482 -1100   933   604 -1564 -1508 -1405  -752  -223  1205 -1445 -1510 -1336  -164  -208 -1150  1139  -672  1115   958  1220    -1  -526  -162  -682  -181   662  -426 -1345   -74 -1432 -1544 -1018  -170  -321   574  1076  -467  -695 -1267   147   593  1233   453  -106   613 -1095  -269 -1205  -730  1001 -1587   -73  -375 -1336  -722   202   239   985  -407   368  -917   538   488  1292 -1544   405   541 -1632  1387  1302 -1662  -684  -489  1313   481 -1349   574  -147  1139   400   663  -873   699 -1106 -1289   186    60  -484  -212   821  -204  1414 -1376  -460  -378   977   994   734  -380  -331 -1469   956   553 -1445   366  1311    58  -683 -1302 -1377 -1577  -792 -1660    78  1340  1610   759]
[ -439  -100   497  -174   129 -1482  1507  -948 -1356  1341  1302   421   974   566  1092   991   760 -1654  1003    44   225  1562  1064   949   636  1122   -61  1498 -1068   330 -1001   154  -549  1132  -766  1637  1231  -897   798 -1009 -1447  1173 -1230  -219 -1226 -1556  -236  -887  -545  -538   502  1651   663  1450   600   -37 -1531  -213   330   807  -498  -640 -1252 -1011 -1521   -82   324   986 -1300   985  1410  -418  1084  1094   865   357   494  -706   331  -330  -291  -536    57  1111  -330 -1219 -1603  -653  -237   -32  1275 -1248  -381   -37  -485  -897   437   115    39 -1179  -498  -500   -43   -96   155 -1523 -1329  1617   211   -35  1076  -795 -1365    70   769  -446   181  1085  -243  1433  1072  -488 -1639 -1208  1174  -779 -1490  -970]
[ 1028   397  1446   484  -397  1252  -360  1564  1370  -103   134   519 -1462 -1462 -1120  -808  1164   910 -1360  -107   -78 -1134  -953  -104   866   -11  1526  -382  -386   378  -657   277 -1154  1158   732 -1149   835   943  1636 -1506  -389 -1562   481 -1191  -273  -121   -87   293   328  1198   529   -94  -376 -1506  -225 -1399  1115 -1409   -61  1186  -523     2     3  1383 -1314 -1504  1530   630  1052   447 -1599  1240  1449 -1391   844  -803  -449 -1289  -996   982 -1253 -1294 -1522 -1441   362   909  -480  -223   821  1194  -601 -1501  1160   174  1375  1520  1079  1289  -784  1368   573    20 -1528    51  1408  -253 -1462 -1553 -1500 -1178  -502   320   617   969   772   910 -1524   474  -565 -1653 -1206   582   829  -194   353   953  1613  -725]
[ -281   943 -1074  -113  -616  -666  1034   110  1189   206  -837 -1584   865 -1159  -453  1245    84 -1193  -128 -1410   922  1170  -709 -1661    27  -428  -660  -881  1178   -73  -907  1621   110  1393 -1370  1315   206  1542   288  -630   211    36  1198   854   202 -1173  1046   998   954  -943 -1202   342   178 -1297  1325   936  -365 -1595  1012  1293   977  -763  -284 -1371  1507  1206 -1635 -1547   343 -1412  1600 -1462   596 -1130 -1161    48   134  1002   661  -140    79   616  1322  1454  -174 -1338   432  -105   197  -874   912  -542  -960  -703   952  -838  -501  -722  -777 -1539 -1313 -1604  -640 -1639  1205 -1603   586  -982   294   -83 -1503  1117  1282  -951   573 -1340 -1354 -1322   940  -340  1063  1513    40  1293   -47  1022  -357  -142]
[  914  -252  -529 -1183  -947  -140  -203 -1142  1645  1047   975  -442  1481   193  -457  -865  1180  -590  1091  1306   395    90 -1181   664   -77   195 -1014 -1372  -195 -1437 -1559   532 -1628 -1031   -72  1190    89   138    19  -561 -1567  1365 -1302   134    19   637 -1521  -323   317  1653  -907    10   606 -1663 -1494   989  -611 -1619  1245   416  -872  1402  -345 -1492  1138  1638  -624   921   843  -960   651 -1378  -469  1271    32   627 -1467 -1292  -999   700  1266  1379  -783   923 -1489 -1377  1293  1172 -1373  -157  1038 -1103 -1324  -518  1311   450   575  -783  -898   370    59  -521    93   870   957 -1005  -428 -1504 -1016   433 -1436  1077   -31   853  -715   676   204 -1328   224  -181   531  1579   329   338   940 -1546  -946  -944]
[  723   565 -1038  -300  -846 -1606  -734   212  -297 -1391  1007  -482  -950   271  -607   949  1034  -305 -1394  -558 -1214 -1567    64  1200   448    15   101 -1150   864  -895   152  -703 -1256   654  -423  -644 -1329  -913    27  1031  1419  -210    47 -1364   970   509   430 -1553 -1477 -1441 -1171  1637  -244   -97 -1658  1228 -1487  -810 -1408  -198   916  -768   -89 -1653   368  -803   698 -1006   416  -112 -1540   373  -732 -1313    46  -930 -1193  1391  -325   477 -1182   278  -577  -533   308   557  1400   612  -897  1330   937 -1160    73  -653  1653 -1597  -411  -644 -1003  -686  1578  1117  -603  -647   576  -655   303  1127  1462  1228  -491 -1011 -1640 -1274  1110 -1198  1490 -1652  -433  -271 -1476   433   952   321 -1655   740  1197  -244]
[  -71  -238 -1271   242   -41   986  -222 -1467  1436  -501 -1062   642 -1108  1619  -103 -1336  -333  -195 -1057  -362   412 -1112   887  -861  1634   266   230  1636  1510  -155  -832   808  1320 -1611  -411  1218   717  -307  1133  1621  1282  -997   633  1610  -394   953  1196   708  -335   733  1423 -1010  1339   265   344  -826  -775 -1235  1251  1408 -1582  -294  1082   518   145  1528  1486 -1091 -1466  -813   642   346  1406 -1361  -949  -125 -1260   423  1228  -368   330  -183 -1008   709  -373  -602   442   366    37  -171 -1025   315  -544 -1361 -1030   279   553   283   147   210   593  1223  1604  -690   940  -837   847 -1174 -1437    86  -704   -36   501  -903   628  1263  1295  1107 -1435 -1442  1644  1241  1029  1157    60  -412  1618   280]
[ -667  -981  -605 -1267 -1115 -1536   -68   295   -60  1639 -1410 -1254  -698   339  -927    36  -986  1054  1631 -1083  -347  1197  1107  -664   181 -1506    45  1254   597   502   359   719  1425  -334 -1294   687 -1059   690  -130  -982     0   557   -81  1514  -217   327  1384   576 -1562 -1622   -32   876  -511 -1370 -1310   686  1645   986 -1336  1117   154    50   380   640  -923  1058   298   -20   467   273    72  1294  -771  1263   659 -1087 -1583  -146  -230   926  -146  -489   689  1194   720 -1317 -1038  -446   835   881   475   843 -1623   324  -443  -671 -1653 -1495   336 -1134 -1261   461 -1235  -789  -988   325   -82  -728   971   191   934 -1260  1007  -983  1404  -946  1210   276  -122   289  -506 -1155  1119  -319  1208  1269 -1308  -863]
[ -566 -1259   240   -74  -610  -799   297  1006  -457   374   -51  1178  -214  1277  1464 -1172 -1284 -1333 -1130 -1055   113  1300   701    50   836 -1085   121    38  1056  -529  1256 -1283  -807  -441  1466  1311   250  1521  -539 -1391   108    71 -1609   884   -22  1036  1414   613 -1499    82  -548  1501 -1195  1250  -692  1199  -550  -826 -1003  -930   391 -1232 -1411  -136  -570   938  -189  -321  -690   288   612  -633  -953 -1033  -263  -160  1629 -1488   974  -656  1185   106 -1316  -498  1474  1375  1202   880   807 -1438  1447  1468 -1500   449  1052  1018  -782   701  -188   579  1622   922 -1604  -909   101  1509 -1390   139 -1007   303  -535  -825   130 -1365  1547  -400  -470  -625   288  -309 -1131  1145 -1567   929   977   224  -289   619]
[ 1573  1417 -1552   241  -615   -80  -339 -1469 -1329  -759  1144  -759  -542 -1155  -468  1342 -1184 -1282   442  -986   472   200  -230 -1067   482   735    82   -94   996   330  1360  1516  1366   -52   982  1510  -931  -230   -67   665   448   593  1129 -1641  1392   964   205  -876  1081   163 -1483  1120  -591   619   931 -1441  -363   378   688  -853   895  -975 -1417 -1583  1389   858 -1615  1025   629   144  1387  1141  1576  -211 -1651  -298   135   318  -219   -75  -910 -1061  -675    71   335  1591 -1331  1524  1409   193 -1506  1373  -675  -771  -337 -1047  -284  1621  1646  1555  1427  -767  1001   197 -1088  -171  1089  1640  1430  -430   358   619 -1504 -1340  1352  -248  -941  -940   219 -1509 -1440  -999  -730 -1257 -1207  1370   289  1034]
[ 1088 -1127  -851   -90   -37 -1556   352   552    48   351 -1128   536   827  1484   735   722  -735  -651   169  -509   858 -1171  1488   693  -934  1102   411  -756   955  -363  1298   170  1533  -843 -1385   418   409 -1024   201  1293  1144 -1079 -1608  -459  1022  1282  -520    77 -1274  -888 -1527 -1204   668  -771   -48 -1585 -1250 -1653  -160  -927  1602 -1308  1435  -245   560  -725   -62   713 -1399 -1444   960 -1563  -792  -416   927 -1141   373  -681  1462  1573 -1650   755  -992  -744 -1085  1446   824 -1284  1345  -530  1611 -1588   115  -127   363 -1613  -769    -4  1078  1584 -1470  1094    56 -1280  1158  1204 -1312  -781 -1399 -1650  -839 -1447   312  -638  -898  -514 -1489  -886  -696   -39   515   989  1630  1210  1024  -532    29 -1115]
[-1223   -79   156 -1615   962  -175  -839    95  1258   169 -1028 -1360  -389  -467 -1544   725  1569   696  -692   426 -1062 -1524  -571  -965   648 -1133   376  1360 -1232 -1127 -1019   -65  1088  -714  1399  -387   -35  1111  1258 -1646  -919   722   175  -550  1132 -1134   996  -928  1143  1337  1378   604 -1634 -1658  1178   829  -859  -926  1596  -486  -453  -525 -1425  -545   -72  1158  -129  1038  -982  -530   622   397   524  1176   270   345  -880   653  -824   -78  1546 -1019  -323  -882  -736   809 -1382  -678   430 -1334   270 -1259  -520   113 -1554   420   983   257 -1585  1290  -125  -659  1374 -1631 -1049   182  1083 -1091   346  1244 -1349   471  -514  1169   632   475    84 -1627 -1559  -238    11 -1222  -238  1170  -326  -151   996 -1007]
[  773    27  1490 -1292  1273   641  -375   279 -1262   980 -1115  -177 -1150  1322  1424   945 -1426  1134 -1177   151  -425   -19  -316  -779 -1387 -1162  -622   657  1546   284  1603 -1496 -1466   479   603  -247   471   905   243 -1412   531  1000   278  -919  1132   -75 -1342  -476   321  1298   676   792   911   722 -1080  -633  -990  -631 -1170  -627 -1101   798    21   -79  1494  -523   806  1328  1031  -737  -931   576   351  -530  -934   899 -1045  1476  1017 -1217  -529  1599  1483 -1599  1024 -1288   102  -387   721  -614   403   701  -486 -1020   747 -1298   673   668   538  1607   839 -1625 -1259  1397   574   642 -1301 -1163  1090 -1238  -238  1019  1105   153 -1156  -205   146   600  -879 -1523  1266  -607  1134  -661  1278    80    -2   141]
[ -392   997   411  -831   707  1321  1662  -652 -1417  1534     9    -1   997 -1340   794  1626  1302  1105 -1362 -1142    27  1430  -388 -1483   856 -1566  -590 -1394 -1340  -609   869 -1521  1652 -1078  1376 -1515   495  1266   606 -1605   158  -643  -805   948 -1361  -921   973  1389  1153  -356  1483  -170 -1178   769  -951  -104 -1033   806   827  1054  -320  1549  -719 -1333  1529   613  -861  -638  1657  1652    45 -1079  -817   228  1226  1646   182  -124 -1303   227  -246   863 -1008   927   425    35    77  -785   741   909  1499   614  -220  -973  1591 -1362  1420    63  -125 -1485   233   -26 -1145 -1507   177  1348  1348  1076   717  -491  -213  1131    99  1544  -271   601   480   -58  -289   205  -409  -530 -1198   376  -826  -696 -1490  -369]
[  993    99 -1409   200  1185  1648 -1290 -1187   814   274 -1007   933 -1515  -595  1374  -532  -129  1477   -45  1551 -1398  1005 -1380  -673   113    25   817   435  1366  -732   882   123 -1112 -1189  -863  -430 -1477  1361   500 -1178 -1401 -1485 -1529 -1097  -673  -530   980  1199 -1478  1571 -1429   367  1343 -1357  -333   585   394   183  1149   182  -301  1632  -812 -1254 -1031   548  -264 -1000  1240    38  1413  1656   191   938  1202   521  1262    97  -287    52    26 -1452   263 -1466    28  -752  1472 -1060   488 -1543    25  1329   227   129   850  -148  -679 -1657    63 -1298   248   330  -662  -867 -1519 -1375  -523  -272    49   754   940 -1092   966  -781  -346    87  -671  -488   557 -1037  1122  1067   157  -755  -261  1300    13   909]
[ -164  -278   542 -1526  -636   905  1383  -476  -872  1518   269   942   -13  1083  -710    33  -536  -603  1155   254  -421   502   669 -1331   159   509  -786  -122  1569 -1379  1509  -393   319  1466   274   918    32  1082  1037  -228   266  -605  -408   711 -1088 -1454  -220  -395   400  -807  1414 -1092   930  1143 -1474  -772  1217   552   294  -440  -294   368   805  1101  1161  1160   343   929  1518  1086    96   119   117 -1419 -1128  -803  1536    41   648  1542   779  1590 -1100   333  -857  -273  1018 -1508    -5 -1432   739   570  -186  -497  1253     5   -95  -348  1505  -545  1523 -1655    18   272   889   -62  -242  1126  -571   973   345 -1122  -927 -1607  -180   489  1659   585  1244  -569   -27 -1621  -663  1531    36  -214 -1205   116]
[ 1594 -1399 -1373  -859   378  -569  -311 -1162    81   616  -758 -1185  1466   607  -860  -902   874   636  1396    41   135  -899 -1038  -197   273   230  -301   536  -440  -731    -5  -855  1167  1305  -641  1201    18  -552 -1057  -307   251   615  1344  1420  1316  -821  -158 -1546   542  1314  1348  -543 -1517  1146    10   505   909  -242  1460  1486   932 -1400 -1122   615   457 -1081  -618   155   873  -302  -290  -890  -381  -554  -865   794   352 -1289  -904 -1661  -805 -1433  -352   954  -594   551   448  1172  -593  -170   741 -1168  -275  -142   290  -510  1097 -1611  1155   727 -1295 -1647   939 -1597 -1606   875  1502 -1426   390  -754   320   -79    36 -1078 -1410  1174  1116   988   108 -1156  -324 -1275 -1564  -427  1640  -612  1136  -996]
[  174  -811 -1431  -490     7  1167   689   995  1354 -1162 -1036   743  1277    70   400  1452 -1126  -637  -489   638   665   571  -355  1282  1583 -1264   489 -1348 -1574 -1638  -503   572   612  -320 -1020  1183  -858   507   591   309   808  1530   697 -1607   648 -1390 -1605   389  -771  -885 -1608  1311  1268  1280   535   257  1632  -517   963 -1242   -79   652  1626 -1530 -1394  1040  1395  1370  -240  1216   785  -771 -1501   829   645   520  -394    21  -844  1464  -710  -835    95  -788 -1080 -1445 -1324  -155  -631  1166  -474   654  -262 -1351  -476   -49  -291 -1409   488   935   -73  1461 -1213 -1024    62 -1260   760   242  -655  -120  -655  -396 -1464  -101   224  1312    86  -542   215   638    81 -1588  -294  -824 -1171  -757  -650 -1383]
[  878  1234  -995  1342 -1302 -1617  1095   320  1495  1562  1232  -493 -1611  -835  -253  1417   799  -724 -1509   959  1396   -57  1389  1209  -583  -945  -701 -1609   -34  -882   561 -1553  -408   174   982  -302 -1228   250  -889  -971   776  -959 -1283   100 -1178  -284   102 -1655   758  1583  1063  1432   622 -1093  -804  -951  1323   703 -1078  1664 -1107 -1166 -1078  -762  1130   688  1446   509  1009 -1154  -119  1254  1607 -1147  -119   252 -1040 -1195   927 -1054  1001 -1435  -580    96   480 -1592 -1451 -1490  -108  -990   -40   488   410  -544   841   -94   423  -604  1531   374    89 -1213    -1 -1219  -390   125  -775 -1607  1085  1336   351  1525  1174  1015   250  1127   159  1461 -1108  1062   834  -882  -867 -1619   144  1620   664   792]
[ 1062 -1403  -400  1602  1449 -1562    23  -390  1650 -1527  1341  -884 -1114 -1111   494   647  1616  1515  -456 -1081  1031 -1445   103 -1006  -267  -131   565   238   -27   339   629  -146  -461  1338  1187  1293  -831  1218   850   774  -988  1281    68   137  -288  1101  1116   286  1166  1508  1482   -58   174 -1174 -1216  1528   -98 -1554   963   383 -1393 -1246  -694   454   429   191   -20  -685  -880  1611 -1200  1408  1213  -233   549   802  -899 -1133   240  -230  -777   149   354   392  1198  -993 -1390  1118   267 -1123 -1080 -1244   -29 -1021  -441  -734  -519   221   330 -1660 -1645  -425   228 -1151   250  -345   352   933   541  1416   350 -1036  -660 -1486    22    64 -1159   799   818   984  -271   769  1402 -1562   601  -978   -97  1471]
[  -11  1240  1098    10 -1293 -1040  -622   657  -378     8  1309  1238   702 -1229 -1115   960 -1001  -214  -583  -337  -209 -1485 -1222    27  -901  1564  -362    91 -1635  -671   849   843   314  1588 -1578   607 -1556  -775  -267  -158   193  -936  1036  1449   386  -240   451 -1294  -119    21  -791  -893 -1660  -927  -893   -49 -1621 -1292   -54  -763  -915 -1184  -683  1649   726 -1090 -1195  -689   400  -492 -1516  -648 -1078   894  -764  1462 -1478 -1292  1366   672  -893  -520  1283 -1407  1358   117  -528  1221   422  -540   432 -1519 -1433  -238   597    36   240 -1497   831 -1149 -1145   517  -729 -1312  -536   447   537  -500  -301   129   471  -442    10 -1502   230  -658  -141   192    30  -957   -88 -1514  1573  -408   455  -799  -374 -1424]
[-1636  -225  -863 -1470   247  -411  -200  -354  -291    82  1021   697  1429 -1388  -713  1043  -351   118   946   794 -1544  -149  1252  -900 -1446  -509    79 -1549   -20   868  -876   352   851   214 -1241 -1500  -258    83  -278   836   -35  1457   259    79  1440  -458  1009  1066  1637  1191   847  -120    63   223  -394   -99 -1584  -902 -1049  -340  1583   177   983  -485  -426   109 -1349  -273  1193  -131   401   149  1532   -28  -397  -250   -69  -416  -344  1244  1631   801  -577  1417  -920   569 -1662  -235  -243 -1204  1392  -816  1496   809   -12   911  -238 -1537  1284   506 -1578 -1211  -304   417  -666  -628  -467 -1071  -183   402   -64  -315   781  -429  -303   545  1623  1160   963   485   798  -409   -96   834 -1170  -301 -1331  -649]
[  852 -1572   808 -1266  -615   -89 -1261  -952 -1082  -312   357  -875   783 -1335 -1516  1120   -62  1413  1477  -889   954  -435   749 -1314   476  -947  1276  -797  1132  -731  -999 -1072 -1295   412  1471  1520   604  1037  -327  -623    27 -1590  -933  1453  -666   520  -494   531   485  -607   207   695  1535  1114  -427  -850    17  -540   374  -153  -123 -1229 -1502  1650 -1054  -656   817 -1322  1141 -1465   718  1038   466   229 -1337   660  1288  -546  -833  -527  1108   232   521 -1138   646  1122   983 -1175  -862     0   538   725     8  -170  1383   994 -1268   864   325  -971 -1464  1115   809  1576   190   116   446  1539   272  -816   667  -513  1094   841   704  1246   265  -135 -1100 -1243   623  -278  1112 -1333   254 -1282  -257 -1281]
[ 1392  1342   378  1603   377   164  -459  -186   599  1633  -818 -1619  -263  -515  -823 -1351  1274   257   603  -723  1563   180   -23   161  -112   178   -19  -593 -1406   938   956 -1523   310  -640   890 -1327   809  1005   652  1436   124   105   638  1120   551 -1432   635  1256  -812   643  1066   497  1537  1035   652  1637   117   811 -1192  -399 -1336  -566  1103 -1284 -1484   507  1384  -487   901  -106  1061  1157  -272 -1591  1357   853  -596 -1216   166   426  -787  1335 -1413   682  1072  1357  1194   932  1632  1502 -1309   977   556  -524  -989 -1591  1374  1372  -558  -247   108   493 -1046   504 -1466  -779 -1373  -166   315  -723 -1277 -1151 -1270 -1222  -869 -1146  1480   505   749   -35  -692   116  1627  -502  -474 -1581  1322  -786]
[-1044  -736  1555  -674  1497   637  1051 -1566  -290   364  -722   453  1232   977   778   994   917  1232   168  1611  -110 -1000  1606   457  -807   826   927  -303  1544 -1439  -277   110  -885   759 -1049  -886 -1159   867  1088  -978  -821  -163   637 -1541   495  1571  -775  -360   202  -551   961  -692   383   332   115  1237  -679  1084  1013   -74 -1085    71  -366  -354  1564  1007  1018     1  1630  -294  -602  -946  -655   659  -914 -1511  1564   171   193 -1311  -578    -2  1000   680  -991   337  -452  1437   421  1632   640   123 -1497 -1355  1064   636  1025   879    73   979   872  -417  -312   524  -801  1568  1431   786  -218  -128   828 -1498   409    65  -863  -211   800  -583 -1139  -642   567  1595  -763  -379   586    46   584  -411]
[  686  -660  1006   -81 -1607 -1051   237 -1196  -303 -1406   -72   145   717    33  -505   803   633  -535  1226 -1045   982 -1028  -381   832 -1066   810  -876  -749   140 -1269  1191 -1363   -98  1494  -719   558 -1559  1347   869   667 -1450  1290  1568  1586   268  -303  1655   337   931   244  -306  -453  -861  -242   353 -1495   254  -732   722   834  -541  1017   306   103   870  -276 -1620  -300   593  -307 -1401  -748  -530   136  1013  -785  1219  -160   780  -492    81   764   212 -1481  -682   466   227 -1113   165  -948 -1367  -730   510  -602   384  1605  -447 -1086   794  1031  -913  1019   336  -508  1488   596   698  -576  1092   340 -1426  -688  -441  1412   784  1043   565     4  -662  -865  -158   102 -1493   -64  1195  -939  1279   810]
[  292  1617    45  -828 -1343  -327   936 -1500 -1417  1131  1429   591   279 -1319  -879  -235 -1152   706  -798  1372  -698  -138 -1645   599  1415  1641    95  1012  -734   942   243  -211  1474  1227  1005  -266   843   753  1167  1452  -166   157  -887  1406  1487   750  -944   889   376  1148  1254 -1195    -2 -1529  -813  1066   543   713  1417   896  -983   925  -387 -1497   770  -954  1159  -970   552  -209   819  -704  1246  -140   493 -1194   902 -1483  -747   284   -77     7   823   590  -626   424  -779   103  1075 -1626   167  1267  1524   494 -1219   897 -1288  -632  -402  -961  1478   213    24  -290  -240   947  -550 -1145 -1540  -363  1182  1266   -92   776  -677   964 -1305  -771 -1662  -312  -857 -1149   896   476   751  -300  1577  1595]
[  671   847 -1388 -1365   326 -1398  -669 -1357  -527  1145  -437 -1127  -269   916   731  1466 -1236 -1482  1371 -1160  1115  -362   -79   322    36  -805  1144  1027 -1056  1320  -763   407   538  1566  -356  1538  1351    28  -795 -1294 -1190  -402  1524 -1148  1287 -1099 -1429  -793   252 -1185  -253  1054   116 -1108   842  1641   723  -304   429 -1598   198  -917   537  1026   610  -900 -1394   946  -734   982    -4   243    13 -1323 -1524  -291  1342   530  -905  1297 -1651 -1549   993  -519  1210   -33  -310   764  1458  -409  -570   975   -29  -605  -145  -470  -302  -893  -496  -350  -826 -1226   207  -279  -910  -218   352  -624  -436  -451  1623   946 -1516  -389  -279  1167  -721 -1288  -385  1151  1647 -1582 -1174 -1521    24   785 -1093  -210]
[ 1529 -1542  -930  -552  -924  -133   797   -34  -344   832   928 -1032  -712  1283  1130   218  -878  1019   689 -1270   492  -270  -893  -564  1371 -1060  -534  -787 -1477 -1235  -582   482   179  -907   185   -98   -44  -648  -602 -1316  1607   988  -873  -812   458   111   471  1271 -1274 -1538  -590   665   114  -360 -1202   -34   -81  -343 -1372 -1644  1394   -21  1367  1000 -1316 -1126  -862   -11  1196  -597 -1656 -1101   279  -684  1094 -1311  1220  -156  1455 -1545  -310   308 -1467 -1472  1369  -910  1479  -715   915  1475  1541  1149 -1243  1246 -1400 -1361    33  -308  1597   951  1223   180  -554 -1333 -1398   195   734   573   -25   200   251   894   199  -509   550  1027  -183   564   850 -1399 -1508  -117  1310     9  -410 -1353    95   604]
[-1155   436 -1475  1615 -1399   754   410 -1450   179  -756   974  1514  1629  -282   659  -352   771   -59   383   340 -1404 -1348  -267  -952   -24   920  1370 -1015  -195  -857  -780   851  -539   327  -109   584  1209 -1350    93  -846 -1238  -987  -636  1630   480  -308  -560  1064 -1320  -376  -141   230   491   468   306   571  1458  1319   942   317  -469  -192 -1605   635   -91  -257  1015  -890 -1005  -589  1180 -1641 -1118  1621   -56  -359  1096  1198  1362  1635  -124   693   643  1353  -999   -54  1221 -1657  -646 -1118  -336  1094   574  -995   562 -1015  -484  1047   782  -892   342 -1232  -418  -682   586   882  1014 -1632  1232  -578 -1472   670 -1016    22   357   -56 -1540  -287 -1254  1633  -332 -1209  -905  1556    86  -732    77    51]
[ 1540  1501  -707  -128  -880   175 -1149   670  -293 -1518   370   454  -347  1461    54 -1510   399 -1021  -973  -907 -1088  1021  -530 -1238   485  1154  1231 -1499   344  1593   287   976  1242  1467   986   213 -1159   457 -1245   736  1064 -1603   362  1484  -453   186  -316  -910 -1452 -1158   387  1339   931  -564   713   182   499  -485  1235 -1592  -453  1141   120   753 -1661   916 -1354  1461 -1515   -85 -1590  1096   567  -140  1636   324  1202   621 -1411  -999  -227  -903  1642 -1392  1101  1257   326   696   120  1100  -407  -314 -1611  1467  -278  1596  1275   677   962  -197  -228   743  -161 -1465 -1402  1209   835 -1220   531  -978  -553   533  1455   533  -597   665 -1162  -508   -59   812   532   130   821  1532   -25   736  1369   -17]
[-1107  -476   815   896 -1580   368 -1243  -998 -1647   187   973  -674   693  -726   689   492   380   980  -739    91 -1053   502 -1647   204  -391  1199 -1453  -550   234  1029   961  -264   355 -1376  -986  -864  1010   474   315   446  -351   261  -817  1473   886   843  -528  1049   407 -1438  -260   736    31   892 -1576  -392   843 -1175  -578 -1288  -407   -38     5   127   306  1259 -1263  -813  1328 -1524  1637   769  -545  1379 -1157   956  -918 -1246   -23   -89 -1433   163   -70    34  -145 -1096 -1218 -1599 -1371  -716   -77   440  1622 -1347  -705  -682   302   -76  -167    46  -471   255 -1258   328 -1584  1644  1021   465   975  -749    -3 -1172  1396  -894   882  -238  -697    68  -787   -54  -777  -375 -1287  1008  1290  -905   841 -1358]
[    5  -171    77  -442  -869  1601 -1353  -790  -294   135   597 -1339    87 -1121 -1297   705  -185  1023   563   202  -659  -152   749  -456   934 -1152   584  -429 -1039   451     3   504  -736  -288  -884   222    -9   165  -597  1209  1014 -1522   103  -938   847 -1293  -291  1579  1006   -52  -467   604 -1228  1102   475 -1505  -289  -463  1246  1442 -1064  -982  1306   448  -933   876   462   350   566  -403    -1   867 -1125  1389   772   538  -100  -172 -1206  1558   845  -614   774   -28  1109   381  -800  -789  -209  1239  -358 -1234  -783   222  -438  -777  1422   257  -303   929   183  -217   822  -354  -614  -537 -1188   903  -171   156   224  1498  1478  -175   784 -1325  1277 -1593 -1209  -842   200  1500  -211  1371   366    -7   -67   193]
[  443  -651   868  -306  -152  -719   534  -775  1135 -1154  -407  1177  -998  1517  -435  1473   959   473  -934 -1349    -8  1328 -1127 -1543  1003  -369  -871  -583   986   338  -324 -1349 -1278  -701 -1612 -1512   633  1432 -1386 -1249  -380   107   325   430  -668  1277  -414  -140  -811  -823  1421   -27  1380  1029   667  1092   509   834  -975  -379   549  -855 -1536 -1492   912  -249 -1073  -721   294   632  -482  -337  -322   174   613  -257    93  -197   392   647  -828  -177  -704   686  -520  -737 -1533   637   597    87 -1067   851 -1315  1005  -924   757   533 -1607   297 -1017   642 -1662 -1394   908  1373  1212  -662 -1627 -1341 -1328 -1075   -97   -97  1147   634 -1211 -1378   516   149   833 -1418    60 -1312  -627   950   410  -663  1229]
[ 1557 -1493  -828  1651   849   -10   882   787 -1232  -437  -157 -1132  -323  -198   959 -1658  -847   296  -559   522  1649 -1239 -1531  1471  -272 -1501   173   854  1304   574  1091   890  -366 -1400  -452  -562 -1332 -1143 -1187  -822  -234  -342 -1168  1553   428  -300  -334   919   756  1651 -1127   657   628     4  -738  -379  1579 -1104 -1248    86  -241    29   862 -1063  1499   457   -30  1588  -521  1072  -850    69  -920 -1365   165  1555   270  1598   596  1576 -1029    92  1234  -435  -585  -380 -1614  -389 -1503   259  -118  1295   452  -335  1357 -1079   523  -714   465   529   629 -1218 -1405   324 -1297   554   708  -259   -28  -924  1323   982  1125  -766  -949  -114  -884 -1049  -299  1035   830  -512   509  -156   730  1128   837   455]
[ -312 -1104   729  -502  -103  -479  1250   790  -302  -646  -430   792   166 -1399 -1272  -597 -1151  -815 -1232   499 -1547   391  -385   538 -1319 -1662  1664  -431 -1547   609  1306   290   965 -1389  -143   396   306   809  -911  1234 -1662   767  -998  1648   586  -386 -1413   122   822  1416  -513  -186 -1089   378 -1178  -280 -1498  1266   825  -736  -388  -406  -904  -358 -1592  1306  1655  -880  1344  1298 -1549  -494   222   278   105   817  -713 -1014  -827   550  -314  -658  -442 -1211    29  -950   630   814  1145  1405   137  -536   490   968 -1603 -1070  1469 -1310  -222   419  1397  -503  -514   479   -98   987 -1377  -823    57  1428 -1113 -1289  -196 -1016   713   627 -1118  1181 -1035   257   928   760  1359   569 -1001 -1421  -144  1229]
v:  [-1004  -385   243   891  -575  1264 -1475   -71    31   366  1626  -410   -53  -176  1209   166   418   803 -1519  1582   367    96  -793   369   217  1592    35  -934   794  1395   966   107   370 -1420  1480  -252  -706 -1539   990  -336  -767  1524   124  -145  1424   833 -1271  -134 -1451    93  -919   802 -1397  1608   756 -1578   951  -806   381  -726  1101   958   458  -191  -620 -1411  1493   267 -1087  -498  1516  -677  -288  1402 -1567  -805   812 -1534 -1043  -467   523  1312 -1520   428 -1354 -1350  1490  -337  1157  -358   821   453  -204  -591   277 -1521   303 -1648  1120  1429   474   -97  -574  -354  -649 -1108  1304   120  1569  -827  1244  -738   237  1599    69  1562 -1217     1   508 -1518   853   512  1438   967  -103   748 -1554   445   272 -1383  -395  1219 -1399   830 -1245 -1021    28    12  1601  -361   576  -165  -985   978   460     9  -984   703   139    -5 -1197   263  -273 -1615  1646 -1191  1015   637  1643  1436 -1055   942   373    38 -1533   341 -1375   329 -1359   931   298   726  1491   254   -60   772   874 -1658   -70   273 -1500 -1564    57 -1447 -1250 -1347  -878   -48  1165   863  1122  -336 -1216   -32   826  -924   201  -227   543   963   411 -1355   659   327 -1417    93  -357 -1292  1100 -1550  -751  -898  -350   604   776   730   806   510 -1428  1270   332   836 -1359   215 -1525 -1155   -90   101   502    64  -876    94   945  -660 -1415  -580  -288   389  1226 -1003  -220   920  -601 -1040 -1193  -798  1273  -307 -1041  1342  1582    69 -1151  -972  -835 -1309]
[-2  1  2  0  0 -1  1  1  1 -1  1 -1  1 -1 -1 -3  2  1  2  2  0 -1  2 -1 -1  1  0 -2  1  0 -1 -3  0 -1 -1 -1 -2  1  0  1 -1 -1  1 -3  1  1 -1  0  1 -1 -1  0  0  1  1 -1  0  1  2 -1 -2  3  2  0 -1  1  1 -1  2 -1  0 -1  0  0 -2  1  0 -1  0 -1  0  0 -2  0  1  1 -1  2 -1 -1  0 -1  0  1  0  0  2  1  1  1  2  0  0 -1  0 -1  0 -1 -1  0 -1 -1 -2 -1 -1  1  0  2  0  1 -1  0  0 -1  1  0  0 -1]
[1;37m integrate approx hint [0m [0m (conditionning) [0m [3;31m 	 Unworthy hint, Forced it. [0m
[1;37m integrate approx hint [0m [0m (conditionning) [0m [3;31m 	 Unworthy hint, Forced it. [0m
[1;37m integrate approx hint [0m [0m (conditionning) [0m [3;31m 	 Unworthy hint, Forced it. [0m
[1;37m integrate approx hint [0m [0m (conditionning) [0m [3;31m 	 Unworthy hint, Forced it. [0m
[1;37m integrate approx hint [0m [0m (conditionning) [0m [3;31m 	 Unworthy hint, Forced it. [0m
[1;37m integrate approx hint [0m [0m (conditionning) [0m [3;31m 	 Unworthy hint, Forced it. [0m
[1;37m integrate approx hint [0m [0m (conditionning) [0m [3;31m 	 Unworthy hint, Forced it. [0m
[1;37m integrate approx hint [0m [0m (conditionning) [0m [3;31m 	 Unworthy hint, Forced it. [0m
[1;37m integrate approx hint [0m [0m (conditionning) [0m [3;31m 	 Unworthy hint, Forced it. [0m
[1;37m integrate approx hint [0m [0m (conditionning) [0m [3;31m 	 Unworthy hint, Forced it. [0m
[1;37m integrate approx hint [0m [0m (conditionning) [0m [3;31m 	 Unworthy hint, Forced it. [0m
[1;37m integrate approx hint [0m [0m (conditionning) [0m [3;31m 	 Unworthy hint, Forced it. [0m
[1;37m integrate approx hint [0m [0m (conditionning) [0m [3;31m 	 Unworthy hint, Forced it. [0m
[1;37m integrate approx hint [0m [0m (conditionning) [0m [3;31m 	 Unworthy hint, Forced it. [0m
[1;37m integrate approx hint [0m [0m (conditionning) [0m [3;31m 	 Unworthy hint, Forced it. [0m
[1;37m integrate approx hint [0m [0m (conditionning) [0m [3;31m 	 Unworthy hint, Forced it. [0m
[1;37m integrate approx hint [0m [0m (conditionning) [0m [3;31m 	 Unworthy hint, Forced it. [0m
[1;37m integrate approx hint [0m [0m (conditionning) [0m [3;31m 	 Unworthy hint, Forced it. [0m
[1;37m integrate approx hint [0m [0m (conditionning) [0m [3;31m 	 Unworthy hint, Forced it. [0m
[1;37m integrate approx hint [0m [0m (conditionning) [0m [3;31m 	 Unworthy hint, Forced it. [0m
[1;37m integrate approx hint [0m [0m (conditionning) [0m [3;31m 	 Unworthy hint, Forced it. [0m
[1;37m integrate approx hint [0m [0m (conditionning) [0m [3;31m 	 Unworthy hint, Forced it. [0m
[1;37m integrate approx hint [0m [0m (conditionning) [0m [3;31m 	 Unworthy hint, Forced it. [0m
[1;37m integrate approx hint [0m [0m (conditionning) [0m [3;31m 	 Unworthy hint, Forced it. [0m
[1;37m integrate approx hint [0m [0m (conditionning) [0m [3;31m 	 Unworthy hint, Forced it. [0m
[1;37m integrate approx hint [0m [0m (conditionning) [0m [3;31m 	 Unworthy hint, Forced it. [0m
[1;37m integrate approx hint [0m [0m (conditionning) [0m [3;31m 	 Unworthy hint, Forced it. [0m
[1;37m integrate approx hint [0m [0m (conditionning) [0m [3;31m 	 Unworthy hint, Forced it. [0m
[1;37m integrate approx hint [0m [0m (conditionning) [0m [3;31m 	 Unworthy hint, Forced it. [0m
[1;37m integrate approx hint [0m [0m (conditionning) [0m [3;31m 	 Unworthy hint, Forced it. [0m
[1;37m integrate approx hint [0m [0m (conditionning) [0m [3;31m 	 Unworthy hint, Forced it. [0m
[1;37m integrate approx hint [0m [0m (conditionning) [0m [3;31m 	 Unworthy hint, Forced it. [0m
[1;37m integrate approx hint [0m [0m (conditionning) [0m [3;31m 	 Unworthy hint, Forced it. [0m
[1;37m integrate approx hint [0m [0m (conditionning) [0m [3;31m 	 Unworthy hint, Forced it. [0m
[1;37m integrate approx hint [0m [0m (conditionning) [0m [3;31m 	 Unworthy hint, Forced it. [0m
[1;37m integrate approx hint [0m [0m (conditionning) [0m [3;31m 	 Unworthy hint, Forced it. [0m
[1;37m integrate approx hint [0m [0m (conditionning) [0m [3;31m 	 Unworthy hint, Forced it. [0m
[1;37m integrate approx hint [0m [0m (conditionning) [0m [3;31m 	 Unworthy hint, Forced it. [0m
[1;37m integrate approx hint [0m [0m (conditionning) [0m [3;31m 	 Unworthy hint, Forced it. [0m
[1;37m integrate approx hint [0m [0m (conditionning) [0m [3;31m 	 Unworthy hint, Forced it. [0m
[1;37m integrate approx hint [0m [0m (conditionning) [0m [3;31m 	 Unworthy hint, Forced it. [0m
[1;37m integrate approx hint [0m [0m (conditionning) [0m [3;31m 	 Unworthy hint, Forced it. [0m
[1;37m integrate approx hint [0m [0m (conditionning) [0m [3;31m 	 Unworthy hint, Forced it. [0m
[1;37m integrate approx hint [0m [0m (conditionning) [0m [3;31m 	 Unworthy hint, Forced it. [0m
[1;37m integrate approx hint [0m [0m (conditionning) [0m [3;31m 	 Unworthy hint, Forced it. [0m
[1;37m integrate approx hint [0m [0m (conditionning) [0m [3;31m 	 Unworthy hint, Forced it. [0m
[1;37m integrate approx hint [0m [0m (conditionning) [0m [3;31m 	 Unworthy hint, Forced it. [0m
[1;37m integrate approx hint [0m [0m (conditionning) [0m [3;31m 	 Unworthy hint, Forced it. [0m
[1;37m integrate approx hint [0m [0m (conditionning) [0m [3;31m 	 Unworthy hint, Forced it. [0m
[1;37m integrate approx hint [0m [0m (conditionning) [0m [3;31m 	 Unworthy hint, Forced it. [0m
[1;37m integrate approx hint [0m [0m (conditionning) [0m [3;31m 	 Unworthy hint, Forced it. [0m
[1;37m integrate approx hint [0m [0m (conditionning) [0m [3;31m 	 Unworthy hint, Forced it. [0m
[1;37m integrate approx hint [0m [0m (conditionning) [0m [3;31m 	 Unworthy hint, Forced it. [0m
[1;37m integrate approx hint [0m [0m (conditionning) [0m [3;31m 	 Unworthy hint, Forced it. [0m
[1;37m integrate approx hint [0m [0m (conditionning) [0m [3;31m 	 Unworthy hint, Forced it. [0m
[1;37m integrate approx hint [0m [0m (conditionning) [0m [3;31m 	 Unworthy hint, Forced it. [0m
[1;37m integrate approx hint [0m [0m (conditionning) [0m [3;31m 	 Unworthy hint, Forced it. [0m
[1;37m integrate approx hint [0m [0m (conditionning) [0m [3;31m 	 Unworthy hint, Forced it. [0m
[1;37m integrate approx hint [0m [0m (conditionning) [0m [3;32m 	 Worthy hint ! [0m [1;33m dim=256, δ=1.00541590, β=252.97 [0m
[1;37m integrate approx hint [0m [0m (conditionning) [0m [3;32m 	 Worthy hint ! [0m [1;33m dim=256, δ=1.00551819, β=246.16 [0m
[1;37m integrate approx hint [0m [0m (conditionning) [0m [3;32m 	 Worthy hint ! [0m [1;33m dim=256, δ=1.00561162, β=239.58 [0m
[1;37m integrate approx hint [0m [0m (conditionning) [0m [3;32m 	 Worthy hint ! [0m [1;33m dim=256, δ=1.00571209, β=233.21 [0m
[1;37m integrate approx hint [0m [0m (conditionning) [0m [3;32m 	 Worthy hint ! [0m [1;33m dim=256, δ=1.00581121, β=227.06 [0m
[1;37m integrate approx hint [0m [0m (conditionning) [0m [3;32m 	 Worthy hint ! [0m [1;33m dim=256, δ=1.00590893, β=221.12 [0m
[1;37m integrate approx hint [0m [0m (conditionning) [0m [3;32m 	 Worthy hint ! [0m [1;33m dim=256, δ=1.00600531, β=215.37 [0m
[1;37m integrate approx hint [0m [0m (conditionning) [0m [3;32m 	 Worthy hint ! [0m [1;33m dim=256, δ=1.00610032, β=209.82 [0m
[1;37m integrate approx hint [0m [0m (conditionning) [0m [3;32m 	 Worthy hint ! [0m [1;33m dim=256, δ=1.00620301, β=204.44 [0m
[1;37m integrate approx hint [0m [0m (conditionning) [0m [3;32m 	 Worthy hint ! [0m [1;33m dim=256, δ=1.00630461, β=199.23 [0m
[1;37m integrate approx hint [0m [0m (conditionning) [0m [3;32m 	 Worthy hint ! [0m [1;33m dim=256, δ=1.00640542, β=194.18 [0m
[1;37m integrate approx hint [0m [0m (conditionning) [0m [3;32m 	 Worthy hint ! [0m [1;33m dim=256, δ=1.00650456, β=189.31 [0m
[1;37m integrate approx hint [0m [0m (conditionning) [0m [3;32m 	 Worthy hint ! [0m [1;33m dim=256, δ=1.00660235, β=184.58 [0m
[1;37m integrate approx hint [0m [0m (conditionning) [0m [3;32m 	 Worthy hint ! [0m [1;33m dim=256, δ=1.00670908, β=180.01 [0m
[1;37m integrate approx hint [0m [0m (conditionning) [0m [3;32m 	 Worthy hint ! [0m [1;33m dim=256, δ=1.00680440, β=175.57 [0m
[1;37m integrate approx hint [0m [0m (conditionning) [0m [3;32m 	 Worthy hint ! [0m [1;33m dim=256, δ=1.00690946, β=171.26 [0m
[1;37m integrate approx hint [0m [0m (conditionning) [0m [3;32m 	 Worthy hint ! [0m [1;33m dim=256, δ=1.00701413, β=167.06 [0m
[1;37m integrate approx hint [0m [0m (conditionning) [0m [3;32m 	 Worthy hint ! [0m [1;33m dim=256, δ=1.00710607, β=162.99 [0m
[1;37m integrate approx hint [0m [0m (conditionning) [0m [3;32m 	 Worthy hint ! [0m [1;33m dim=256, δ=1.00721896, β=159.06 [0m
[1;37m integrate approx hint [0m [0m (conditionning) [0m [3;32m 	 Worthy hint ! [0m [1;33m dim=256, δ=1.00731974, β=155.23 [0m
[1;37m integrate approx hint [0m [0m (conditionning) [0m [3;32m 	 Worthy hint ! [0m [1;33m dim=256, δ=1.00741991, β=151.50 [0m
[1;37m integrate approx hint [0m [0m (conditionning) [0m [3;32m 	 Worthy hint ! [0m [1;33m dim=256, δ=1.00751892, β=147.88 [0m
[1;37m integrate approx hint [0m [0m (conditionning) [0m [3;32m 	 Worthy hint ! [0m [1;33m dim=256, δ=1.00762902, β=144.36 [0m
[1;37m integrate approx hint [0m [0m (conditionning) [0m [3;32m 	 Worthy hint ! [0m [1;33m dim=256, δ=1.00772463, β=140.96 [0m
[1;37m integrate approx hint [0m [0m (conditionning) [0m [3;32m 	 Worthy hint ! [0m [1;33m dim=256, δ=1.00783276, β=137.64 [0m
[1;37m integrate approx hint [0m [0m (conditionning) [0m [3;32m 	 Worthy hint ! [0m [1;33m dim=256, δ=1.00794037, β=134.40 [0m
[1;37m integrate approx hint [0m [0m (conditionning) [0m [3;32m 	 Worthy hint ! [0m [1;33m dim=256, δ=1.00804661, β=131.25 [0m
[1;37m integrate approx hint [0m [0m (conditionning) [0m [3;32m 	 Worthy hint ! [0m [1;33m dim=256, δ=1.00815216, β=128.19 [0m
[1;37m integrate approx hint [0m [0m (conditionning) [0m [3;32m 	 Worthy hint ! [0m [1;33m dim=256, δ=1.00825710, β=125.20 [0m
[1;37m integrate approx hint [0m [0m (conditionning) [0m [3;32m 	 Worthy hint ! [0m [1;33m dim=256, δ=1.00836137, β=122.28 [0m
[1;37m integrate approx hint [0m [0m (conditionning) [0m [3;32m 	 Worthy hint ! [0m [1;33m dim=256, δ=1.00846444, β=119.43 [0m
[1;37m integrate approx hint [0m [0m (conditionning) [0m [3;32m 	 Worthy hint ! [0m [1;33m dim=256, δ=1.00856646, β=116.66 [0m
[1;37m integrate approx hint [0m [0m (conditionning) [0m [3;32m 	 Worthy hint ! [0m [1;33m dim=256, δ=1.00866693, β=113.97 [0m
[1;37m integrate approx hint [0m [0m (conditionning) [0m [3;32m 	 Worthy hint ! [0m [1;33m dim=256, δ=1.00878220, β=111.34 [0m
[1;37m integrate approx hint [0m [0m (conditionning) [0m [3;32m 	 Worthy hint ! [0m [1;33m dim=256, δ=1.00888099, β=108.77 [0m
[1;37m integrate approx hint [0m [0m (conditionning) [0m [3;32m 	 Worthy hint ! [0m [1;33m dim=256, δ=1.00899494, β=106.27 [0m
[1;37m integrate approx hint [0m [0m (conditionning) [0m [3;32m 	 Worthy hint ! [0m [1;33m dim=256, δ=1.00909172, β=103.82 [0m
[1;37m integrate approx hint [0m [0m (conditionning) [0m [3;32m 	 Worthy hint ! [0m [1;33m dim=256, δ=1.00920466, β=101.42 [0m
[1;37m integrate approx hint [0m [0m (conditionning) [0m [3;32m 	 Worthy hint ! [0m [1;33m dim=256, δ=1.00931675, β=99.08 [0m
[1;37m integrate approx hint [0m [0m (conditionning) [0m [3;32m 	 Worthy hint ! [0m [1;33m dim=256, δ=1.00941021, β=96.80 [0m
[1;37m integrate approx hint [0m [0m (conditionning) [0m [3;32m 	 Worthy hint ! [0m [1;33m dim=256, δ=1.00952079, β=94.56 [0m
[1;37m integrate approx hint [0m [0m (conditionning) [0m [3;32m 	 Worthy hint ! [0m [1;33m dim=256, δ=1.00963058, β=92.37 [0m
[1;37m integrate approx hint [0m [0m (conditionning) [0m [3;32m 	 Worthy hint ! [0m [1;33m dim=256, δ=1.00973959, β=90.23 [0m
[1;37m integrate approx hint [0m [0m (conditionning) [0m [3;32m 	 Worthy hint ! [0m [1;33m dim=256, δ=1.00984775, β=88.13 [0m
[1;37m integrate approx hint [0m [0m (conditionning) [0m [3;32m 	 Worthy hint ! [0m [1;33m dim=256, δ=1.00995529, β=86.08 [0m
[1;37m integrate approx hint [0m [0m (conditionning) [0m [3;32m 	 Worthy hint ! [0m [1;33m dim=256, δ=1.01006192, β=84.06 [0m
[1;37m integrate approx hint [0m [0m (conditionning) [0m [3;32m 	 Worthy hint ! [0m [1;33m dim=256, δ=1.01016763, β=82.09 [0m
[1;37m integrate approx hint [0m [0m (conditionning) [0m [3;32m 	 Worthy hint ! [0m [1;33m dim=256, δ=1.01027261, β=80.15 [0m
[1;37m integrate approx hint [0m [0m (conditionning) [0m [3;32m 	 Worthy hint ! [0m [1;33m dim=256, δ=1.01037675, β=78.25 [0m
[1;37m integrate approx hint [0m [0m (conditionning) [0m [3;32m 	 Worthy hint ! [0m [1;33m dim=256, δ=1.01047933, β=76.38 [0m
[1;37m integrate approx hint [0m [0m (conditionning) [0m [3;32m 	 Worthy hint ! [0m [1;33m dim=256, δ=1.01058111, β=74.55 [0m
[1;37m integrate approx hint [0m [0m (conditionning) [0m [3;32m 	 Worthy hint ! [0m [1;33m dim=256, δ=1.01068193, β=72.74 [0m
[1;37m integrate approx hint [0m [0m (conditionning) [0m [3;32m 	 Worthy hint ! [0m [1;33m dim=256, δ=1.01078192, β=70.96 [0m
[1;37m integrate approx hint [0m [0m (conditionning) [0m [3;32m 	 Worthy hint ! [0m [1;33m dim=256, δ=1.01090494, β=69.21 [0m
[1;37m integrate approx hint [0m [0m (conditionning) [0m [3;32m 	 Worthy hint ! [0m [1;33m dim=256, δ=1.01100223, β=67.50 [0m
[1;37m integrate approx hint [0m [0m (conditionning) [0m [3;32m 	 Worthy hint ! [0m [1;33m dim=256, δ=1.01109779, β=65.81 [0m
[1;37m integrate approx hint [0m [0m (conditionning) [0m [3;32m 	 Worthy hint ! [0m [1;33m dim=256, δ=1.01121924, β=64.13 [0m
[1;37m integrate approx hint [0m [0m (conditionning) [0m [3;32m 	 Worthy hint ! [0m [1;33m dim=256, δ=1.01131352, β=62.47 [0m
[1;37m integrate approx hint [0m [0m (conditionning) [0m [3;32m 	 Worthy hint ! [0m [1;33m dim=256, δ=1.01140612, β=60.83 [0m
[1;37m integrate approx hint [0m [0m (conditionning) [0m [3;32m 	 Worthy hint ! [0m [1;33m dim=256, δ=1.01152513, β=59.21 [0m
[1;37m integrate approx hint [0m [0m (conditionning) [0m [3;32m 	 Worthy hint ! [0m [1;33m dim=256, δ=1.01161565, β=57.59 [0m
[1;37m integrate approx hint [0m [0m (conditionning) [0m [3;32m 	 Worthy hint ! [0m [1;33m dim=256, δ=1.01170372, β=55.99 [0m
[1;37m integrate approx hint [0m [0m (conditionning) [0m [3;32m 	 Worthy hint ! [0m [1;33m dim=256, δ=1.01182104, β=54.38 [0m
[1;37m integrate approx hint [0m [0m (conditionning) [0m [3;32m 	 Worthy hint ! [0m [1;33m dim=256, δ=1.01190680, β=52.78 [0m
[1;37m integrate approx hint [0m [0m (conditionning) [0m [3;32m 	 Worthy hint ! [0m [1;33m dim=256, δ=1.01202274, β=51.17 [0m
[1;37m integrate approx hint [0m [0m (conditionning) [0m [3;32m 	 Worthy hint ! [0m [1;33m dim=256, δ=1.01210494, β=49.55 [0m
[1;37m integrate approx hint [0m [0m (conditionning) [0m [3;32m 	 Worthy hint ! [0m [1;33m dim=256, δ=1.01218425, β=47.93 [0m
[1;37m integrate approx hint [0m [0m (conditionning) [0m [3;32m 	 Worthy hint ! [0m [1;33m dim=256, δ=1.01229783, β=46.30 [0m
[1;37m integrate approx hint [0m [0m (conditionning) [0m [3;32m 	 Worthy hint ! [0m [1;33m dim=256, δ=1.01237789, β=44.67 [0m
[1;37m integrate approx hint [0m [0m (conditionning) [0m [3;32m 	 Worthy hint ! [0m [1;33m dim=256, δ=1.01249161, β=43.03 [0m
[4;37m       Attack Estimation      [0m
[1;33m dim=256 	 δ=1.012492 	 β=43.03  [0m
[0m  [0m
β= 2,	 pr=1.2233e-39, 	 cum-pr=1.2233e-39 	 rem-pr=1.0000e+00
β= 3,	 pr=1.5444e-36, 	 cum-pr=1.5457e-36 	 rem-pr=1.0000e+00
β= 4,	 pr=6.2409e-35, 	 cum-pr=6.3955e-35 	 rem-pr=1.0000e+00
β= 5,	 pr=7.2561e-34, 	 cum-pr=7.8956e-34 	 rem-pr=1.0000e+00
β= 6,	 pr=4.5973e-33, 	 cum-pr=5.3869e-33 	 rem-pr=1.0000e+00
β= 7,	 pr=2.0441e-32, 	 cum-pr=2.5828e-32 	 rem-pr=1.0000e+00
β= 8,	 pr=7.4607e-32, 	 cum-pr=1.0044e-31 	 rem-pr=1.0000e+00
β= 9,	 pr=2.4305e-31, 	 cum-pr=3.4348e-31 	 rem-pr=1.0000e+00
β= 10,	 pr=7.3514e-31, 	 cum-pr=1.0786e-30 	 rem-pr=1.0000e+00
β= 11,	 pr=2.2009e-30, 	 cum-pr=3.2795e-30 	 rem-pr=1.0000e+00
β= 12,	 pr=6.7709e-30, 	 cum-pr=1.0050e-29 	 rem-pr=1.0000e+00
β= 13,	 pr=2.1838e-29, 	 cum-pr=3.1888e-29 	 rem-pr=1.0000e+00
β= 14,	 pr=7.3254e-29, 	 cum-pr=1.0514e-28 	 rem-pr=1.0000e+00
β= 15,	 pr=2.9196e-28, 	 cum-pr=3.9710e-28 	 rem-pr=1.0000e+00
β= 16,	 pr=1.2681e-27, 	 cum-pr=1.6652e-27 	 rem-pr=1.0000e+00
β= 17,	 pr=6.2260e-27, 	 cum-pr=7.8913e-27 	 rem-pr=1.0000e+00
β= 18,	 pr=3.6733e-26, 	 cum-pr=4.4624e-26 	 rem-pr=1.0000e+00
β= 19,	 pr=2.5203e-25, 	 cum-pr=2.9665e-25 	 rem-pr=1.0000e+00
β= 20,	 pr=1.7180e-24, 	 cum-pr=2.0147e-24 	 rem-pr=1.0000e+00
β= 21,	 pr=1.2946e-23, 	 cum-pr=1.4961e-23 	 rem-pr=1.0000e+00
β= 22,	 pr=1.0718e-22, 	 cum-pr=1.2214e-22 	 rem-pr=1.0000e+00
β= 23,	 pr=1.2755e-21, 	 cum-pr=1.3977e-21 	 rem-pr=1.0000e+00
β= 24,	 pr=1.6344e-20, 	 cum-pr=1.7741e-20 	 rem-pr=1.0000e+00
β= 25,	 pr=1.9568e-19, 	 cum-pr=2.1342e-19 	 rem-pr=1.0000e+00
β= 26,	 pr=2.0313e-18, 	 cum-pr=2.2447e-18 	 rem-pr=1.0000e+00
β= 27,	 pr=1.8087e-17, 	 cum-pr=2.0331e-17 	 rem-pr=1.0000e+00
β= 28,	 pr=1.7869e-16, 	 cum-pr=1.9902e-16 	 rem-pr=1.0000e+00
β= 29,	 pr=1.9904e-15, 	 cum-pr=2.1894e-15 	 rem-pr=1.0000e+00
β= 30,	 pr=2.3673e-14, 	 cum-pr=2.5862e-14 	 rem-pr=1.0000e+00
β= 31,	 pr=3.0917e-13, 	 cum-pr=3.3503e-13 	 rem-pr=1.0000e+00
β= 32,	 pr=4.0487e-12, 	 cum-pr=4.3837e-12 	 rem-pr=1.0000e+00
β= 33,	 pr=3.7562e-11, 	 cum-pr=4.1945e-11 	 rem-pr=1.0000e+00
β= 34,	 pr=3.4041e-10, 	 cum-pr=3.8235e-10 	 rem-pr=1.0000e+00
β= 35,	 pr=2.1832e-09, 	 cum-pr=2.5655e-09 	 rem-pr=1.0000e+00
β= 36,	 pr=1.2592e-08, 	 cum-pr=1.5158e-08 	 rem-pr=1.0000e+00
β= 37,	 pr=6.5807e-08, 	 cum-pr=8.0965e-08 	 rem-pr=1.0000e+00
β= 38,	 pr=3.3590e-07, 	 cum-pr=4.1687e-07 	 rem-pr=1.0000e+00
β= 39,	 pr=1.7832e-06, 	 cum-pr=2.2000e-06 	 rem-pr=1.0000e+00
β= 40,	 pr=7.7869e-06, 	 cum-pr=9.9869e-06 	 rem-pr=9.9999e-01
β= 41,	 pr=3.2684e-05, 	 cum-pr=4.2671e-05 	 rem-pr=9.9996e-01
β= 42,	 pr=1.2593e-04, 	 cum-pr=1.6859e-04 	 rem-pr=9.9983e-01
β= 43,	 pr=5.8217e-04, 	 cum-pr=7.5066e-04 	 rem-pr=9.9925e-01
β= 44,	 pr=2.0165e-03, 	 cum-pr=2.7656e-03 	 rem-pr=9.9723e-01
β= 45,	 pr=6.4351e-03, 	 cum-pr=9.1829e-03 	 rem-pr=9.9082e-01
β= 46,	 pr=2.1763e-02, 	 cum-pr=3.0746e-02 	 rem-pr=9.6925e-01
β= 47,	 pr=5.4359e-02, 	 cum-pr=8.3433e-02 	 rem-pr=9.1657e-01
β= 48,	 pr=1.1690e-01, 	 cum-pr=1.9058e-01 	 rem-pr=8.0942e-01
β= 49,	 pr=2.1784e-01, 	 cum-pr=3.6690e-01 	 rem-pr=6.3310e-01
β= 50,	 pr=3.5536e-01, 	 cum-pr=5.9188e-01 	 rem-pr=4.0812e-01
β= 51,	 pr=5.1406e-01, 	 cum-pr=8.0168e-01 	 rem-pr=1.9832e-01
β= 52,	 pr=6.6971e-01, 	 cum-pr=9.3450e-01 	 rem-pr=6.5503e-02
β= 53,	 pr=7.9984e-01, 	 cum-pr=9.8689e-01 	 rem-pr=1.3111e-02
β= 54,	 pr=8.9279e-01, 	 cum-pr=9.9859e-01 	 rem-pr=1.4056e-03
β= 55,	 pr=9.4961e-01, 	 cum-pr=9.9993e-01 	 rem-pr=7.0821e-05
[4;37m       Attack Estimation      [0m
[1;33m dim=256 	 	 	 β=50.00  [0m
[0m  [0m
[4;37m       Running the Attack      [0m
[0m Running BKZ-2 [0m [0m Running BKZ-3 [0m [0m Running BKZ-4 [0m [0m Running BKZ-5 [0m [0m Running BKZ-6 [0m [0m Running BKZ-7 [0m [0m Running BKZ-8 [0m [0m Running BKZ-9 [0m [0m Running BKZ-10 [0m [0m Running BKZ-11 [0m [0m Running BKZ-12 [0m [0m Running BKZ-13 [0m [0m Running BKZ-14 [0m [0m Running BKZ-15 [0m [0m Running BKZ-16 [0m [0m Running BKZ-17 [0m [0m Running BKZ-18 [0m [0m Running BKZ-19 [0m [0m Running BKZ-20 [0m [0m Running BKZ-21 [0m [0m Running BKZ-22 [0m [0m Running BKZ-23 [0m [0m Running BKZ-24 [0m [0m Running BKZ-25 [0m [0m Running BKZ-26 [0m Exception type: ReductionError
[4;37m      Build EBDD from LWE      [0m
[1;33m n=128 	 m=128 	 q=3329 [0m
[4;37m       Attack Estimation      [0m
[1;33m dim=256 	 δ=1.012119 	 β=49.40  [0m
[0m  [0m
β= 2,	 pr=5.9861e-44, 	 cum-pr=5.9861e-44 	 rem-pr=1.0000e+00
β= 3,	 pr=1.3339e-40, 	 cum-pr=1.3345e-40 	 rem-pr=1.0000e+00
β= 4,	 pr=7.1719e-39, 	 cum-pr=7.3054e-39 	 rem-pr=1.0000e+00
β= 5,	 pr=9.9782e-38, 	 cum-pr=1.0709e-37 	 rem-pr=1.0000e+00
β= 6,	 pr=7.1767e-37, 	 cum-pr=8.2476e-37 	 rem-pr=1.0000e+00
β= 7,	 pr=3.5142e-36, 	 cum-pr=4.3390e-36 	 rem-pr=1.0000e+00
β= 8,	 pr=1.3859e-35, 	 cum-pr=1.8198e-35 	 rem-pr=1.0000e+00
β= 9,	 pr=4.8161e-35, 	 cum-pr=6.6359e-35 	 rem-pr=1.0000e+00
β= 10,	 pr=1.5391e-34, 	 cum-pr=2.2027e-34 	 rem-pr=1.0000e+00
β= 11,	 pr=4.8422e-34, 	 cum-pr=7.0449e-34 	 rem-pr=1.0000e+00
β= 12,	 pr=1.5680e-33, 	 cum-pr=2.2725e-33 	 rem-pr=1.0000e+00
β= 13,	 pr=5.2008e-33, 	 cum-pr=7.4733e-33 	 rem-pr=1.0000e+00
β= 14,	 pr=1.8554e-32, 	 cum-pr=2.6028e-32 	 rem-pr=1.0000e+00
β= 15,	 pr=7.4084e-32, 	 cum-pr=1.0011e-31 	 rem-pr=1.0000e+00
β= 16,	 pr=3.5144e-31, 	 cum-pr=4.5156e-31 	 rem-pr=1.0000e+00
β= 17,	 pr=1.8098e-30, 	 cum-pr=2.2613e-30 	 rem-pr=1.0000e+00
β= 18,	 pr=1.0442e-29, 	 cum-pr=1.2703e-29 	 rem-pr=1.0000e+00
β= 19,	 pr=7.8490e-29, 	 cum-pr=9.1193e-29 	 rem-pr=1.0000e+00
β= 20,	 pr=6.4021e-28, 	 cum-pr=7.3140e-28 	 rem-pr=1.0000e+00
β= 21,	 pr=5.3173e-27, 	 cum-pr=6.0487e-27 	 rem-pr=1.0000e+00
β= 22,	 pr=4.2968e-26, 	 cum-pr=4.9017e-26 	 rem-pr=1.0000e+00
β= 23,	 pr=5.2357e-25, 	 cum-pr=5.7259e-25 	 rem-pr=1.0000e+00
β= 24,	 pr=7.7057e-24, 	 cum-pr=8.2783e-24 	 rem-pr=1.0000e+00
β= 25,	 pr=1.1905e-22, 	 cum-pr=1.2732e-22 	 rem-pr=1.0000e+00
β= 26,	 pr=1.6830e-21, 	 cum-pr=1.8104e-21 	 rem-pr=1.0000e+00
β= 27,	 pr=1.8692e-20, 	 cum-pr=2.0503e-20 	 rem-pr=1.0000e+00
β= 28,	 pr=1.9502e-19, 	 cum-pr=2.1553e-19 	 rem-pr=1.0000e+00
β= 29,	 pr=2.1878e-18, 	 cum-pr=2.4034e-18 	 rem-pr=1.0000e+00
β= 30,	 pr=2.7542e-17, 	 cum-pr=2.9945e-17 	 rem-pr=1.0000e+00
β= 31,	 pr=4.0960e-16, 	 cum-pr=4.3954e-16 	 rem-pr=1.0000e+00
β= 32,	 pr=6.6776e-15, 	 cum-pr=7.1171e-15 	 rem-pr=1.0000e+00
β= 33,	 pr=8.4669e-14, 	 cum-pr=9.1786e-14 	 rem-pr=1.0000e+00
β= 34,	 pr=1.1201e-12, 	 cum-pr=1.2119e-12 	 rem-pr=1.0000e+00
β= 35,	 pr=1.1084e-11, 	 cum-pr=1.2296e-11 	 rem-pr=1.0000e+00
β= 36,	 pr=9.5031e-11, 	 cum-pr=1.0733e-10 	 rem-pr=1.0000e+00
β= 37,	 pr=6.5653e-10, 	 cum-pr=7.6386e-10 	 rem-pr=1.0000e+00
β= 38,	 pr=3.8364e-09, 	 cum-pr=4.6003e-09 	 rem-pr=1.0000e+00
β= 39,	 pr=2.1832e-08, 	 cum-pr=2.6433e-08 	 rem-pr=1.0000e+00
β= 40,	 pr=1.0086e-07, 	 cum-pr=1.2729e-07 	 rem-pr=1.0000e+00
β= 41,	 pr=4.5789e-07, 	 cum-pr=5.8518e-07 	 rem-pr=1.0000e+00
β= 42,	 pr=1.9505e-06, 	 cum-pr=2.5357e-06 	 rem-pr=1.0000e+00
β= 43,	 pr=1.0677e-05, 	 cum-pr=1.3212e-05 	 rem-pr=9.9999e-01
β= 44,	 pr=4.3851e-05, 	 cum-pr=5.7062e-05 	 rem-pr=9.9994e-01
β= 45,	 pr=1.7188e-04, 	 cum-pr=2.2893e-04 	 rem-pr=9.9977e-01
β= 46,	 pr=7.7774e-04, 	 cum-pr=1.0065e-03 	 rem-pr=9.9899e-01
β= 47,	 pr=2.5662e-03, 	 cum-pr=3.5701e-03 	 rem-pr=9.9643e-01
β= 48,	 pr=7.4510e-03, 	 cum-pr=1.0995e-02 	 rem-pr=9.8901e-01
β= 49,	 pr=1.9066e-02, 	 cum-pr=2.9851e-02 	 rem-pr=9.7015e-01
β= 50,	 pr=4.3193e-02, 	 cum-pr=7.1755e-02 	 rem-pr=9.2825e-01
β= 51,	 pr=8.7109e-02, 	 cum-pr=1.5261e-01 	 rem-pr=8.4739e-01
β= 52,	 pr=1.5740e-01, 	 cum-pr=2.8599e-01 	 rem-pr=7.1401e-01
β= 53,	 pr=2.5665e-01, 	 cum-pr=4.6924e-01 	 rem-pr=5.3076e-01
β= 54,	 pr=3.8063e-01, 	 cum-pr=6.7127e-01 	 rem-pr=3.2873e-01
β= 55,	 pr=5.1794e-01, 	 cum-pr=8.4153e-01 	 rem-pr=1.5847e-01
β= 56,	 pr=6.5299e-01, 	 cum-pr=9.4501e-01 	 rem-pr=5.4991e-02
β= 57,	 pr=7.7097e-01, 	 cum-pr=9.8741e-01 	 rem-pr=1.2594e-02
β= 58,	 pr=8.6251e-01, 	 cum-pr=9.9827e-01 	 rem-pr=1.7317e-03
β= 59,	 pr=9.2547e-01, 	 cum-pr=9.9987e-01 	 rem-pr=1.2905e-04
[4;37m       Attack Estimation      [0m
[1;33m dim=256 	 	 	 β=53.53  [0m
[0m  [0m
[4;37m       Running the Attack      [0m
[0m Running BKZ-2 [0m [0m Running BKZ-3 [0m [0m Running BKZ-4 [0m [0m Running BKZ-5 [0m [0m Running BKZ-6 [0m [0m Running BKZ-7 [0m [0m Running BKZ-8 [0m [0m Running BKZ-9 [0m [0m Running BKZ-10 [0m [0m Running BKZ-11 [0m [0m Running BKZ-12 [0m [0m Running BKZ-13 [0m [0m Running BKZ-14 [0m [0m Running BKZ-15 [0m [0m Running BKZ-16 [0m [0m Running BKZ-17 [0m [0m Running BKZ-18 [0m Exception type: ReductionError
