Before A:  [2166 1462 2399  113  939  122 1593 1493  264 1737 1254 1397  387 2392 2095  634  395 1123 1421 2500    6 3180  634 3082 2145  353 3281  250 1512 1045 3030 2260 2887  244 3278 1584  683 2411 2607 1269 1195 1563 1285  871  843 1855 2192  734 2487  537 2347 2942 1605 2226 1736  967 1017 2801  458 2379 2749 3066  306 3324 1820 1150 1699  479 2380 1158  810 3242  715 1660 3198 3180 1400 1847  369 2131 3034 1943 1720 1891 1485  536 1818 1127  574  957  642 1213 1274  280 1226 2117  427 2394 2148 1217 1664  931 1670 1267 3121 2176 2964 3106 1450 3047 2496 1864  266  293 3006  200 1376 1677 1314  710]
[3152  762 3038 1702 1400 1974 1488 2712 1141    8 2926 2517 2608 1064 2097 2180 3224  236  659 1104  483 2053 1076  347 2726 2242 1879 3125  588 1031 2642 2843 3177  630 1917  736 2662 1507 3021 1543  605  454 1903 1334 2432  706 3251  529 1089 3041 3079 1848 2883 2265 3008 2474 2330 2225 1891   95 1666 1894 2552 2020 2580 1605  692  594  307 1628 1641 2129 1253  676 2119 1857 1896  892 1680 2375 2855 1272 1818 2739 1090 3086 2270 2543 3079  492 2741  965  617 2955 2078 2600 1257 2750  448 1149   20  490 3180 1844 1986 2040 2207 1237 1007 2183 2131 1455  440 1400 1396 3196 2689 1218 3099 1446]
[2792 2603  144 1316 1250  701 1567 2066 1899  150   35  257 3012  407 2365 2475 2464 1618  392 2328 1069 1780 2494  147  684 3125 1824 1604  394 2609 1891 2628 1236 3071  760  182  980 2175 2765 2828 1667 1423 3174  886 1286  449 3178 1880 1539  767  918 2908  809  297 2875 2287 2790 3220  905  214 2813  115 1075 1457  958 1309 2095 1253 1516 1801 3251  686 2302 1240 2384 1863 1090 2424 2921 2067 3046 2535 3248 1290 1445 1916  963  323  224 2833  633  953 1458 1509 1953 3290 1722  459 2769  859 2299 1940  697 3281 3320 1029 2742  544  260 1996  651 2908 1116 2400 1373 2285 2539  577 1031 1568]
[ 506 1505 1998 1822 2812 1123 2103  383 3102  508 1638 3094  881 2379 2953 3286 2676  460  722 2822 2363 2682  300 1458 2492 1242   20  127 2908 3097 2591  121 3004 1238 1130 1030  242  836 1970  758  619 2184  837 2543  592 2117 3140 2423  576 1632 2666 1080 1289 1215  863 2694 1326  313 2861 1601 1221 2372 2857 2655 3245 2209  431  478  301 1228  608 1981 2162 2006   56 2391  134 1450 1137 1611 2966  360 3184   64 3285  837 3059  462 2234   84 1730 2529 1843 1671 3239 3262 2906  475  472  330 2625 2800 2028 2748 1461 2823 2189 2569 2842  948   18  364 1902 1103 1741 2073  762 1768 2172 3204]
[ 909 1736 2510  823  547  920  197 3043 3053 2250 2711  507 1679 3079 2150  599 2777  856 3183 2874 1016 3076 2032 2840 1385  500 1968    4  420 1496  289 2679 1644 1353 1704 1542 1355 3086 2337 1020  221  161 1457 1742 3232 1441 2195 2666 1057  423 1616 1948 3061 1712 2108 1184  851  193 1413 2771 1454 2561 1265  974 1664 1589 2126 1427 2905 2303 1333 2782 2017 3111  875 3248 1653 1037  660 3012 2987  911  641  384 2780 2820 1418  911 2517  732  562 1178  713  604 2517 2364 2395 2861 2264 1575   91 1877 2786 2570 2007 2642 1128 1367 1373 3047 1498 1197 2953 3283 1186 3273 3181 1657 2247 2334]
[2528  743  416  908 1933 2833 1836 2162 1598 1095 1592 1081 3213 2789 2668 1480  646  329 3064 2994 3159 3084  748 3321  123 2932  572 2446 2069 2104    6 1761 2691 3287 3005  947 2510 2043 1023  233 2107 1212 2438 1355 2643 2575 3260 3010  304  937 1064   15  932 1465 2773 1747 1743 1736 1276 1375 2031 2443 3199  318 1620 1433 1302  788  730  488 2406 2037 1387 3319  293  210 1216 1956 3256 2834 2524 2187 1270 2574 3252 1902 2575 1298 2200 1090 2375 1607  731 1685  276 1357 2801 1843  657 1854  219 1465 2183  823 1102  761 1779 2139  529   45 1934  228 2029 1752   59 1776 1404 1134 3156   18]
[2284  118 2852 3268 1359 1475  309 2500  605 2301 1779  956 2797 2905 2104 2348 2889  890 1572   28 2185  702  776 1758 2507 1643 2383 3276 1252 1180 2054 2037 3017 1608  257 2725 1278 2390 2992 1823 3271  749 2677 2204 2853 2162 1326 1739 1526  444 2719 2305 2828  649  562  254  513 2526 3216  135  104  605 1312 2943 3045 2077 2565 3244 1484  682 2233 1297 1318  716 2629 3162 1987 2117 2192  905  942 1161 1668 1603   79 1995  783  617 1037  954 1623  256  775 3315 1855  597 3037   70 2727 2618 2605 2019 2651  905 1305 2966 2853  420  723 2492 2867 2433 1255 2988  298 1477 1675 1712 2933 2036]
[ 832 1738 3218  421  890 2092 1085 1611 2178  977  138  388  914 1500   26 1658 1460 2580  425 2944  305 2562  533 1854 2393  381 2232 2354  684 2918  802   41 1083 1195 1959 1313  632  341 2198 1604 2366 2075  313 2532 1875 1338 1386 1297  462 2293 2336 2481 2180 2808  658 2716 2610 3180 2455  353 1866  124 1018 2547 2616 2035 1953 2805 2131  165  425 2260 2298 1813 3194 3096  542 2840 1679  760 1296 2919 1309 2002  894 2081 3021  988 2230  384  338 1354 1645 2586 3113 1791  890 1399 1883 2409  720 2688  840  297  167  103  472  835  828 1162 2054 2362  563  809 1671 1645 2901 1355  503 2682]
[ 185  514 1455  347 1644  503  326 3007 2425 2390 2312 2302 1622 2747 1894 3223  403  529  384 2704 1693 1892 3240 3276 1933  932 1595 2257 1374 1059 1549 1044  375  457  147 2778 1124 3267 1527  200 1525 2011 3270 1933 2478  816 1642 1215 1722  663 3145 2107  971 2340 2919 2238 1299  677  415 3311  444 1648  652  755 2513 2637 1667 2705 3085  192 3141 1232 1935 2106 2075 1168 1116  877  547  196 2898 2300 2917 2655 2888  415  974  431 1914  132  197 2773 2784 1055 1449 1700 1005   28 3185  178 3107 2732 3162 3263 2451  567 2913 2445  326  903 2172 2697 1482  560 2640 2293 1301 3111 1793  739]
[2255  904  594 1197  885 1240  654   77 1443 2113  948 1626  457 1043 2037 2621 1962   10  327 1193 2229 2501  873  686 1244 1692 1305 1928  307 3166   63 2330 1282 1115 3041 2440   35 3313  767  435 2196 2207 2229  171  781 1653 2593  354 1481 1676 2494 2541  689  825 2230 1144 1772 1321 3241 1271  359 2444  860  429 2851 2998 3152 1292 1507 2311 1077 2826 2371  196 2093  278 1534  440 2713  911 2840 2871 1453  453  741 1866  357  222  469 3280 2020 2613 1751  244  400  477  800 2912 1247  846  292 2460 2083  144 1427  429 2790 1644  987 2849 3211  963  962 3158 2295  870 1623   65 1044 1073]
[2114  653 2241 1844  978  105 3307 2220 3103  464   13 2232 2634 1494  847 2060 3320 1497 2393 3279  485  609 2052 2537 2663  729 1107  568 3270 2792 1112 2914 2754  968 1161 2355 2479 2564 2035 2536  558 3120 1086 2874  217 1265  477  114 2931 2457   98 2676 2820    5  109 1128 1214 3149 3120  123 2054 1792 1112 2009  359 1889 3247 1782  996 2197 2497  954  603 1886 1048 2200 2775  735 1774 1804  828 2893 3072 1707 2728 2274  947 1305 2826  641 1415  382 1028 2298 2235 2997 1610 1691 1282 2342 2595 1455 1896 3133 1584 2142 3103  274 1379 1445 2377  764 1991 1469 1772 2714 1103   21  748 1535]
[2821 2285   95 1158 1126 3087 2012 1047 3122  382 1562 1782  577  934  181 2457  734 2033 1571 1757 2385 2554 3005 2985 2448 2102 1399 2221 2657  298 1219 2370 2576 1532 2984 1358 2191 1613  799   80 1517 2493  388 2146  317 2767  817  908 2400 2701 3268 2852 2014 2878  663 2500  128  685 2805 2864 2079 1401  535  479 1492 3273 2763 2266 2203 2925 2951 2886 2413 2136 2711 1066 1489  519 1200 2310  168  941  800 2351  984 1205 2537 1910 3292 2295 2932 3077  730 2091 2296  982 3197 2545  305 2250 2440 3197  930 1557 2717 1334 1228  714 3262 2654 1064 3290 1337 2223 2143 1952  500 1804  833 2780]
[ 454 2733  755 2120 1373 1921  310  319  788 1393  872  694 3168 2863 1562 3255 1848 1457 3079 1528 3206 1091 1169  475 1768  169 1573   48 1273 1097 2924   41 1227  640 3212 1576 1150  467 2007 1862 1321 2567  163  986 1991 2546 2721 2564  359 2483 1054 2054 3030 1841 2061  229  785 2634  837 1752 1728 2687 1793 1055 2756 2674   68  467 1210 3071 1429 2788  904 2717  289  425 2046 1881 1821  435 2025 3272 1889 3307 2900 2740 3064  952 3199 1187 1145 1726 1498  623 1407  260 1406 1172 1871 1859 3073  477 2149 2218 1672 1727  940  571 2676 2308  701   82  761 2784 3168 2125  579 2151 1876 2452]
[ 397  146  789 2438 2540 2557 1302 3294 2057  844 1512 2914  195  687 3016 2069 1268 1965  207  703 1959  291 3149 1500   42 3044 3053  507 1779 1131 1617 2511 1693 2844  889  640  179 1971 2347  883 3150 2284  156 1522  871  912 1809 1869 2075 2226 2222 1799 2946 2744 2246 2847 3136  968  211 1111  136 2693 2420  852 1301 1625  484   66 2961  761 2056 1860  137 1054 2778 1849 2960 2601 2591 1654 2741 2130 1795  547 2606  533  865  405  432 1781 2523 3308  116  618 2852 1397  384 1307 3258 2199  205 3092 1556  703 3282   58 1422 2293  983 1814  490  246  982  678  422 1542 2972 1689 1133 1180]
[2785   23 2210 1497  940 3278 1152 2330 3290 2820 1322 1018 1330 2780 1482  911 1817 2786  289 1848  913  937  125 2500  225 2153 2465 1473  236 2873 1906 1472  105 2870 2626  433 2960 1083 1520  137 1134  831 2256  132 1053 1138  868 2252 1514 1018  761 1983  499  240 1002 1991 2963 1278 3117 1631 2680 2935 3240 1569 1608 2112 1653 3295 2070 3064 3261 1322 2353 2481  172  541  629 1018 2102 2464  883   26 3087  657 1156 1419 1943  504 2896  174 2170 2318 3129 1875 1998 2017 1701 3287 2996 2069  736  925  214 1575  808 3025  944 1651 1138  889  734 3278    7 2746 1057 1452 1941  564 1163  735]
[ 726 2036 2007 2620 1851 1141 1452 2672  667  727 1823 1578   49 2213 2920  559 2769 2479 1258 3043 1056 1655 2839 2372  659 3275 2476 2748  638 2848  797 1677 1882 1673  425 3315 2332 2643  780 2819 1817  985 2087 2307 3315 3050 3043 2102 2999 1736 1159  770 2745 1065 1769 1459 1659  246 1238 1025 2212 1464 2902  430 1959  405 2600 1269 1070  876  113 1189  479 1116 2635 1232  176 2235 1225  203 1496  124 2665 3143 3082 1697  221 1764 1999 3179 2875 1412  410 1086 2659 1617  767 3029 2327 1081 2382   11  840 2875 1596 2308 1682 2808 1775 1776 1622 1533 2929 2400 3164 1783 1752  333 2971 2025]
[1509 1669 2201 1448 2700 1658  175  994 2520 1205 1023 1770 1149 2327   10 1283  153 3057 1022  240  200 3182 2682 1060 1663  216  229  558 1576 1349 2331  299  977 3189  524  595 1664  770 2602   28  952  928   16 1757 1305 2084 2830 2021 2864  544  991 2352  156 3111 1605 3056 2344 2819  847 2472 3112  115  626 2204 1314  346 2968 1904 1433 1391 2061 3162 1984   18  251  166 2605 2166 1323 3152 1181 1901 1406 3115  920  175 2714  655 2789  291 2855 1939 2489 2866 2167 2269 2725  678 2125  764 2989 2415 1897  209   94  284  389 2119 3091 1676 1388 1742 2547 2276 2779 1008 1644 1876 2882 2314]
[2251 3206 2302  191  896  516 1662 1364 1151  729 2683 1028 3098 2407 2992  556  516 1820 2635  774  239 2532  661  162 1761 2971  761 2768 1800 2692 1594 1954  139 2660 1614  303  223  314 2386  352 1307 1358 1998 2032 2167 1107 2154  916  965   63 2113 2969 1917 3187 2787 1111 2469 1316 1442 1592  872 2026 2821 2758  819  232 3220 3269 1375 2328 2705 1772 2761 1073  643 3265 2760  859 3252  697  570 2661  868 3058 1938 3320 1942 1062 1521 3143 2950 1265 2911 1557   42 2803  505 2049  754 2466 2130 1562 1239 1528 1254 3028 2841 2665 1244  164 1822 1332 1073 2780 2865  861  504 2972  849  956]
[ 270 2623 2995   40 1641  409  256 1312 2249 2881  318 2340 3167 1306 3151  222 1553 1695  581 1531 2575 2836 2669 3188 2112  402 2470 2886 2430 1586  415  266 3234 3061  547 1459 2267 1117 2735 3299 2472  377  152 1734 1489  132 1031 2979 2107 1987 2860 1234  940  461 1561   24 2050  816 2853 2274  503  598 2873 3153 2465 3239 1471  701 3104 1355 2530 2102 2561 1217 2448  194 2722 1267 1669 1926  263 1884 1640 2745 1304 2835 1107  353 1156  305  711 2636 2581 2560 2197 1663  328  971  114 2223 2174 3206 2962 1200 1921  398 2125 1215  115  925 2175  654  799 1158  224 3134 3194 2964 2420  936]
[1517  992 1316 2789 1925 1788  908  505 1557  504 2497  390 2452 3246 2716 2097 1474 3091  947 3114 1049 1382  695  481 1987 2692  961  203  192  222 2876 1094  860 1882 3302  714 2331  777 1714 2513 1519 2112 1715 1205  698 1942 1072 2107  252 2754  208 3100 1137  629 2886 3105 2697 1737 1075 2413  395 1923   62 2021  282 2957 1045 3233  810  439 2644  438 2436 1986  651  793 3168  952  628  215  403 1327 1731 3269 1355  299  615 1410 1500 1885 2056 2132 2519 2057  707 2756 1924  260 1239 1693  296  781  730  910 1626 1267   40 2116 2894  707 1635 1254 2561 1496 1885  281 2421  380 2968  777]
[1148 2093 2853 2654 2214 2941  228 1292  931  764 1064 1648 2075  112 1641  676 2819  265 2807 1524 1066  663 3222 1583  558 2657 1709 2809 1778  375 1752 2707 2160 2934  454 1440 1396 1963 2434 1627 2014 3007 1408 3318 2986 2062   63  569 2821 3043  507 2459  478 2236   15  422 2380   50 3268    4 1599 2037 1435  899 2415 2747  502 2064 1569 1833 2367  634 2726 1258 2748 2981 2880 3266  495 2563  634 2281  502 2555  810 1110 1259 2337 2732 2511 2575  422 1634 1025  153 2851  520 1980 1555 1899 1528 2511 2063  206 2525  198 2175  182  924 1089  949 2786 1054  750 2743    0  609 1059 2123   68]
[2620  358 1338 3164 1227 1875 2026  371 2518   79 1722 1073 2517 2292   80 2299  495 2879 3047 2823  421  203 3091 1204 1822 3309  248 2479 2766 2347  363 2301 2559 2209  409 2179 3323 2375 1884 2055 1989 1208 1899 1557 2664 2961 1792  423 3161  826 2406 1302  337 2192  483 1571 1913 1200 2559  920 1187   32 1782 1355 1109 1658 2372 1328  485 2422   13  771 2924 2569 1047 3130  913 2873 2194 1738 1107 3259 2834 3069 1778 2756 2498 1452 1207  555 1968 3144 2930  888 1810 1822 1442 2078  614  821 2073 2088  376  133 2374 1323  403 2965 2150 1107 2625 2149  572 1836 3281 2452 1747 1496  140 2730]
[1632 1017 1012  475 2207 1057 1603  500 3019  659 2465  120    9 2170  461 1265 2061 2936  196  377 1539 1992    1  627 3239  825 2750 3219 2964 3117  500  525 1448 3125 2276 2717 1109 2479 3157 2530 1550 3040 3262 2053 3191  316 1924  812 2432  120 3097 2723 1843 1286 3018 2681  755 1198 3229 2656 2484 2597  383 2738 1774 2657 2483  410 2341  631 1943 3224 2590 3003 2267  914  401 1978 1213 1494  679 1800 2116  418 1428 1225  927 2368 2693 2468 2975 1330 2830  912 1266  894  386 2255  423 1831  350  385 2334 1173 2802 1316 1730  708 3095 1187 1493 2109 2034 2246 1819 1708 1525 2281 2871 2913]
[1254 2749 1673 1012 2751 1245  225 2695  893 1988   15  420 3220  131 2491 1349 1434  775 2474 2721 2004 2602 3194 1015 1520  668 1041 2718 2751 2938  588 1426 2122 2276 2862 3324 1351 2621 1070 3294 1232 1868  783    6  466 2252  288  385 2349 1758 2921 2305 1798 2090 1476 1695 1260 1319  909 3020  426  426 3037 1140 2466 2964 1664  945 1583 1785 1126  514 2712 1543 3252   23 3063 3143  106 1143 2338 2851  356 1268 3310 1351 1648 1235 1713 1629 1856 2149 2300 3126 2382  281 2369 1580 3015  269 1634 1283 2920 2236 1009 1062 1036 2074 1912  867 1718 1013 3146 3316 3293 2869  165 2235 1622  950]
[1879  580  181 2108 1677  882 1720 2460 2008 1371 3007 1119 1437 1105 1380  551 3230 1228 2330 1577 1520  726 1119 1177 1617   14  271 2900 1579 1963 2392 3309 3030 1985 2972  661 2152  589 2256  137  917 3270 2821  867 2066 2229   26 2313 2482  822 2544 2079  645 1020  793 1693   39 1520 1914 3113  272 3192  268 2689  890  852 3325 2931  764  875  489  792  730 2712 1134 1045 2002 2762 2279 1974 2351 1515 2871 1422  797 3155  722  282 1636 1284 2129  759 1254  356  276 1436  924 1334 1843 1993 2313 2973 3204 2554 3090 2934 1985 2933 3104 2224 1625  187 3159 2847  225 2726 1978 2473  286  732]
[1016 2110 2027 2909  707  502 2979 2824 2620 1369 2652 1678 1925 3000  477  146 1007  239 1783  702 2921 1620  405 1846 3014 1399  204 1755 1155 1748 1510 1924   59  763 2662  355 2996   78 3033  634 2747 2163 3110  403  434  966 1913    3  761 2666  483   20 1023 3223 1386 1700 1809 2991  239 1162  385  281 1523 1533 2655  765 2309 3043 2951  279 1080 1571 2372 2983  456 3125 1355 1725  981 1360 3255  441 2593 3092 2674 2156 1525 2084  913 2153 1667 2442   23 3183 2231 1930   57  465    1 1459 3170  426 2270 1344 2571 1999 3079 2327  209 2981 3055 1340 1325 1279 2847 1229 3300  286 1249 3258]
[3277 1994   98 1061 2905 1043  384 2982 1285  907  411 1731 3049 2907  850 1852  841 1494 3033 1229 2312 2200 1545 1176   70 1625 2470 1447 2999  216 2970 2195  899 1058 2304 1967 2643 1969 3103 1674 1677 1481  734 2031 1378 2164  957 1478  101 3056  729  440 2033  170    6  910 1812 1516 1422 1023 1528 2249  353 2464 2999 2001 2755  814 3303 3049 2578  418 2767 1893 2998 1881 2716  586 2854 1674 1726 1597  803  325  234  103 2387  182  501 2478 2695 1068 1516 2866 2237 1142  171  274  414  996  159  904 1522 1969  312 1456  176 1124 1873 1473 1273 3246 1565 1642 3327  622  791 2748 2105 1002]
[2001  425 1565 1370 2935 3301 1418   95 1770  789 3259 2049  167  397 2137 3033 2011 1853 1573 2163  174 3298 3089 1927 2406 1933  478  672 1614  342  687 2043  568  143 1191 3147 2567 2374 1197 1842 2669 2981 2085 1736  201  978  180 1625 1718 2408  657   13  269 1681 3328  605 3008 1856 1159  274  326 2191 2217 1511 1693 2189  285 1309 3063  980 1655 1362 2161 2248 3056  780   66 1252 3212  402  845 1330 1211  166  284  833 1978 2147 2560 2056 1089 1120 2849  568 2909 2725  751 1937 1136  887 1143 1121 1120 2947  103 2037 3267 3285 1221 1884   99 1296 1840  732  900 1179 3221 2483 1564 2135]
[3138 1253  959  349   37  356 2443 1196  484 1750 2856 2025  684 1265 2770 1215 1660   30  260 2202  335 3152  959 2672 3156  732  323 2566 2558 1170 2660  395 1855 2156 1433 2860 2677  586  433 2879 1178 1346 2805   36 1546 1980 3177 1418  870    3 3325 2506 1336  431 1507 1153  198  146 2091 2201 2347 1271 1105 2678 2533 1070  731 3207 1015  175 1402  273 1996  591 2585 2248 3087 1538 2689 1101   25 2305 2028 2394 2829 2426 3238  396 3263  399 1712   38  610 3209  746 1842 1478  201 2747  816 2553 2931  465 2503 2070 2315 1801  504 1627  463 2128 1359 3112 1867  374 1399 2322 1856 1444 2936]
[2703 2918 1129 2987  924  189 1159 1973 1518 2017 1350  636  507  506 2749 1914  590  510 1166  611 3050  905 2429 1763 2036  277 3160 3309  979  647 2229 2680 1210 1898 2210  433 1672 2072  783 2424  982  141  196 2895  604 2477 1229 2152 3071  977 1625  450 1566 3043 2883 1341  697 1397 2207 2711 1729  392 3045 1396 2293 1786  300  522 3073  552 2962 2487 2135  624  622 3310  348  484 1250 2556 3106  313 1569  657 1872  581  237 3061 1739 1133 1523  831 3220 2643 3111 2307 2203  533 1925  541 3313 2551 3262 3058  220  301 1306 3210  680 2560  795 2230  211 2529 1526 1520 2479 1365 2632 3196]
[3257 3141  496 1132 1916 2741 2134 1363 2944   46 2492 1215  130 2707 2944  208 2822 1809 2072 1994 2471 1516 1549 1087 1516  339 2355 2710  601   71 2327  716 1036 1018  219 1727 2853 1832 1932 1780 2224  401  580  466  447 2265 2404 2765 2891 1151 1103 1678  778 2469 1228 2818  941  393 1140  755   37  790 3043 1115 1334  231 3258 1667  675  794 2052  211 2590 3003  903 2143 1348 1283  523  607 3197  806 1242 2598 3064 2646 1350 1701 2520 2948  474 3001 1429 1371 2456 1276 2682 2260  846  639 1281 1475 1607  131 2241  222  694  931 1906 1466  523  909 3112  527 3012 3188 1039  882 2914 2231]
[1042 2956 1176 2089 1098 3098 1438 3136 1892  722 1436 1431 1803 2410 1516  263 1990 2323  998 3186  674 1087  613 3286 1129 2231 2662 2107 3223 2189 2569 2005  128 1242 3243  989 1205 2611 1939 2324 1853 2097 3036  259 1166 2653 1584 2194 1183  927 1606 1753 2172  886 2486  116 1497 1803   92   94 2431 3280 1698 2476  973  342 2125 1556  147 1488 2659  966  490 1738 2480 1736 1696 2821   54  360    5 2514 2131 2541 1284 2563 3322 1650  491  479  608  734 1831 1230 2420 2343  386 1249 3063 1082 1169 1725   30 2199  684 1182  560  451    6 1072  762 2062 3203 2567  924 2557 3036 2763 2073 2614]
[ 869 2191 3234   43  305   69 2064  824 3177  965  676 2740  916  812 1203 2443 2000 1295 2310 2001 1465 1572   50 2669  498 2202 2576 1853  514 2651  581 2051 2825  698 1216 2415 2678 2992 2966 1243 1343  361 1719 1953  536  739 2566 1740 2886  143  832   99 1734  707 2622  755 3080 3168 2767 1267 2768  514  180 2368 3066 2120 2559 2764 1810 1279 1118  220 1165  849  584 1013   59 2283 2418 1260 1181 3233 1602  735 1933  556 1283 2086   35 2413 1643 1867  225 1225 3002 2778  507  368  963 2670 1816  500 1573 1451 2023 2603  972  299 1358  571 1130 1504 3174 2693 3114 3289 2183 2547 2965 2995]
[1206  857 2140 2942  393 1171 2850 1906 1707 2408 1668  620   81  172 2604 1722  448  413 2020  213 1568 1847 2284 2351 3180  437 1316  299  229 2648 3012 2584 2504  324  669 2974 2965  797 2675 3161 3147 2412 1502  604  817  183 2662  867 2884   93  957 2831 1664  396 3261    9 2642  173 3152 2724 2099 2522  365 1615 1397 1835 3075 1981 1124  917  559  140 1797 2666 3016 2573 2312 2627 2336  529 2861  363 2634 2251 1830 2192   16 1152 2517  169 2319 1968 1720 1054 1420  198 1887  147 3040 2113 1372 1623  585  223 3300 2130 2356  611 2162 1852 2635 2330 1342 2113  199  185 1712 2686 3135 1766]
[2050 2295 1152 2660 1957  449  299 1407  413  752 2891 2770 2956 1149 1220  553 1093 1349 3027   56 3018 1318 1239  288 2157 1248  705 1118 2358 2125 3042  382  677 2619 1129 2993 2011 2682  966 2459 2324 1537 1541 3121 1289  426 1255 2807 2723 2098 2737 1654 2047 3160 2379  277 3030  639 2557 2569 2035 3134 2599 1476 2824  784 2348 1158 2330 2565 2320  474   89 1397 1404 2571 1439 2043 3320 1440 2269 1708  761 1727 1958 2622 2408 1993 1345 1238 2578 1598 1993  419 1489 3258  495 1916 2787 3075 3274 2294  550 1619 2744  102 1821  337  324 2651 3087  277 2662 1473 1904   58 2172  322  317 2770]
[1008  897  113 1486 1293 1184 1842 3123 3030 2953 2393 3072 2674 2867  749 1466 2337  613 2948  274 2136  903 2222 3199 2478 3093  919 1951 2119  200 3168 1252  960  908 1895 2499 1504  735 2673 2179 3268 2186  218 1799 3085 3205 2799  953 1440 1890 3258 2151 3240 2691 2233 1243 1813 1023 3073 2420 1616 1144 2731 2791 2509 2246 2740  131 1010 3198 2824  822 1759  250 2505 2909 3268 2129 2415 1244  312 1080  598  441 2657  196 2541 2408   65  114 2241 1444  814 2292 1295 1952 1128 1213 2690  839  583  956  205  684  532 2730 1737 1846  805 2035 2832 2093  712 1231 1431 2631 2616 2310  921 1372]
[ 867 3326 3025 1219  289  428 2411  929 1645 2040  947  680  921  667 1697 2993  484 2366 1420 2559 1799 1090 1496 2314  213 1145 2583 2657 1670  441 2841 3158 2602 2145  463 3008 3013 3087 2805 1025 1292 2554 1145  296 2225 1799 1290 3090 1975 1624 1762 2539 2680  779  232 2324  544  125 1381 1847 2457  609  348 2213 2409 2023 1669  368 1830  762 1612  509 1246 1181 2939  557 1506 1593  105 1419  728 1903  438 1287 3326 2078 1543 1810 1551 1582   99 1762 1016 1289  690  274  781 3287 2417   64 1681 1250 1109 2217  731 1509 2079  550 1185 3087 1092 3252  698 2669 1279  727  923  761 1488 1520]
[ 541  824 1089  369 2582  459 1686   75 2130 2165 3315 1147 2880 3096 1829  141 3285 2949 2897 1227  650 1727 1012 1943 2609 2004  481  869 2602 2933  724  574 2272 1017 2222 3222 2866 2583 1427 2300 2945 2171 2197   33 3207  769 3201  656 1030 3193 3208 2829 2374  524 2923 1557 1502  544  356  771 1166 1227  240 2872  693 1072 2946 2670 2097 1583  247 1320 2855 3091  754 1458  433 1989 2568  169 1012 3157 2008  283 2326 2849 2812  406  261  965  155 1928 1966  400 1150 2384 2784  459 1290 3233 2890 3052 2067 2800 2454  873 3304 1522 2721  780 1061  668 2377 2557  495 1362  954 2705 2017 1516]
[1796  398 3202  771 2406  720  992 2461 1322  780 2565  289  221 1803 1497 1759  182 1696 1234  496  298 2402 1750  204 2107 2075  371   76 2345 2769 2878  697 2881 1248  798  273 1878  388  349   70 2889 2007 1446 1647 3205  604 3246 2055 2561 3133 3248  833 3298 2753    3 1946 3002 3309 1651 2114  916  575 2798 2963  694 2767  454  771 2972 1069  219 1821 2602 2623  453 1627 2864 1687 2287  808 2195 1691 1063 1224 1555  541 1919 2359 1919 1937 1875 2299 2382  623 1062 2717 1393  424  932 1225 3243 3289 1165 3312 1985  115 1703 2299 2243 1793 1745 1386 3151  948  880 1223  929 1692 2707  422]
[3226 1284 2242 1682 1829 2276  736 1091 1523  794  190 1579 1578 2814 1392 2720 2671  137  305 3091 2681 1895  473  535 1656 3305 3109 1116 1130 1263 2708 3325 2638 3195  333  895 1746 1749 2565  586 1195 1603 2813 1507 3044 1720 2332  487 3025  414  555 2300   66 2237  974 2111 3018  918 1095 1009  701 2388 1316 2516 1761 3142 1976  211  922 2561 1323  374 1573  793  175 2350  470   76 2629 1642 2629  633 2175  245 1667 1616  322 1967 3092  795 1332   18 2071  474 1470 1293   88 1954 1214 3134 1044 2172  632 2701 1956 2283 3247  833  247 1958 2086 1469 2430  245  642 2078  246 2416 1714  854]
[1387 2217 1611  872  337 1301 3177 3239 1232   19  242 1309 2214 2041 1588 2538  818 3122  147 1938 1167 2582 2920  594 2971 1685 2811 2179 2639 1390  803 2422 1377 1897  806 2276 1747 2049  988  573 1331  701  555 1249  321 3257 1108   91 2380 2131  655 2566    0  762 3111 2111 2612 3133 2798  947 1150 2388 2709 1453 2342  720  293 3045 1010  862 2882 1755 1757 2136 2116  346 3218 3316 2729 2159  584 1270 3001 2098 2603  567 1572 2491  554 1192  789 1703 2962 1146 3119 1519 1320  997 1118 1236 2882 2965 1270  289 1239 2448 1091 2958 1758 1376  360 1795  154  836 2955 2406 3099  793  847 1426]
[1954 2477 2623 2114 3294  368 1851 1192 2643  490 2598 1804 1976 2666 3301 1463 1532  791  780 2846  319  689 2549 2532  818  507 3177 1794 2164 1869  334 1229 1263  827 1107 3324 3269 2699 1424 1653 1244 1193 1862 1993 3243  858  803 2321 1665 2903  657 1476 1687  607 3046 1913 2238 1632 1522 1652 3098 2558  539  345   88 1953 2639 1582 1496 3164  990 1938  848 2049 3288 3127  491 3042  961 2439  326 1682 3219  697 2951 3218 2979 1479 1514  561  920  417  506 1285 1730 1831 1117 2716  368   36 2149 2369 1544 2925 2425 2962 2164 1298 2516 3174  451 2884 2214 2496 2834 2753 1600 1488 2825 1305]
[1049 1238 2874 3324  747 2243 2098 1855 2984 3110 2735  862  300 1375 2237 1870 2072  880  460  110 1279 1503  464 1046  161 2358 2953 2817  407 1581 1654 1644 1962 2803  844 2897 2372 2268  358 1498  178 3182 1676 1001 1361 1046 1867  341 2558  666 2853 3199  896 1294 2482   61  791 2042 2320 2543 1429 1060 1317  214 1182  315 2616 1137 2063 3070 1782 1013 2251 1072  276  895  770 2526  209 3052 1070 1612 2066  779 2560 1516 1109 1275  855 2596 1014 2394 2815 2524  906  987 3062  570 1251 2923 3316  294 3215 2347 1811 1191   55  178 1186 3219 1629 3314 3258 2409 2621 1509 3109 1411 1113 2893]
[2006  703  935 2567  809 1314 3174 2482 2739 1817  357  878 2595  254  763 1831 3049 1982 2741  920 1621 2508  160 2294 2094 2067 2784 1796 2595  560 2678  802 1706  861 1297 2191 2438 2910 2116 2195 2076 1503 2582 1517 1104  233 1024  522 1611 2240 1123 2369  323  717 2950 2101 2606 3146 1952 1560 3105 1561   98 1156  566  678 3184 2177 1066 2165 3037 2978 2563 1920 1088  882 2375 1466 2270  282 2850  577 2211 2546 1793 3103 1278 2451  696  706 1770 3245  264 2483  190  257  111  707  982  620 2097   81 1801 2566 2833  741 1230  762  765  574 2145  716  465 2596   70   12  703 2395 2656  565]
[2612 2259 2339 2099  859 2897 2715 2438 1952 1626 1805  167 1399 2002   37  610  797 2253 1858   71 2256 1689 1798 1402 1927  945 1469 1212  273   96 1547 1213  662 3264 1952 3011 1957 1391 3054 2189 1825 2706  417  234 2360 2256  277 1053 1855 1633 1946  864  521 1050 1611  676 1673 1100 2061 3089  721 1492  710 3235 1575  164  533 1956 1094 1290  807  180 1497  722 1220 3276  295  653 2162 1894  273  962  406 1971 1772 1874 2318  417 2102 3021 1885 3104 1211 2041 1904  341 1924 1894 2182 1666  572 1660 1303  153  794  824 1786 3054 1951 1165 2059  237  750 1915  146 1670 2367 1710  867 1683]
[2965 1385 1689  820 1864 3253 2299 3151 2250  914 2466 1889 1592 3104  807 2282 1538 3068 1632 2538 2715 2935 1966 1409 2116 1012   38 1777  437  706 2890 1351  840  363 1912 1259 2071 3211  199 1614 2174 1041 2723 3107 2482 1682 1529 2320 1439  792  187   82  827 3121 2251 1911  667 3135 2940  629 2453 2878 1200  225 1769 3204 1073  300 2762  812 1668  932 1380 2848 1780 2571 2298  480  958 2439 1987 2618 2812 2624 1080 3292 2292 2880 1064 2746 2449 1770 2971 2143  262  177 3232   28  951  921 2635 1164 2436  776 1970  481 2725 2048 2395 3053 2963 1625 3292 2439 1355  376 2828 2854  524 1864]
[ 502  887  253 1018 1525 2966 2511 1575  756  152 2215 1513 3226  246  723 1944  636 2865 2901 2104  314  866 2231 2130  493 2436 2484  993  767  825 1586   57 1850  616 3122 2861 1682 1551 1888 2794 2396 2234 2859 2624 1934 2681 3030 2760 2856 1797  979 2820 1080 2492 2054 2464 1271 3097 2609  715 1844  112  458  972 2834  929 1190 2386 2204 1946  134 3256 1104  540  328  414 1864 3173 1956  930  401 1081 1300 1628 3317 1290  902 1278 2696  838 2520  989 1998 2168  183 2722 3052 2755 1001 1008 2547 3126  596 1565 1263 3173  215  575 1113 2612  741 1861 1775  380 2913  194 3314 1145 1855  644]
[  68 1471 3307 3216 2852 3230  759 1165 2613    4 2804 1610 1209  586 1190 3191  600 1472 1821 1669 1370  642  973 2905  301  641  672  512 2467 2122  185 1927 1279  405 2757   22 3101 1096 1430 3055  104  688  664  176  619 2563 1985 1125   20 2554  208  784 3061 1171 1042 2046 2079 2862 2712 1839 3096  640 1623 2109  291 2507   48 1125 2503 1687  114  819 2056 1560  385 1321 2787 1924 3031 2231 2440 1902 1793  400  272  743 3267 2983 1231  610  272 1580  610  119  678   27 1433 2460 1337  843 1132  480    2  801 1755  538 1507 2977 1656 2089  270 3123 1812  499 3323 2697 2005 1078 2926 1696]
[3196  289   98  597 2686 1635  137 2079 2682 1278 2412    9 2617 2932 2699 2269 1700  810 2763 1513 1389 1994 3060 2891  671 1816 1496 2843 2490 1542 2772  133  587 2003   63  429  512 1938 1199 2540 1571  867 3112 3309 1332 3014  267  924 2445 1862  871  685 2855 2515 1432  299 1712  106 2271 1967 3250 2448  173  732  998 2082 1963  158 3108 2872  152 1863 2942 2462 1381 2157   39 2674 1495 2569 3326 2478 1015 1997  279    5 1986 2587  497 1574 2426 1512 3172 3172  616 3311 1136 1395 1578 2256 1210  280 2504  362 1443 3221 1770  368 1881 2711  972   47 1403 2596 1698 1617 2557 2034 3318 3042]
[ 164 2429  934 3201  554 2429  266  464  544 3043  623  275 2304  496 1377 2615  983  234  816  266 2656 2954  373  435   73 3001 2125 2207  975  724 1427 1675 1289 2830 1936 2521 2775 1374  329 1710 2335 3024  859  465 1795 1145 1424 1962 2223 1543  747 1403 2476 3248  204 2405 2946  946 3214 2549 1731 1934  780 2805 2220 2245 1648 2385 3043 1184  107 1872  864 2690  348 1947 3050  233 2295 1811 1730 1629 2564 2943 2594 2373  526  229 1706 2573 1492 3023 2112 2377  796 3033  721 1835  137 2169 1312  869  642 2059 3067  191  665 1669  917 2102 3176 2067  222 3189 2787 1119  461  471 2132 2135]
[2091 1730  523  523 3096 1499 2623 2811  121 2383 2130  617 2267 1031  310 2694  785 2636 1146  375 1744  989 1880 2941 2371 1301 3263 1951 1043  373 2318 2705 2840 1361  925 2377 1670 1137  514  451 2128 2867 1759 1731 2635 1876 2031 2061 3226 1347  446 1327 1863 2331  836 1247 3168 1525 2300 2722 1088 3058  437 2545 3279  576 1406 1054 1513 2441  410 3054 1517 2515 2368 1251  545 1515 2213 1822 2634 3329 2592 2333 2865  119 1550 3307  522  573  953  377 1110  104 1610  932 3291  808 1541  845 1757 2248 1264 1611 2036 2613  449  968  800 3253 2241 2726 2363  260 2003 1458 3169  905 2548 3077]
[1288 2538 1317 1889 1351    5 2117 2817 1061  348 1075 2039  885 1617 2993  366 2283  350 2859  978 2505  650  749 2498  120 3109 3069 1032   29  893  780 1047 1887 3033 2814 1646 1753  105 1821 3329  877 2136  634  864 2436 2641 1110 1067  310 1921  133 1600  459  790 1398 2435 3118 1402 1879 2489 1710 3217  813 2946 3051 2354 2190 2804 3215   44  837  622 1274 1897 2002 2438  761 3098  675 2649 1851 1431 1536 1079 2567  894  132 2166 2269 1152 2539 1521 1350 2070 2513  268 1644 1575  523  730 3128 2219 2484 2526 2537 2815 1867 3095 1873  304 2056 3097  666 2387 1884 1694 1250 2211  134 2536]
[2120  821 1220 2462  804 1296 2445  243 3176 1241  830  462 1640 2781 2409  551  255 1328 1889 1967  238 1774 1695 3326 2479 2137 1835  593 3103 2159 2993 2867 3076  878 1444 1632  180 3212  764  487 2776 2088 2546 2654  581  559 2370  612 1336 2379 2453  723  765 1294   26 2293  136 1668  494  876   58 1572 1154 1242 2730 2795  791 1185  654 1642 2501 2760 2301 2729 2018  834 2782 2512 1607 2166 2226 3105 1097 2227 2403 1019  885  217 2117 1616 1684 2761  392 2618 3244 1350 2904 2185 1412  286 2456  792 1090 1969 2753  160 1074 2580 1507 2126 1465 2574 2321 3062 1937  233 2282 1606 1974 2488]
[1366 1799  180  926 1920 1071 2212  482 1082 1343 2464 3214  195 2019 1474 1224 2478 1485 2830 1941 1074  691 2260 1272 2635 3244  680 1387 1449 2060 2685 1372  781 3093 1060  290 3231  859 2217 2575  453 2398 1976  150  668  712 2715 2683  707 1708 2639 2861 2243  761 1521  512  356 2803 1931  660  315 2542  216 2834 1351  962 1090 2374 1554 1936  987 1745  730 2095 2478 2573 2581  453 2853 3069 2915  625 1570 3053 1984 3192  808   32  517  383   36  352 2240  611 2264 2811 1314  384 2941 3106 2961 1182 1456 2174 3193  952 2154 2476 3137  555 1423 1465 1820 2960    1 1808 1856  274 2046  541]
[2028 2586 2839 2051  845  960 1271 2197  432 1894  541 2126 2790 2409 1039  636   44 1452  374  766 1840  984 3312 2843 2370 1869 1555 2678 1056 3052 2157 1106 3229  446  415 1594 1519 2236 1429 2725 2416 2130 1392  713 2174  939  626  256  954 1658 1151 2541 1626  695 3137 2768 2756 2630  964 1580 2325 1419 1728 2110  934 2649 1378  898  100  893  892 1589  123  299 3068   48 1883  435 3025 1713 3249  515  123  845   38 2999  970  844 1126 2106  833   78 2308 1374 1441 2726  662 2067 2077 2917  994 2997  679 2872 2529  313 2654  504  893  729  393 3312 1490 2236 1805  492 1695 1981 2422 2112]
[2819 1698  347 1378  573  692 2566  778 1817 2030 1426  495 3149 2459 1372 2514  787 2119  405 1077 2328 2738  915 1635 1707 1610 1233 3232   69 3010  111 2711 1114 2397  559 3284  544 2729 2292  691  211  329 1423 3088 2506 3023 2391  968  776 1307 3299 3285  948  155 2585 1371 1595 3298 3054  467  553 3097 2607 1149 2249  795 1019  993 2102 1798 1142 1016 2777  852  953 1298 2664  300  457 2777 2130 2145  607 1274 1512 2802  649  536 3311 1820  254 1100 2559  267 2846 2216 2319 1751 2692 2230 1928 2877 1624 1257 1750  734 2911  526 2278 1690  141  415 2027  703 1275 2550 1186 2691 2770  470]
[2912  240 2859 1490 1275  978  464 3264 3298 2010  740 1612  851  799    2 1308 2849  441 1068 1499 1091 2363 3329  526  882 1274  688 1661 1586  957 2106 1196 3006 1552 2418 2917 2880 1759  296 1551 1719 2210 2939 3291 2123  448 1233 1640 1181 3207 1747 3324 1505 2908 2516 3111 1901  299 1973 1869  643 1133 3324 2185 2247  657 2328 1678 2564  526 2916  465  954  696 1697 1348 2472  567  157 1574 2703 3153 2426 3149  960 2943 2819 2657 2581 1738 2183  574 1203  307  574 2096 2577 1866 2919  720  630 2352  849 1911 2161 1195  713 3086 2671  896 3093   22 1158 1164 2307 2812 1088  643 2326 3113]
[1284 2687  378 2511 1544  379   24  522 2737 3071 2015 1807 1885 1735 2324 2110  257  812  600 2190 1346  328 3248 3194  649 2440 1954 3299  121 2312 2161 3072  836 2603 1550 2109  722  397 1540 1835 1072  950  583 2197 2131  690  872 1036 2993 2710  610 1071  155  336 2348 1330 1012  877 1942    8 2398  328  266  411  692 2040 2095 2166  776 1847 1952 3110  797 1064 2122 1076  257 2042 1072  799  840  404 2110  927  302 2283  378 2025  345 3148 1791  326 3056 1695  412 1005 1738  928 3134 1164 2399  502 2682 1473 2944  506 1139 3269 1511 2005  738 1316 2595 1485 2293 2767 2003 1790 2119 2244]
[2309 2550 2250  680 1061 2339  388 1107 2031 3189 3206 2023 1186 1487 2682  846 1533 3118  642 1843  254 2310 1740    6 1747  531  992 3266 1215 2661 1472 1431 2130 1763 2833 3106  713 2555 2467 1637 2330 2200 2288 1368 2609 2400 2081  164 3082 2155  643 1765  831 1341 3213 3262 2683 1255  722 3141  129 3095  125 1314  456  840  531  114 1160 1072 2088 2006  901  600  732 1210  673 3152 1644  735  451 3044  200 2422 1279 2974  283   27 3289  736 1630 1249 2499 2306 2887 3211 1515 1222 2004 1678 2655  653 1737 1108 2375 2495  857 1566  213 2699 2704 1139 2855 1665 1954 3053  647 2518  427 2452]
[ 796 3257 1989 2947 2834 2079 2012 1258  153 2533  716 2113 1593 1125 3294  409 2388 3177  664 2984 1165  154 2801 1538  372 3268  755  284 2883 2699 1890 2529 1324 2211  635  110 2044 2498 2994  778  635 1889 2708  336 2522 1383   94  172 2501 1649  967 1280 1365 1756  258 2829 3211 1275 2545  409 3068 1765 1636 3032 1995  141 1526   53 2452  749  155    1 1797 3003  811  912  951  892 2918 1848 2595  848 3143 1543 2295 1305 1272    9 2312  473  747  655 2589 1918  300  399  253  589 1136 2629 1652 2399  748  612 1665  111 2284 2498 2981 2075 2872 1966 2408 3194 2995 2306 3039 2361  303  309]
[1405  610 1152 2610 1511 1138 2184 1188 1377 1212 2845  699 2768 1177 1928 2929 2555 2627 1551  242 2475 1574  991 1248 1478 2352 1523 1741 2618  572  823  658 3037  436 2467  987 2620 3306 2843 2224  854 1330  357  584 1413 2660 2141 2775 1392 1050  452  844  742 3282 3113 1954 2920 1285 2641 1285 3081 2912 1839 1508 3248 2468  349  973 3309 1772 2412  304 2456 1123 2048  540  275   79  165   65 2652 2348  525 2209 1783   27 1995  100 2093 1167  253 2600 2266  594 1790  748 2269 3227 2716 1351 1544 2343  281 1689 1005  802  671 3288   41 2165 3309 2897 2332 2499  422 2958 1284  257 1141 2429]
[ 977 2681  337 3285  693 1114 1027 2817   90 2282 2377 1564  300 3225 1077 2375    8  368 1009 2958 3137  844 1906 2204 3133 2819 2644 2951 1232  845 3317 1226 2714 2569 2495 2398  556 2053 1703  196 2310 2231 1254  265 1032  597 3151   15  555 2184 1622 2554 2831  745  975 2507 1213 1768  940 1788 2248  237 2461 2692 2181  578 3008 2716 2401  767  275 2639 2532 3221 1096  195 1675 2543 3006 2743  117 3017 2661 1348  388  517 1505 1758 2011 2080 3222 2644 2827 1289   45 1144 3100 1582 2618 2797 1487  708  905 2565 2153 1032 2566 1281  914  921  932 2300 1997  769 3182 3115  798 2205 3240 2002]
[1582 1508 2730  891  307 1952 2592 1972 1564  668 2594  320  520 3016 1310 2650 2063  103   49  507  487 1044  556 1443  389 2992   70 2195  166 1653 1257 3039 2711  723 3018 2612 3160 1827 2466 2233 3048  112  746  133 2667  132  595 1962 3100  502 1080 2153  896 1823 3314 1495  289 1024   22 1350  436 3321 1721 1685 1737 3155 3043 3172 2275 1546 1302 2950  654 2259 2247 3150 2073 3098  565 2003  894  319 1068 2705 2410  783 1763 2348 1909 2578 1782 3277  741 1277  321  638  936 2583 1494 1677 1431 1014 1643 1671 1897 3062 2339 2879 2333 2076 3003  586 1574 1780 3310 1275 1414 2938 1017 2578]
[2075   96 2728 3269 1900 1207 1498 3188  301 1444 2225 1708 2107 2956 2413    2 2121 1563  128 3073 1517 2318 1586 1601 2626  779 1891 2571 2167  578  723 2466   75 2779 2678 1769  347 1074 2529 1368   72  840  775  555 2337  608 3166 1898  161  811 2611 3052 1852 2367  710 3032 1647 2314 1251 1971 1026 1751 1488 1345 2638 2505 2968 2872   82  947 1657 2562 2323 2428 2334 1462  730  254  653 3061  772 2675 1612 1561 1681  570   65 1252 1357  773 1219 1934 1740  706  521 2055 3049 2656 2403 1796 2721 3317 1132  514 1134 1333 2032 1950  303 2117  782  453 3146 2279  131 2483 1908 1074 3139 2315]
[1462 3269 2887 1307 1114 1671  755 3324   83  577 1514  736 1335 1108 1778  987  596 2667  924  735  515  670 1925  303  502 1856  633 1544 1842  247 2229 1403  575  300 1072 3004 1420 1782  657  141 2874 2935 2262 2194 3297 1565 1413  792   31  538 2861 2142  789  238 3288   49 3176 3128 1491 3278 1200 2382 3301 1629 2315 1354 3318  153 2963 1168 1436 1444 2066 2619 2679 3016  521  153 2349 2633 1148 2019 2341 2566 1529 1273 2747 3088  127 2004 2000 1229 1700  159 3113 3290 1557  361 2058 1951 1739  854  854 1281 1673 2488 1519    5 2227 2777 1662 1663  661 2642  312 1938 2507 3113 1252 3228]
[1705 2501 3080 1699 2574  992 2772 1356  642 1790  111 2434  895 1942 2171 1436  277 1026  867  996 1416 1448 1847 3024  777 2456 1197 1470 2442  280 1451 2079  444 3212 1620 2037 3042 1126 2180 1013  515  901 1659 2946 2610  436 1082 2705  753 2189 3215 3308  605  525 2372  575  716 2409 2964  543  395 2359 3122  774 2976 2403 1978 2567  805 1435 1882 3317  510 2782 3159  568 2650  995 1608 3030 2095 1538 1612 1660  223 1776 1367 2671 2838 2737 2641  949  623 2245  412 2720 1578   30  252 1133 2007 2078  631 2083 3019 1739 2166 1005  922 1524  754 3039 1394  250  540 2749 2514 1898  746 1936]
[3257 1751 1589 1304 1471 2923 2116 2524 2510  887  832 1542 1105  989  191  697 3257 1292 1876  113 1435   52  529 1880 1335   36 3083 1251 2353 1745 3306 1361 1598  166 1152 2883 2087  949 1915  127 2437 1501 2792 1086  560  366 1286  407 2059 3271 2101 3198 2310 1011  872 1471 1426 1409  430 1502  642 1043  917 1210 1268 2577  715  866 2120  965 1774 2520 1120 2311 2023  986 3222 1799  668 2657 2762 1375 2813 1179  100 2390  198 1561  513  600 1227 1615 2811 2210 2632  388 1416  547 2327 2268  719 2958 2862 2188  774  154 1718  251  870 2228 1332 2762 1685 2952 2248 2607 1762 2272  193  142]
[1451  870 1429 2747 3255 2046 3043 1251 2297 1662 2901 3045  434 3073  688 1544 1191 2529  888 2687 1471 3274  314 2060 3158 1496 2529 2933 2318 2777 2069  595 1352 2693 1692 3276 3030 2402 1708 3191  315 2059   57  562  452 1590 1790 1635  359  620   74 2778  363 3223  397 2136 2918  842 2367 1918 2111 1346 2556 2790 2591 3169 3063  487  964 2943  801 1190 2532 2635 2852   81 1187 2903 2852 1536  564 2813 2600 2862  270 2050 1432 1948 2030 1070 2423  592 1260 2368  641  642 1560 1790 2765  698 2704  463    3 1186 3009 1665 1397 1275  770 2648 2412  766  679  674 1472 2981   28 1664 2446 3133]
[2101 2145 3270 1691 1269 1686 1657 2005 3143  431 1844 2698  426  936 3069 1414 1167  481 2940  859 2082  294 1636 2091 3212  127 2810 1087 1387  184 3319 1083  828 2925 3241 2681  238 1696 2714  743 2250 1070 2736 2831 1821  946 1775 2212 1853  508 2375  818 2545 1142 2173 3206 2813 2760  944  331  276 2147 3049  223  150 3009 1813  152 1364 1877 3052 1115 2249 2572 1372 1390  615  882 1877  856 3012  941 1568 2980 2413 3153 1359 1776 2077  520   54 2290  485 2525 2019 3154 1987  935 1246 2377 3263 2201 2683 1517 1346 2367  504 2114 2364 2273  237 1199  911 1326 1917  189  238 2444 2696  698]
[1007  198 2715 3297 2526 3013 1617  514 1858  979  506 1887  792 1062  889 2062 1955 1579 2818 2558  817 2542   81 1167  582 1488 2560 1390 1380 2327   67  276 1239 3182  327 1139 3014 2286 2575  608 1589 2938 1694 1070 1965  653 1467 1957 2636 2298 2350 2311 3102 1711  148  135  868  413 3236  751 1526  151  405 1402 1772 2381 2330 3005 1853 2550 2885 2918  172 3018 3212  117 3150 2662  363 2945 1629  172 1071 1345  949  985  185 1091 2371 1014 3186  526  265  981 2804 1721  460 3184 1497 1857 2842 3303 1003 1659 2233  960 1739 1955 2500 1995  506 1456  921 2646 2414  535  251 2570 2350 3257]
[ 505 2247 2134 2745 1497 1721 2219 1656   22 1109 1834 2665  568 2565 1407 2672 2436 3132  655  327  262 2551   42 2238 2796 2201 2390 2082  839  957  108 2290 2633 3024 2737 1637 1253  299  424 3297 2707 1322 2985 1246 1641 3175 2764 1069  140 2582  945 3053 2522 1994 1822 2234 2908 1138  739 1715  208 3189 2634 1180 2439 1337 2076 2267  733 1708 1600 2576 1909 3302 2443  571 2141 2615   59  568 1763    8 1613  689  984 1739  150  725 1534  336  758 3093  109 1747 1880  853 1736 1046 2433 1119  343 1177  324 1001  748 2606 2062 2004  705 2859 1378 2968   34 2776 1653  257 1759  133 2741  806]
[2024  269 1584 3307  135  227 2185 1386   78 1482   20  757  653  801 2711  286 2262 2179 3281 2166   57 2193 1915  228 2691 2010  969 2866 1047 1221 3197 2670 3065 1855  991 2383  491 1952  208  859 3254 2341 3086 1459 3002 2134 1898 1781 2467 2987   33  708 1901 2086 2197 2142 1202  450 2427 3137 1488 1025 1972 2608 2941  677 3286   63  995 1482 1218 2159 2637  774  197 2708 1803 3107 2762 2525  698 2084 2812  503 1034  522 1564 2841  393 1817  105 1350 1542 2858 2641  485  667 2270 2183 2910 1539 2229 2628  687 2959  715 1110  241  145 3187 1232   28   48  431 2234  907 2774 1422  261  845]
[ 719 1117 1289 2347  716  608  255 1181  464 2756 2174 1291  125  638 1525 1283 3076 2224 1678 1035 1880 3268 2495  167 2659  683 1210   12   58 2299  761 2480 1751  460 3033 1319  322 2794 3220  706  463 2745 2607 2722 1120 2742 1958 3094  896 2414 3070 1529  653  952  345 2113 1395 3073 2703 1329  416 2290  971  984  202 1780 3236 2037  714  394 1029 1886 2295 2465 2060 1614 2912 1352  456  913 1934 1537 2863 1516 2692 3094 2787 2565  289 1524  885 3272 2570  722  834 3256 2769 3143 1872 2358 1274 2747 1473  697 2456 2135 2125 1695 1017 2819   57 2070 1017  893 2794 1770 2310 3305 2565 2667]
[ 619  443  650 1826 1229  190 2167 1417 2023 1990 3278 1959 2952 1326 1984 1635  776 2809 2153 2902 1113   99  344 3088  650  850 1953 2504  794  375 2673 1587   15  497  411 2186 3177   72   30  257 3090 1274 2222   73 1228 3273 3128  735 2815   10 1942  841 3130 3231 2305  112 1759 2410 2244 1171 2009  163  166  796 3074  624 2118 3198 1987 2229 1947 3179 1479 1429  472 1152  912 1194 2670 1390  655  293 2335 2683 3158 2292 1149 2423  195 2749 2336  969 1164  623  242  848 1458 2631 1222 2757  643  541  132 1971 2664 3027 1135  940  159    3  692 1518 1649  206 2775 1329 3278 2747  295 2898]
[2859 1757  660 2123 3137 2375 2678  306 1803 1196 2034  157 2839  808  747 2514  918 2706 2820 1272   87 2015 2050  888 2339 2927  938 1720 1954  477 1401  263 2723 2464 1688 3209 1005  888 1249 1902 2853 1159 1210 1251  882  951  454 1079 2519  302 1401 1899 1593 3020 1184 2161 2932 1343 2608 2082  905  397 1388 1764  844  902 2344 1283 1821 2840 1166    0 1158 1194  509 2124 3072 2046  578 2717   86 2644  233 1177 1710  223  649 1403 1369  813 1631 1717  396 1055 1768  667 1982  746 2583   30 2236  577 2950 1850 2466 3111  875 2937 1258  401 1202 2277  845 3059 1351 2999  547  109 1477 1454]
[  38  777 3200  253 1792 1886 3011 1608  506 2914 2115 2013 2175 2140 2573 2051  547 1857  264 1149  579  340 2352 1316 1207 1401 2832  669  331 1180 3113 2358 2963 1064 1376 2187 2825 1991 1512 1885 3109 1568 1511 2317 1458  825 1229 1707  846 1352 2629  824 3139 2946 3063 2442 1587   46 2253  541  123 2112 1528  230  188 2816 2017 1747 2835 1859 2209 2024  742   82 1643 1767 1368  149 1035  300  246 1852 1503 1132   56 1112 1764 2959 2209  212 1686 2545 2292 1878 1504 1505 3199 2460  926  823 2465  520 1747 1945 2452 1320  668  844 1944 1537   13 1870 3218  565 1310  383 2822  886 1648 1934]
[2792 1670 2072 2597 2038 1947 1047 2874 3079  482 1949 1336 3010 1084 1106 1838 2950 1588 3086 2155  633  213 2395 3300 3060 3147 1311 1318 2504 1310 2944  619    3  888 1028  340 1386  697 2914 2295 1269 1248 3060 2844 2086  309 1768 2484 2229 2177 1430 2843 2945  401  131  339 1072  855 1005   98 1967 1811 1203 1013  296  941 2860 1603 1334 1242 3098 2559 2533 1167   68  818 2172  793 3293 2108  615 2600 2606 3098  305  183 2294 3028 1539 3170 2770 2188 3213  755 2480 2031 2079 2653 3279 1390 1033 3318 1725 2535 2742  650  272 3119  398 2129 2044 3253 2785 2604 2958 1359 1803  731 3101 2163]
[1261 2579 2329 3274 2590 3153 1258  258 1660 1336 1179 2316 2441 1309   32  841 3161 1175  498  722 1319 1911 3109 2273 1460 2738 1111 2102 2593  515  305  643 1623 2857 2277 2860 2881  445 1235  882 1153  257  606  197 2698  592 2274 2434  792  183 1998 2165 1162  262 3044 1389 1519 2463 2810 1808 1571 2398  173 1564 2173   51 2342 3212 1539 1811 1543  670 1816 1638 1803  805  165 1645 1674 2697 1669 2817 3243 1240 1649 3057 3117 2419 2797  979  932  574  905  555 2924 2363 2543 2351 1318  318   65 2683  656 3265  476 2161 1711 2394 1760 1946  735 3080 2209 2365 1254 1042 1464  697 2783 1294]
[1850 2972 1109  504 2012 1714 2081 2939  567 2350 2275 3133 3060 3048 3241 1814 2071 1663 1824  271 1250 2742   55 2996 2678 2365 1146  377 2142   71 1297  897 2097 2830 2858  508  303 2037 1202  663 2954  361 2235 2530 1890 2613  640  453 2039 1017 2331 2794  947  706 3050 3039 3127  931  872 2507  534 1305 2428 1076 2910  995 2294  626  549  983  398 1413 2182 1945 2251 2942 2889 1454 2348 3042 1617 2273 2978 3095  600 1169  740 3231  212  602  534 2812  218 1317 1453 1046 1909 3174 2232 3082 3060 1807 1224 2956 2388 3203  640 1117 1318 2902 1557  273 2331 1889 1205  233 1491 3092 3089 2716]
[1772 2207 1311  641 3224 2749  646  900 1128 1841 2500 2435  793 3081  395 2760 1082 1413 2547 1136 1650 1890  829 1901 1474 2067 1695  850  577 1889 1660  312 3165  762 2921 1209 1632  928 2401  917 2408 2311  644  472  106 1283 3290 1952 2670 1139 1820 3175 2449 2659 2313 3220 2313 2418 2990  666 2718 1439  980  662  998  835  235 1214 1397 3005  902  679 2139 1804 1210  561 3302 2093  546  283  981 2999 1183  752 1827 1881 3069 3020 1889  794 3084 2638 2704 1538 1069  443  369 1035 3326  778  146 2658  899 2674 3310  786 3004 1623  717  452  153 2508  221  913 2801 1918 1091 2057 3309 2560]
[2651 1129 1980  427 1731 2844 2816 1046 1787  228 2771 2799 1737 2668 1039  156 3234 2565 1357 3141 3007  593 2010  191  687 1370 3074 2814  964  353 1520  744 2083  581 1949  339 1838  440 2889 2647 1657  519  274 3221 3036  589 1936 1182 1825 2282 1263 2193  349 1984  109 2410 1675 3173 1566  356   78 1371  184  128 2902 2071 2386  384 2660 3209  164 1344  734 3275 1437 2666  888  621  591 1848 1990 1716  573 2969 1448 2823  576 2799 1257 2647 2936 2091  970 2470 2046  187 1420 2208 3127 2968 1803 2382  298  179 1902  502 2570 1190  192 2365 2031 1919  352 1472 2340 2250 2741  279 1772 1816]
[ 703 1245  165 1726 1362  224 1773 2932 1122  651 2139 1520  776 1368 2094 2752 1375 2508  275 2911 2929 2888 3132 1287  418 2213 3009 2758 2587  550 1871 2002 2485 1150 2049 1837 1445 2407  586 1598  752 2289 2451  558 1342 2481 3031 2588  969 3021  956 2992 2505  266 2362 2293  389 1593 1541 2884 1982  231 2489 1283  106 2200  796  161 1658  905 3236   32 1040  495 2396 1730 2268  297 2355 3168 2399  117 3085 2797 1112 2980 3013  469 2957  880  255 3289 1717 2488 2613  535 2396 2012  724 2234 2552 3110 2457   56  718 1366 1315 3319 1006 2457  526 1640 1504 1063 1662  271 3064  272 1109   74]
[1413  449  109 1544 3217 3321 1860  356  248 2235  784   19 2243 2960  612 2647 2684 2637 2890  801  401 1272 2812 1705   45 2313 1968 1418 1964 2124 2423 2423 3089 3323 1187 2897 3067 1969  595  466  314 2894  733 2392 1160 2052 1218 1976 1242 3131 2226  123 3135  809 2265 2221  970 1345  586 2874 1412 3040 2611 1331 2264  838  374  352 2239 2851 3095 1478 2251  258  319 2408 2621  133  439 1949 2780  388   25  935 1316 2085  247 2517 1678 2368  660 2540  227 2956  824 2568  364 3291 1229 1301  811 2314  400 2695  351 3278  751  962  687 2514 1498 1302 1405  923 1145 1697 2351  770  869 2569]
[1488 1757 3198 1035 1006 1825  360 1709 1113  774 1703 1056 2386 2394  312 3215 3191 1781 2015 2663 3151 2380 1065  990  421 1343 2573  760 2566  280  596 2893  426 1397   60  291 2215 3082 2859  185 1511 1044  472  708 2918  273 2319 2298   75 2898 1118  815 2969 2607 2429 2520  987  384 1781 2539 2818 3006 1761 1452  223 2388 2131 2040  976  572  804  357 1970  975  392 1294 1056 1656 2370 2241  141   15 2713  431 2534 2507 1770 2286 2570 1177 1510 1785  290  207 1861 1308 1541 2944 1601 1520 1857 3009 2086 2753  774 2761 2102 2186   95 1226 1686 2527 2316 1931 1418   34 1073  637 1210 2593]
[ 646 1770 1953 2927  538  295 2321 2212  182 1390 1910 1103 2943 2585  256 2155 2633 1079  118  965  279 2082  290 2717 1576 2796 2838  397  646 2020 2859 1142  370 2310 2402  507 1730 2071  788 3258  105  997 2065 2048 1270 2524 1478 1638 2579 2535 1256  152 2702 2000 2420 2634 2044  330  672 1898  102  655 1050  639   66 1869 1773 1545 2882 1652 1120 1495 1146 3166 1015 1046   24 1639  987 1221 1698 1728 1996  893 2164 2979 1555  689 1577 2221 2634 1692  447 1308 1094 2586  635 3027 2190  322 1636 1501 2167 1753 1647 1385 2543 1191  346 3244 1871 1076 2444  120 2701 2657 2840 1638 2132  796]
[ 317 2371 3223 2608 2861  302  176   67 1368 3270 1431 1713  230 2243  124 3109 3077  358 1945  525 1330  763 2219 1308 1006  850 1456  766 2882 3208  808 3006 1790 2776  761 2459 2505  263  225 3177 1432  498   59  475  133 2693 2890 1549 1775 3218 3054 2383 2022 1267 2383  466  894 1285   35 1618 1039 1793 1758  113  742 1632 1931 2075 2178 3056 1715 2376  986 2668 2296 1507  486 2293 2099  287  636 1445 3071 1566 2840 1095  365  526 2471 1868 2017  460 3058 2191  935 3279 2323  743  895 3247 1573 2844 3119 2959 1361 2214 1938  560 2371 2752 1687 2368 2654 1700  725 2659 2525 1122 3302 1503]
[3092 1985  415 2375 2134  209 1369 1534 1635 2636  889  702 2524 1532  306 1943  888  335  137 1631  618 3215 2808 1757 1675 1228 2295 2669   32 1763 2949 2595  279 1284 2617 1195   64  603 1043 2715 2540 2933 1980  928 2695  728 2266 1347  658 1441 1092 3187 2013 1397 1702  291 2006 1484 2883 2234 2854 2909 2269 3089 2416   93 1202  157 2869 1601 1893  896 1865 1765 1470 1120  858 2252 1813   91  209 2086  547  955 2556  141 2707  802 2585  703 1125 2613 2055 1173 2123 1731 1342 2529  241 1565 1049  821  638  119 1467 2242 3204 1762 1314 3168  875 2539 3076 1355  836  621 3146 1038 1129  746]
[2521  380 1870 2533  287 1092 3235  845 3267  163  685 1081 2907 2746 1870 1086 2354 1662 1855  205 2984 3257  983 2311   67 1077 1529 2019 2542  904 2461  921  155 3237 3300 3005 3062  864 2589 1868  291  732 2624 2223  652 1836 3238 1378 2200  272 3080 3324  566 1991 1349 2388 1915  610 1657 3120  750 1954 1160 2590  947 3058 1862 2546 2461 2970 1827  903  767 2066 1167 2338 1865  721 1511 2839 2178 2336  224  801 2452  753 2741 1992 2138 1650 1296 1604  981 1383 3168  497 2781  950  880 2552 1081 3028 1304 2693 1910 2269  266 2573 1249 2393 1411  373 1218 1600 2505 1470 1171 3251  662 1689]
[2276 1423 1152   60  902 1841 2758 3178 2519 1008 2923  313  228 1633  162 1003 2536 1927 2787 3250 1774 1246   63 2330   24 1299   47 2688 1763 3217  429 3265 2877 3298   80 2777 1297 1043  919  829  357 2889 2695 2905  335 2661 1826 2601  131 1989  389 2272 2449 1688  204 3221  978 1826 1155 2309 1525  958 1494 1904 2746 1756 2340 2819 2405  773 1483 1426  154 1287 2486 1317 2858 1806 2761  521 2516 2437  225 2500 3227 2742 1470 1004 1360 3056 2335  577 1711 1746  591 3094  170 1615 2299 1213 1146 2563  870 2071  889 1205   86  382 2557 1528 2145  390 1016  335 1969 2008  579   21 1817 3075]
[1384 2222  386 1596 3280  617 2263  261 2261 2347 1804 1024 1072  187 1460  815  121 3192   47 2160  980 2156 2156 1824 2866  299  560  313  350 2492   56  522 2662 2824 2632 2120 2602 2841 1804  253 2916 2908 2952 1102 2949 2804  431 2622  164 2592 1582 1541 1012 1918 3115 1740 1711 2478  263 1989 2944 2996 3181 2228  744  348  233  397 1001 2536 2336 1678 2922 1417  741 2345  777 2739 1881  886  647 1464 2453  458 1366 2080 1662 1085 2567 1166 1520 2014 2455 3278   64  732 1838 1626 1784  755 1023 2215   28  994 2745  940  362 2708 2818 1423 2597 1143 2189  224 1074 1718 2992 2141  343 2111]
[2866 2469 2449 1156  855 1372  479  241 1042 1342 2176  230  306  159 2959 2264  399 2722   39 3036 1785 2345 1315  200  920 1784  715 2383 1818 2791  633 1616  719 3243 2312  810 1078 2609 1530 1284  246 1783  652  499 1904 1329  548 2736  537 1613 1174  766 1099 2007  362 1501 2305 3131  385 1637 2799 2562  436 3026 1896 1435  517  532 1631  368 1935  884 2318  247 2305 2120 1422 1750 2116 2411  177 1548  753 2296 1939 3056   63  104 1418 1762  161  509 1427 2905 2922 1308 1736 3197 2450   46 2969 2479    2  646 2961 3128 2051  116  640  356  508  984  116 2349 2036  783 1785 1091 1477  878]
[2267 1565 3049 2476 2323 1263 3134 1284  648  503 1734 2316 2709 1611 1912 1574  290 3219  306 2224 3255 1335 2429 2208  802 2986  851 1292 2845  523 3070  734 1243  149  584 1181 2948 1051 2270 2110  302 1972 2636  408 3028  462 2539 1317 1036 2545 2375 2082 3052 1313 1164 1947 2614 1317 1869  622  570 2277 1885  970   68 2259 2707 1785 2121 2060  115  695  786   74 2819  833  136 3255  482 1328  948 2913 3031 2503 1169 1130 2634 3325 3282 1253 1650 1911 2091 1126 1210 2289 2760  931 2897 3203  124 1108 1007  646 2160  163 1629  618   60    4 1067 2564  427 2330  664 3057 1698 2764  222 1939]
[1840 2182 2784 2951  338 1787 1716  324  936 2679 1874  792 1018 1792 2004  700 3240 1015 2715 1542  982 2496 2198  952  550 1073 2305    4 3248 1784  453  366  825  704 2003 2485 2476 2592  597 1605 1750 2501 1027 1941 1657 2988  263  248  306  625   25 2722 3126 2827 2736 3130 1882   17 2218  342 2127 3308 3271 1936  197  223  927 2296 1823   75 2028 1673 1608  836 3315 2141   99 2013 1391  767 1952 2173 1791  499 1991 3121  399 2415 1717 1771 1377 1129 1419  274 3228  163 2901 1909 2205 1676 1000 3194 2090 1219 3107  542 3176 2216 3190 1857 1186 3254 2685 2423 1029 1000 1100  364 2427 1702]
[ 283 2913   16 1173  998 3190  217   65  529 2824  947 2660 2064 2809 1932 2883  158 3327 1664 2136 3095 1375 2276 2330 2195 1498 2056 2237 2575 1200  252 1532 2398 2905  370 3129   97 2465 1665 2468 2530 3248  437 1172 3195 1772 1526 1142  682  514 2889 3177 3116 2542 2108 1107 2725  535  703 1397 1365 2576 1221  457 3047 3142 1658 1949 2495 2620 1085 2255 2251 1756 3116 2088 1512  863 2597 2645  817 2469 2497 2056 1495 2414   25 2827 3122   78 2849  456  445 2979 1539 1568  406 3224  611  921  144 1829  974 2373  874 1317 1327 2447 3184 3117 1956 1426  457 1389 3218 3216 2797 2314 2804 1542]
[ 680 3089 2169 2658 2003 3177 1286 3067 2631  585 2668  255 1599 1178 2278 2550 2946  734 1338 2919 1733 1754  708  361 1715 1111 2300  821  468 1429 3095  264  893  660 3057 2880 3319 1226   40 2040 3205 1826 3164   88  695    7 3092 2056   13 1342  563 1752 2934  727 2335 3289  452 2993 2658  466 3028   91  282 1533 1658  467  353 2330  999 1590  801 1601 2214 2815   70  640 1651 1796 3292 2630 1882 2064  134  322  739 2683 2326 2449 2478  398 1566  877  630 1340 1880  483 2961 1005  573 1491 2243 1455 3296 2244 2307 2633   18 1686 1156 2525 1935 1883 3169  952 2019 2683 2430  458 1431 2778]
[1830 2261 3037  763 1132 2983 1895 2239 2892 2164 1237  142  727  760 1964  112 2558  754 2388 2699 2036 3023 2224 2359 2028 1818 2604 2942 1369 2636 3242 1228  526 2761 1448 2780  964 1561  872 2838  946 3041 2078  369  213 1080 2035  211 2713 1114 1472 1527   37  798 1640 2710 1587 2134  739 1353 3136  511 1430 1339 1427 1976  598 3040 1246  568  133 1214 1963 1303 2108  116 3175 1568 2072 1085 2712 3154  169 1243 1025   41 2952 1805 3182  191 2326 1348  874 2487  925 1190 2910  264 2237 2628  780 1558 3314 2047  523 3094 1111 3030  293 2910 1103 2967 1294  246 2273 3232  171 2794  641 2736]
[3155  114 1967 1943 1207 1260  447 1739 3034  428 3048  329  570 2982 1873 1174 1957 1202 1215  203 1744 1808   98  437  863 2937  288  799 2850 1653 2236 1846 2832  274 1348 2365 2761 1416  854 1622  972 3282 2101  612 1401 3258 1123 3042  659 1633 2798 1458 3256 1109 1832 2004 2635 1564 1562 3272  372 2928 1041 1383 1231 1854 1556  159 1676  455  933 1045 2562 1959 1501 2576 1887 1674 2060   59 2680  447 2890  544 2467 2115 1492 2317 1962 2873 3029  396 3103 1557 3267 1404  499   12 1122 3248  595 1473 2055 3300 2759 1160 1457 2660 2669 1848 1728 2032 1303 2210  160 1693 2541 1009  425 2694]
[ 614 3133  718 3081 2074  485 2346 2132  933 1650 2987 2987 2199  646  318  883 2079  920  857 3006 1682 2150 1066 1404 2243 2337  474 2976 1664 2788 1819  262 2344 2443  467 1260 3058 1188 3018 2889  692 2089   95 3152 3221 2829  848 1620 2514  510 2152  714  357 1298 1540 2533 1312 2154  544 2648  815 2692 2272 1826 3226 3133 1175  949 3101  815 1520  935 3078 3270 2573  219 2979  292 2475  232  627 1050 1293  489 1346 3243  890  505  676 1189  320 1562  735 2873  660 3083  352 3105  625 1706  370 2035  231 1933 2012 1708  774 2001 2882 1336 1662 3246  742 1355 2347  237 1964 2074 2672 1656]
[1866  736  990  179 1327 1753 2902 2494  403 1327 1323  422  754 2912  446  566 1025 1298 2054 2715 2111 3065 2309  255  831 2221 1713 1251 2774  282 3166 1664  891 1930 1761 1395  367 3005 1108  498 1922 1632 1003 1976  859 2274 1122  153 1430 1278  652 2797 2077  393 1178 1158 1748  257 3069  564  194  292 1786 1408 3148   34 1053 2655 3028 1797 1790 2394  348 1128  139 2901  594 1867 1258 2178  622  297 2311 1539 2982  741 2661  516 1045  190 2895 1716 1959  814  888 2985  628 2552 1896 1589 2277 1702 3168  344 3160 1771 2530 1843  640  976 2315 1297 2072 1042  754 1389 2085 1103 1519 1511]
[2865  508  244  167 2910  659  446 1181 2836 2356   90 1341 2688 2578 2965 2850  425  915 3302 1302  353 1315 2001  432  367 2750 3094 2494  178  241 2060 1427  331 1514  863 1992 2426 2654 1165  257 1758 2079  805 3324 1637 2499 1177 3106 2510 2995 1572 2963 1125   90 2454 3110  520 2416 3147  993 1167 2892 1546 2460 3138 2379 1504 1384 3115 1331 3227  763 2650 2546 2804  539 2255   46 2450 2780  607  655  810 2928  167  389   36 1384  363 3249 2758 1628  317 2115 2173 1588  349  819 2450 1089  907  670  163  765 1219 3079 2297 2923 2923 1628 3222 1675  513  859 3133 1702 1808  788 2629  287]
[2780 2182 2662 1902  365 2913 1220  291   93 2990 1838 1933  754 1435  674 2655 1163  105 1284 1579 1808   25  225 2985 2278 2883 1915   78 1215 2242 2913 2863 1358 1800  877  819  649 2173  843 1236  342  428  643  388 1369 2718  938 2486 2570 2344 3068 3244 1694 2766  976 1281 1492 3169 2599  416 3014 2541 1620 2256 2405 2531  435 2176 2472 2483 1900 2111 1126  759  631   64  418  390 1858 1572  137   86 2247 2228  733 2347 2829  293 3067 2672  143  583 2472  358 3068 3002 3317 1951 2991 1571 1657  175 3171 2835 1866 1308 1976 2068 1794 1971 2749 2110  390  840 2301  690  771    8 1538 2353]
[3070 2099 1312  891 2764  348  617  507 2870  188  604  949 1595 1129 1966 2726  368  602  279  729 2862 1352 1475 1994 2101  900 2103 1690 3081 2586  296 1822 1539  394  159 2180 1813  854 1415   16  275  203 2953   68 1914 2007  812 2584 3319 2605 1178 1162 1300 2698 1927 2902  280  254  585  234  247  159 2092 1614  452  822 1302  211 1013 2513 2570 2303 1727  761  578  444 3014 1348  169  338  971 3007 2919 3149  845 2785 3051  639 2863  604 1735  974  297 1677 2157 2232  790 1562 2709  606 2777 3104 2102  157 2882 1352 1554 2470 1882 1626 2170 2666 1064 3038 2985   60  506  531 2459 2177]
[ 870 1864 2716  548 1904  468 2925 2614  928 1776 3208 3061  489 3234 2651 1135 1429 2220   98  109 2508 1737 1259 2189 2520 1358  508 2833 2859 1546 3098 2667  970 1208 1033 2612  770 2699  607 3303 1117  488 2378 2465  671 2087 1831  496  811 2683 1064 1054 2264  456  404  596  636 2296 3295  373 1110 2368 1902  682  248 1742  461 2919 3202 2216 2431 1014 3015  386  652 3091  920  951 2188 2852  698  909 1244 1602 3066  164  165 2674 1412  396  338  954  950 2203 2685 2036 1686 1279 2571   51  845 2176  208 2814  172   87 1820 1605  740 1623 1746 3110  459 2705 2333 1195 1595 3050 1055 2853]
[1167  497  745 1285 2418  226 3075 1047  881  590 2847 3201 1319 3164 1673  494  926  264 3089 2268  619 2001 2505  237 3159 2976 2122  346 2335 3120  483 3318 2936  514 2835  606 1836 1426 1117  123 3002 3148 3135  221  213 1843 2626 1063 2521 2508 1225 2332 1796 3016 2798  136  293  555 1485 1369 1507  549 1804  678 1840  634 1259 1693 2714 2110  847   87 1804 1219 1287 1103  188 2024 3189  294  571 1305  115 1647 2076 1570 2728  275 1015  194 1303 2586 1805  633 1596 3248  537 2115 1118 3104 1867 2125  538 3042 1222 3038 1218 2035 2306 2423   62 1887 2097 2120  126 1210 3207 1195 2486 3318]
[ 434  636 2864  623 2684 2715  178 2962 1764  991 1679 1071 2234 1611  235  491 2306 1651  850 1250 2894 2113  243 1328 1978 2009   78  962 1822   92 2612 1430  266 3043 3214 1688  349 1329 1717 3170 2849  605 2889 3294 2198 1062   47  746 2810   10  882 1966 3099 1330 2546  827 3107 1102  785 1017  307 1800 1964 2951 1583 2763 2259 2540 2828  318  877 2678   35 1439 1259  412 2960 1592 2635 1484 1216 1017 1647  542  361 2480 3253 2186 2379 1323  336  445 1180 2735 2156 3183  351 2925  709  806 2850 1996 1698  946 2789 3308  201  932 2292  301  602  295 2750 2722 1232  317 1437 2395 1319  514]
[2180 2830  131 1719 2098 1550 2312 1666 2362 1081 2574 1193 1471 2255 1851  952  699 2535 1210  425  519 2145 1869 1623 1716 2108 2163 1237 2053 1306 1724 2105 3085  129 1013  700 2352  874 3276 1261 2641 2428 2280  248 1228 1800 1297 2137  320 3236 2086 1644 1922 2279 1754 2144 1884  231 3213 3048 2678 2269  373 1507   17  458 1416 1141 1430 2099   73   14 1207 2605 1766 2377  246 1831 1102  498 1858  970  265  589  786  496 1849    9 1999 2779 1354 1871   55 1941 2432 1863  872 2544 2663 1252 2141 2315 1499 2698  565 1991 3201   61 1719  266 1495  118 2987 3145 1389 1983 1425  872 2085   24]
[ 476  349  703 1955 2498  806 3255 2858  865 2297 2598 2644   77 2438 2665 1453  600 1190  337 2285  678  113 1724 2982 2124 2231 2912   76 1183  449  802  970 2559  749  299 1691 1756 1120 3107  180  492   19 1398 2951  208 1645  869 1266 1300 1886  529  639 1819 2451 1624 1744 3258  108 2045  443  642  258 1586 2854 1896  700 1082 2417  168 2485 2530 1569 1192 3281 1411  892  950 2548 1561 1657 2386  718 1733 1843  538 2148 1959  972 2186 2617 2463 2450 2286 2297 1535 2762    4  823 1297 2838  292 1967  291  663 3165 1018 1147 2986  752 3124  260  390 1288 2896  527 1361 1897 2352 2703 1653]
[1775 1162 3060 2996 2019 1271 1491 1914 2436 2025 1172 2754  561 2896 1274  196  240 2128 1740 2047 2082 2990 1162 1943 2227 1023 2015  163  656 3059 1652 2273 3114 1286 2241 2300  485  929 1599 3006  940 1596  192 3192 1285 2526 2847  121 2972  146  595  429 2102 2889 2927 3316  254 1889  971 3273 1129 3137 1043 2971 2537 2177 1831 1105 2640 2210  549 1913  437 1352 2821 1519 2038 1973 2227 2850 1428 2143 1084 2807 1649 2043 2807 1715 2670  771 3182 3295 1121 2192  925 1020 2051 2458 1787 1999 2325 1494 2332 2646  371  256 1114 3314 3101 2610  194 2976 1367 1160    3  128 2450 2474 2559 2824]
[3000 2184 2326 3017 2161  666 1862  955 2379 1269  136 2951 3068  638 3244 3039  283  136 1769 2284 3025 3161 1529 1066 3255 1045  147 3161 2022 2298 1230  151 2391 1229  174 1010 3280 2476  652 1559 1317 1478 1272 2224  707 1090 2172  521 3092 1995 2165  155   75 2919 3236 2365  232  791 1695 2516 2079 3293 1658 1877 1256 3005 2577 1789 3032  918 1998 1175 1026  215   13 1052 1711 1785 2197 1188 3026  588  845 2088  670   57  180 2310 2317 1840 1083 1453  466 2118 2175 2102 1086 2740 1409 2417  152 1882 2970   30 3300 1452 2149 1719 2266 2875 2172  284 2869 2177  203  482   43 1542  643 2753]
[1780 2751 2282 2250 1076 2152 1445 2979  286 3010 2041 1341 1212 2515  316  236 2633 1548 1664 1192 1671  190 2690  137  185 2581 1594 3129 2003 3064 2035 1110 1113 1800  826 1211  693 1654 2598 3275  545  968 2841  111 1213 1465  285 2993  916   78 1974  672 3125 1886  429 1133 1986 1487  763 2928 1838 2582  187 2448   51 2033 1661 1007 2618  787  727 3169 1417 2653  771  840 2253 2258 1650 2803  373  747 2882 2268 1298 3130 3185  353  131 1195  664 1567  839  505 1371 1677 3095 2883 1939 3198  697 1848 2562 2243 2810 3021  846 2705 2293 1343 2471 1403  881 3055 1849  943  538  803 2610  738]
[2851 3214 3204  429 2794 1769 1360 1648 1087  173  182 1803 2521  609 2692 2065  862 2141 1553 1744  904 1726   61 3145  870 2303 1735 1621 1050 2154 3086 1657 2479 2670  501 1748 2645 3067 1654 2526  759 3182  702  567 2970 2399  268  844  476 2672 2194 1128  842  107 3085 2662 2706 1433  705  134 1306 2402 1368 2274 2098 2954 1855 2811 1780 2846 2849 1972 1547 1087 2120  765 1580    8  773 1833 1671 2964 3184 2924 3073  630 1983 1658 2047 2246   14 2416 2835 1784 2142 2554 1529 3218 1527 1496 1849 1239 2266 2209 2054 2303  775  700 2126  799 3107  650 2910 1916 3245 3068 1229 2235  180 2315]
[2875 1490 2987 2899 1078 1328 2520 1522 2039 2824 1315 1460 2914  276 2328 2966  712 2079 1711 3153  713   45  582 1738 2009 3274  151 1856  928 2742  261 2790 2428 2561 2155 3204  157  606  542 2231 2206 2902 2806 2461  644 2644 3310  851 1295 2204 2501  269  287 2206 1516 1104   78 3269 2225 1717 2739 2857 1777 2336 3110 2737 2377 1476  726 2966 2349 1892 1621  773 2517  227 1727 1512 2270 2922 1450   86  936 3096 2642 2805  225 2211 1022 2848  584 1307 3190 1130  845  529 2462 2149 1149  560 2390 1271  763  471 2141  766 2552 2122 2367 2666 1492 2261 2474 1374 2939 2487 3202 1523  615 2062]
[1164 2374 1339  399  677 2467 2220 2843  538  808  152  993 1741 1277 1469  649  118 1616 1280 2631  169 2487 2794 3019 1359 2722 1651 1866 2449   58 2284 2510 2775 1903  202 1096 1575 1571  144 3186  707 2791 2004  620 1861 1209 1029 2666 3310 2111 1616  918 2149 1465 3075 1489 3316 1151 2789 1730 1662  542 1060  390  401 3280 2968  107 2287 2395  273 1329 1580 1502 1867 2307 3077  208 1184 2903 2583  564 3150  406  579 2563   83 2082  393 1217 1065 2312 2334 1151   49 2090 1313 1530 1787 2682 1581 2385  991 2742 1911 1819 1631 1783 2465 1657  303 1044 1506  446 1457 1601  960  175 1869 1202]
[2069  373 1648  136 2871 1643 2035   56 2682  539 1791 2903  743 2889  341 1576 2381 1049 2907 2565 2171 2768 2721 1310 1004 1281  851  817  766 1957 1071 3258 1190 1396 2413 2005 1670 2245 1245 2952  933 1547 1425  297 1853  120 2312  166  539 2889 2177 1908 1400 1257 3313  338  361  291  790 2369 2156 1713 1498 2938  819  534 1861 1720 2728 1715  127 2598 2766 1264  176 2168 1380 1562 2440 1870 1298 1392 1725  333  286 1299  220 1787  302  404 3000  581  481 2334 1843  464 2598 2480 2739  865  182   80 1459 1005 2694 2584 2299 1543 3143 2376 2838 1286  935 1164 3114 3065 2698 1352  980 1952]
[1716 3010 1537 2052 2987  411 3317 1156 2800 1936  550 2092    2 1461  199 1468  499 1060 2614 3041 2087 2014 3014 2816 2219 1721 1961   66 1423 1018 2629  852 1124   54 1482 2211 1370 1248 2063 1614 1638 2382 2134  294 1811 2998 3310 2265 2173 3124 1253 2947 2317 2133 1144 2667  221 1446 1515 1215 2473  121 1057 2858  869   80  752  917 3287 2908 3116  614  882 2544 2609 2336 1678 2211 1765 1627  842 2899 2139  378  651 2453  172  185 3086 3270 1611 1683  825 1070  646 1021 3038 2213  773 1418 1291  527 2028 1915 3122  196  512 1060  971 2005  632  825 3097 1403 1290 1712 2696 2599  244 1403]
[ 792  805  646 2801 3182  206  414  666  459  674 3181  455 2436  558 3294  899  724  921 1316  289 3058 2365 3264 1974 2748 2953  919   76 2082 2720 2353 1181 3127 2464  670 1492 2016 1982  756 2298  172 3100 2585 1890  304 1506 2719 1067  553 1631 1966  985 1632 2686 3142  171  351 1050  907 2176 2537 1212  823    3 3173 1674 1409 1128 2883 3289  123 2054  216 1549 1966 2047 2454  204 2373 1655 2620 1420   69 2291 1041   46 2744  252  752  765 2766  197 2024  850  722 2329 1425 3061 1280 2808  257 1871 2147 2230 2971 1325 1229    8 2295  137 1827 1736 2265 1119 2267 2701 1349 1998 2515 2689]
[ 834 2883 1897 1943  241 2806  435 1932 2049  778 1193 2644 1720  629 2542 2334 1232 2038 1628 1937 2688  952  963 2307 2428 2008  631 1677 3324 3136 1669  442  477 2805 1138  560 1783 1599 1955  309  511 2798 1247 3277  155  359 1439 3303 2118 1860  201  836   23 1135  777 2779  802 1776 1882 1345 3243 2202 1805  111 3003 2004 2480 1287 2730 1214  549 1320  545 2881 1955 2548 2396  882  194 3280 2147 2533  124 1067  329 2873  939  653 1591 3066 2642 2276 2611 1571 2730 1475 1762 3052 1375 2764 2850  817 1795 1267 1116 1536 3120 2544  411  484 2506 1170 2292 1861  864 2307  300  576 3048 2560]
[  77 2514 3279 2304  698 1805 1017 2884 1506 2294 1961  772 1827  560 1115    5  194  413  835  209  611 1288 1507  376  255  687 2283 1570  593  317 1605  692 1914  856 1550  452   69  709 2475 2054 1226   70 1247 2354 1573 2140  301 1799  351  313  979 1222 2446 1259 1845  239 1541 3219  469 2041  869  876    8 2640 2551 2311 2201 2021 1141 1531 1285  847 1591  905  610 2713 3028 3113  529 2811 3194 3268  784 3064  195 3292 1351 2669 1590  521 2675 2038  255  482  272 2918  596 1343  898 2667  963 3030 1568   38 3150  236 1570 2579 1529   96 3306 1895 1780 2153 2847 2315 1439  158 2311  652]
[ 455 1563 2609  942 1962  818  300 3148  665  637 1523 1943 2909  715 2832  466  582 1869 3259 2019 2071 2023 1346  844  149 1230 1462   62  633 1417  254 2560 2918 1283 1503 2587  582 1084  996  777 3136 2096 2285 3223 2418 1049  126 2798 2561 1046  185 1287 2937 2258 1119 2882 2294  596 1329  338 2339 1389  707 1529 1369 1535  392  537 2738 2924 1445 1803 2813 1073 1263 1619  196 1646 2252 1822 2352 2552 1360 2835   20 1588 1791 3168  567  807  231 3222 1922   83  383 2394  296  114  716  671 1203 1773 3022  795 1975 3201 2266 3010 2386 1990 2034 1178 1881 2341  613 1004 3095  108 2992 1675]
[1787  451 2553  929 2210  897 1220 1492  491 2952 3133  302 1804 1537  153 2459 2150 3170 1221 1239  731 2889  800 1310  465 3278 2750 1563 1319 3175 1976 2511 2785 2297 1731  639 1189 1546  292 2596 2259 3158  193 2927  980 1847 2217  984 2439  625  655 2423 1505 2297 1999    7 2988 1459 2850 3015 1848 2476 1057  355  153  737 1701  446 2484 2951 2100 1519  676 1961  958 2678 1830  770 1983 2529 2525  934 2013  817 2860   45 1351 3247 1154  962 2647 3069 1714 1330 2148 2575  227 2446 2480  740  585  150 2703  912 2252   90  240 2139  660  598 1686 1536 1689 1263 2997  112 2459 2776 1905 1784]
After A:  [-1163  1462  -930   113   939   122  1593  1493   264 -1592  1254  1397   387  -937 -1234   634   395  1123  1421  -829     6  -149   634  -247 -1184   353   -48   250  1512  1045  -299 -1069  -442   244   -51  1584   683  -918  -722  1269  1195  1563  1285   871   843 -1474 -1137   734  -842   537  -982  -387  1605 -1103 -1593   967  1017  -528   458  -950  -580  -263   306    -5 -1509  1150 -1630   479  -949  1158   810   -87   715  1660  -131  -149  1400 -1482   369 -1198  -295 -1386 -1609 -1438  1485   536 -1511  1127   574   957   642  1213  1274   280  1226 -1212   427  -935 -1181  1217  1664   931 -1659  1267  -208 -1153  -365  -223  1450  -282  -833 -1465   266   293  -323   200  1376 -1652  1314   710]
[ -177   762  -291 -1627  1400 -1355  1488  -617  1141     8  -403  -812  -721  1064 -1232 -1149  -105   236   659  1104   483 -1276  1076   347  -603 -1087 -1450  -204   588  1031  -687  -486  -152   630 -1412   736  -667  1507  -308  1543   605   454 -1426  1334  -897   706   -78   529  1089  -288  -250 -1481  -446 -1064  -321  -855  -999 -1104 -1438    95 -1663 -1435  -777 -1309  -749  1605   692   594   307  1628  1641 -1200  1253   676 -1210 -1472 -1433   892 -1649  -954  -474  1272 -1511  -590  1090  -243 -1059  -786  -250   492  -588   965   617  -374 -1251  -729  1257  -579   448  1149    20   490  -149 -1485 -1343 -1289 -1122  1237  1007 -1146 -1198  1455   440  1400  1396  -133  -640  1218  -230  1446]
[ -537  -726   144  1316  1250   701  1567 -1263 -1430   150    35   257  -317   407  -964  -854  -865  1618   392 -1001  1069 -1549  -835   147   684  -204 -1505  1604   394  -720 -1438  -701  1236  -258   760   182   980 -1154  -564  -501 -1662  1423  -155   886  1286   449  -151 -1449  1539   767   918  -421   809   297  -454 -1042  -539  -109   905   214  -516   115  1075  1457   958  1309 -1234  1253  1516 -1528   -78   686 -1027  1240  -945 -1466  1090  -905  -408 -1262  -283  -794   -81  1290  1445 -1413   963   323   224  -496   633   953  1458  1509 -1376   -39 -1607   459  -560   859 -1030 -1389   697   -48    -9  1029  -587   544   260 -1333   651  -421  1116  -929  1373 -1044  -790   577  1031  1568]
[  506  1505 -1331 -1507  -517  1123 -1226   383  -227   508  1638  -235   881  -950  -376   -43  -653   460   722  -507  -966  -647   300  1458  -837  1242    20   127  -421  -232  -738   121  -325  1238  1130  1030   242   836 -1359   758   619 -1145   837  -786   592 -1212  -189  -906   576  1632  -663  1080  1289  1215   863  -635  1326   313  -468  1601  1221  -957  -472  -674   -84 -1120   431   478   301  1228   608 -1348 -1167 -1323    56  -938   134  1450  1137  1611  -363   360  -145    64   -44   837  -270   462 -1095    84 -1599  -800 -1486 -1658   -90   -67  -423   475   472   330  -704  -529 -1301  -581  1461  -506 -1140  -760  -487   948    18   364 -1427  1103 -1588 -1256   762 -1561 -1157  -125]
[  909 -1593  -819   823   547   920   197  -286  -276 -1079  -618   507 -1650  -250 -1179   599  -552   856  -146  -455  1016  -253 -1297  -489  1385   500 -1361     4   420  1496   289  -650  1644  1353 -1625  1542  1355  -243  -992  1020   221   161  1457 -1587   -97  1441 -1134  -663  1057   423  1616 -1381  -268 -1617 -1221  1184   851   193  1413  -558  1454  -768  1265   974  1664  1589 -1203  1427  -424 -1026  1333  -547 -1312  -218   875   -81  1653  1037   660  -317  -342   911   641   384  -549  -509  1418   911  -812   732   562  1178   713   604  -812  -965  -934  -468 -1065  1575    91 -1452  -543  -759 -1322  -687  1128  1367  1373  -282  1498  1197  -376   -46  1186   -56  -148  1657 -1082  -995]
[ -801   743   416   908 -1396  -496 -1493 -1167  1598  1095  1592  1081  -116  -540  -661  1480   646   329  -265  -335  -170  -245   748    -8   123  -397   572  -883 -1260 -1225     6 -1568  -638   -42  -324   947  -819 -1286  1023   233 -1222  1212  -891  1355  -686  -754   -69  -319   304   937  1064    15   932  1465  -556 -1582 -1586 -1593  1276  1375 -1298  -886  -130   318  1620  1433  1302   788   730   488  -923 -1292  1387   -10   293   210  1216 -1373   -73  -495  -805 -1142  1270  -755   -77 -1427  -754  1298 -1129  1090  -954  1607   731 -1644   276  1357  -528 -1486   657 -1475   219  1465 -1146   823  1102   761 -1550 -1190   529    45 -1395   228 -1300 -1577    59 -1553  1404  1134  -173    18]
[-1045   118  -477   -61  1359  1475   309  -829   605 -1028 -1550   956  -532  -424 -1225  -981  -440   890  1572    28 -1144   702   776 -1571  -822  1643  -946   -53  1252  1180 -1275 -1292  -312  1608   257  -604  1278  -939  -337 -1506   -58   749  -652 -1125  -476 -1167  1326 -1590  1526   444  -610 -1024  -501   649   562   254   513  -803  -113   135   104   605  1312  -386  -284 -1252  -764   -85  1484   682 -1096  1297  1318   716  -700  -167 -1342 -1212 -1137   905   942  1161 -1661  1603    79 -1334   783   617  1037   954  1623   256   775   -14 -1474   597  -292    70  -602  -711  -724 -1310  -678   905  1305  -363  -476   420   723  -837  -462  -896  1255  -341   298  1477 -1654 -1617  -396 -1293]
[  832 -1591  -111   421   890 -1237  1085  1611 -1151   977   138   388   914  1500    26  1658  1460  -749   425  -385   305  -767   533 -1475  -936   381 -1097  -975   684  -411   802    41  1083  1195 -1370  1313   632   341 -1131  1604  -963 -1254   313  -797 -1454  1338  1386  1297   462 -1036  -993  -848 -1149  -521   658  -613  -719  -149  -874   353 -1463   124  1018  -782  -713 -1294 -1376  -524 -1198   165   425 -1069 -1031 -1516  -135  -233   542  -489 -1650   760  1296  -410  1309 -1327   894 -1248  -308   988 -1099   384   338  1354  1645  -743  -216 -1538   890  1399 -1446  -920   720  -641   840   297   167   103   472   835   828  1162 -1275  -967   563   809 -1658  1645  -428  1355   503  -647]
[  185   514  1455   347  1644   503   326  -322  -904  -939 -1017 -1027  1622  -582 -1435  -106   403   529   384  -625 -1636 -1437   -89   -53 -1396   932  1595 -1072  1374  1059  1549  1044   375   457   147  -551  1124   -62  1527   200  1525 -1318   -59 -1396  -851   816  1642  1215 -1607   663  -184 -1222   971  -989  -410 -1091  1299   677   415   -18   444  1648   652   755  -816  -692 -1662  -624  -244   192  -188  1232 -1394 -1223 -1254  1168  1116   877   547   196  -431 -1029  -412  -674  -441   415   974   431 -1415   132   197  -556  -545  1055  1449 -1629  1005    28  -144   178  -222  -597  -167   -66  -878   567  -416  -884   326   903 -1157  -632  1482   560  -689 -1036  1301  -218 -1536   739]
[-1074   904   594  1197   885  1240   654    77  1443 -1216   948  1626   457  1043 -1292  -708 -1367    10   327  1193 -1100  -828   873   686  1244 -1637  1305 -1401   307  -163    63  -999  1282  1115  -288  -889    35   -16   767   435 -1133 -1122 -1100   171   781  1653  -736   354  1481 -1653  -835  -788   689   825 -1099  1144 -1557  1321   -88  1271   359  -885   860   429  -478  -331  -177  1292  1507 -1018  1077  -503  -958   196 -1236   278  1534   440  -616   911  -489  -458  1453   453   741 -1463   357   222   469   -49 -1309  -716 -1578   244   400   477   800  -417  1247   846   292  -869 -1246   144  1427   429  -539  1644   987  -480  -118   963   962  -171 -1034   870  1623    65  1044  1073]
[-1215   653 -1088 -1485   978   105   -22 -1109  -226   464    13 -1097  -695  1494   847 -1269    -9  1497  -936   -50   485   609 -1277  -792  -666   729  1107   568   -59  -537  1112  -415  -575   968  1161  -974  -850  -765 -1294  -793   558  -209  1086  -455   217  1265   477   114  -398  -872    98  -653  -509     5   109  1128  1214  -180  -209   123 -1275 -1537  1112 -1320   359 -1440   -82 -1547   996 -1132  -832   954   603 -1443  1048 -1129  -554   735 -1555 -1525   828  -436  -257 -1622  -601 -1055   947  1305  -503   641  1415   382  1028 -1031 -1094  -332  1610 -1638  1282  -987  -734  1455 -1433  -196  1584 -1187  -226   274  1379  1445  -952   764 -1338  1469 -1557  -615  1103    21   748  1535]
[ -508 -1044    95  1158  1126  -242 -1317  1047  -207   382  1562 -1547   577   934   181  -872   734 -1296  1571 -1572  -944  -775  -324  -344  -881 -1227  1399 -1108  -672   298  1219  -959  -753  1532  -345  1358 -1138  1613   799    80  1517  -836   388 -1183   317  -562   817   908  -929  -628   -61  -477 -1315  -451   663  -829   128   685  -524  -465 -1250  1401   535   479  1492   -56  -566 -1063 -1126  -404  -378  -443  -916 -1193  -618  1066  1489   519  1200 -1019   168   941   800  -978   984  1205  -792 -1419   -37 -1034  -397  -252   730 -1238 -1033   982  -132  -784   305 -1079  -889  -132   930  1557  -612  1334  1228   714   -67  -675  1064   -39  1337 -1106 -1186 -1377   500 -1525   833  -549]
[  454  -596   755 -1209  1373 -1408   310   319   788  1393   872   694  -161  -466  1562   -74 -1481  1457  -250  1528  -123  1091  1169   475 -1561   169  1573    48  1273  1097  -405    41  1227   640  -117  1576  1150   467 -1322 -1467  1321  -762   163   986 -1338  -783  -608  -765   359  -846  1054 -1275  -299 -1488 -1268   229   785  -695   837 -1577 -1601  -642 -1536  1055  -573  -655    68   467  1210  -258  1429  -541   904  -612   289   425 -1283 -1448 -1508   435 -1304   -57 -1440   -22  -429  -589  -265   952  -130  1187  1145 -1603  1498   623  1407   260  1406  1172 -1458 -1470  -256   477 -1180 -1111 -1657 -1602   940   571  -653 -1021   701    82   761  -545  -161 -1204   579 -1178 -1453  -877]
[  397   146   789  -891  -789  -772  1302   -35 -1272   844  1512  -415   195   687  -313 -1260  1268 -1364   207   703 -1370   291  -180  1500    42  -285  -276   507 -1550  1131  1617  -818 -1636  -485   889   640   179 -1358  -982   883  -179 -1045   156  1522   871   912 -1520 -1460 -1254 -1103 -1107 -1530  -383  -585 -1083  -482  -193   968   211  1111   136  -636  -909   852  1301  1625   484    66  -368   761 -1273 -1469   137  1054  -551 -1480  -369  -728  -738  1654  -588 -1199 -1534   547  -723   533   865   405   432 -1548  -806   -21   116   618  -477  1397   384  1307   -71 -1130   205  -237  1556   703   -47    58  1422 -1036   983 -1515   490   246   982   678   422  1542  -357 -1640  1133  1180]
[ -544    23 -1119  1497   940   -51  1152  -999   -39  -509  1322  1018  1330  -549  1482   911 -1512  -543   289 -1481   913   937   125  -829   225 -1176  -864  1473   236  -456 -1423  1472   105  -459  -703   433  -369  1083  1520   137  1134   831 -1073   132  1053  1138   868 -1077  1514  1018   761 -1346   499   240  1002 -1338  -366  1278  -212  1631  -649  -394   -89  1569  1608 -1217  1653   -34 -1259  -265   -68  1322  -976  -848   172   541   629  1018 -1227  -865   883    26  -242   657  1156  1419 -1386   504  -433   174 -1159 -1011  -200 -1454 -1331 -1312 -1628   -42  -333 -1260   736   925   214  1575   808  -304   944  1651  1138   889   734   -51     7  -583  1057  1452 -1388   564  1163   735]
[  726 -1293 -1322  -709 -1478  1141  1452  -657   667   727 -1506  1578    49 -1116  -409   559  -560  -850  1258  -286  1056  1655  -490  -957   659   -54  -853  -581   638  -481   797 -1652 -1447 -1656   425   -14  -997  -686   780  -510 -1512   985 -1242 -1022   -14  -279  -286 -1227  -330 -1593  1159   770  -584  1065 -1560  1459  1659   246  1238  1025 -1117  1464  -427   430 -1370   405  -729  1269  1070   876   113  1189   479  1116  -694  1232   176 -1094  1225   203  1496   124  -664  -186  -247 -1632   221 -1565 -1330  -150  -454  1412   410  1086  -670  1617   767  -300 -1002  1081  -947    11   840  -454  1596 -1021 -1647  -521 -1554 -1553  1622  1533  -400  -929  -165 -1546 -1577   333  -358 -1304]
[ 1509 -1660 -1128  1448  -629  1658   175   994  -809  1205  1023 -1559  1149 -1002    10  1283   153  -272  1022   240   200  -147  -647  1060  1663   216   229   558  1576  1349  -998   299   977  -140   524   595  1664   770  -727    28   952   928    16 -1572  1305 -1245  -499 -1308  -465   544   991  -977   156  -218  1605  -273  -985  -510   847  -857  -217   115   626 -1125  1314   346  -361 -1425  1433  1391 -1268  -167 -1345    18   251   166  -724 -1163  1323  -177  1181 -1428  1406  -214   920   175  -615   655  -540   291  -474 -1390  -840  -463 -1162 -1060  -604   678 -1204   764  -340  -914 -1432   209    94   284   389 -1210  -238 -1653  1388 -1587  -782 -1053  -550  1008  1644 -1453  -447 -1015]
[-1078  -123 -1027   191   896   516  1662  1364  1151   729  -646  1028  -231  -922  -337   556   516 -1509  -694   774   239  -797   661   162 -1568  -358   761  -561 -1529  -637  1594 -1375   139  -669  1614   303   223   314  -943   352  1307  1358 -1331 -1297 -1162  1107 -1175   916   965    63 -1216  -360 -1412  -142  -542  1111  -860  1316  1442  1592   872 -1303  -508  -571   819   232  -109   -60  1375 -1001  -624 -1557  -568  1073   643   -64  -569   859   -77   697   570  -668   868  -271 -1391    -9 -1387  1062  1521  -186  -379  1265  -418  1557    42  -526   505 -1280   754  -863 -1199  1562  1239  1528  1254  -301  -488  -664  1244   164 -1507  1332  1073  -549  -464   861   504  -357   849   956]
[  270  -706  -334    40  1641   409   256  1312 -1080  -448   318  -989  -162  1306  -178   222  1553 -1634   581  1531  -754  -493  -660  -141 -1217   402  -859  -443  -899  1586   415   266   -95  -268   547  1459 -1062  1117  -594   -30  -857   377   152 -1595  1489   132  1031  -350 -1222 -1342  -469  1234   940   461  1561    24 -1279   816  -476 -1055   503   598  -456  -176  -864   -90  1471   701  -225  1355  -799 -1227  -768  1217  -881   194  -607  1267 -1660 -1403   263 -1445  1640  -584  1304  -494  1107   353  1156   305   711  -693  -748  -769 -1132  1663   328   971   114 -1106 -1155  -123  -367  1200 -1408   398 -1204  1215   115   925 -1154   654   799  1158   224  -195  -135  -365  -909   936]
[ 1517   992  1316  -540 -1404 -1541   908   505  1557   504  -832   390  -877   -83  -613 -1232  1474  -238   947  -215  1049  1382   695   481 -1342  -637   961   203   192   222  -453  1094   860 -1447   -27   714  -998   777 -1615  -816  1519 -1217 -1614  1205   698 -1387  1072 -1222   252  -575   208  -229  1137   629  -443  -224  -632 -1592  1075  -916   395 -1406    62 -1308   282  -372  1045   -96   810   439  -685   438  -893 -1343   651   793  -161   952   628   215   403  1327 -1598   -60  1355   299   615  1410  1500 -1444 -1273 -1197  -810 -1272   707  -573 -1405   260  1239 -1636   296   781   730   910  1626  1267    40 -1213  -435   707  1635  1254  -768  1496 -1444   281  -908   380  -361   777]
[ 1148 -1236  -476  -675 -1115  -388   228  1292   931   764  1064  1648 -1254   112  1641   676  -510   265  -522  1524  1066   663  -107  1583   558  -672 -1620  -520 -1551   375 -1577  -622 -1169  -395   454  1440  1396 -1366  -895  1627 -1315  -322  1408   -11  -343 -1267    63   569  -508  -286   507  -870   478 -1093    15   422  -949    50   -61     4  1599 -1292  1435   899  -914  -582   502 -1265  1569 -1496  -962   634  -603  1258  -581  -348  -449   -63   495  -766   634 -1048   502  -774   810  1110  1259  -992  -597  -818  -754   422  1634  1025   153  -478   520 -1349  1555 -1430  1528  -818 -1266   206  -804   198 -1154   182   924  1089   949  -543  1054   750  -586     0   609  1059 -1206    68]
[ -709   358  1338  -165  1227 -1454 -1303   371  -811    79 -1607  1073  -812 -1037    80 -1030   495  -450  -282  -506   421   203  -238  1204 -1507   -20   248  -850  -563  -982   363 -1028  -770 -1120   409 -1150    -6  -954 -1445 -1274 -1340  1208 -1430  1557  -665  -368 -1537   423  -168   826  -923  1302   337 -1137   483  1571 -1416  1200  -770   920  1187    32 -1547  1355  1109  1658  -957  1328   485  -907    13   771  -405  -760  1047  -199   913  -456 -1135 -1591  1107   -70  -495  -260 -1551  -573  -831  1452  1207   555 -1361  -185  -399   888 -1519 -1507  1442 -1251   614   821 -1256 -1241   376   133  -955  1323   403  -364 -1179  1107  -704 -1180   572 -1493   -48  -877 -1582  1496   140  -599]
[ 1632  1017  1012   475 -1122  1057  1603   500  -310   659  -864   120     9 -1159   461  1265 -1268  -393   196   377  1539 -1337     1   627   -90   825  -579  -110  -365  -212   500   525  1448  -204 -1053  -612  1109  -850  -172  -799  1550  -289   -67 -1276  -138   316 -1405   812  -897   120  -232  -606 -1486  1286  -311  -648   755  1198  -100  -673  -845  -732   383  -591 -1555  -672  -846   410  -988   631 -1386  -105  -739  -326 -1062   914   401 -1351  1213  1494   679 -1529 -1213   418  1428  1225   927  -961  -636  -861  -354  1330  -499   912  1266   894   386 -1074   423 -1498   350   385  -995  1173  -527  1316 -1599   708  -234  1187  1493 -1220 -1295 -1083 -1510 -1621  1525 -1048  -458  -416]
[ 1254  -580 -1656  1012  -578  1245   225  -634   893 -1341    15   420  -109   131  -838  1349  1434   775  -855  -608 -1325  -727  -135  1015  1520   668  1041  -611  -578  -391   588  1426 -1207 -1053  -467    -5  1351  -708  1070   -35  1232 -1461   783     6   466 -1077   288   385  -980 -1571  -408 -1024 -1531 -1239  1476 -1634  1260  1319   909  -309   426   426  -292  1140  -863  -365  1664   945  1583 -1544  1126   514  -617  1543   -77    23  -266  -186   106  1143  -991  -478   356  1268   -19  1351  1648  1235 -1616  1629 -1473 -1180 -1029  -203  -947   281  -960  1580  -314   269  1634  1283  -409 -1093  1009  1062  1036 -1255 -1417   867 -1611  1013  -183   -13   -36  -460   165 -1094  1622   950]
[-1450   580   181 -1221 -1652   882 -1609  -869 -1321  1371  -322  1119  1437  1105  1380   551   -99  1228  -999  1577  1520   726  1119  1177  1617    14   271  -429  1579 -1366  -937   -20  -299 -1344  -357   661 -1177   589 -1073   137   917   -59  -508   867 -1263 -1100    26 -1016  -847   822  -785 -1250   645  1020   793 -1636    39  1520 -1415  -216   272  -137   268  -640   890   852    -4  -398   764   875   489   792   730  -617  1134  1045 -1327  -567 -1050 -1355  -978  1515  -458  1422   797  -174   722   282  1636  1284 -1200   759  1254   356   276  1436   924  1334 -1486 -1336 -1016  -356  -125  -775  -239  -395 -1344  -396  -225 -1105  1625   187  -170  -482   225  -603 -1351  -856   286   732]
[ 1016 -1219 -1302  -420   707   502  -350  -505  -709  1369  -677 -1651 -1404  -329   477   146  1007   239 -1546   702  -408  1620   405 -1483  -315  1399   204 -1574  1155 -1581  1510 -1405    59   763  -667   355  -333    78  -296   634  -582 -1166  -219   403   434   966 -1416     3   761  -663   483    20  1023  -106  1386 -1629 -1520  -338   239  1162   385   281  1523  1533  -674   765 -1020  -286  -378   279  1080  1571  -957  -346   456  -204  1355 -1604   981  1360   -74   441  -736  -237  -655 -1173  1525 -1245   913 -1176 -1662  -887    23  -146 -1098 -1399    57   465     1  1459  -159   426 -1059  1344  -758 -1330  -250 -1002   209  -348  -274  1340  1325  1279  -482  1229   -29   286  1249   -71]
[  -52 -1335    98  1061  -424  1043   384  -347  1285   907   411 -1598  -280  -422   850 -1477   841  1494  -296  1229 -1017 -1129  1545  1176    70  1625  -859  1447  -330   216  -359 -1134   899  1058 -1025 -1362  -686 -1360  -226 -1655 -1652  1481   734 -1298  1378 -1165   957  1478   101  -273   729   440 -1296   170     6   910 -1517  1516  1422  1023  1528 -1080   353  -865  -330 -1328  -574   814   -26  -280  -751   418  -562 -1436  -331 -1448  -613   586  -475 -1655 -1603  1597   803   325   234   103  -942   182   501  -851  -634  1068  1516  -463 -1092  1142   171   274   414   996   159   904  1522 -1360   312  1456   176  1124 -1456  1473  1273   -83  1565  1642    -2   622   791  -581 -1224  1002]
[-1328   425  1565  1370  -394   -28  1418    95 -1559   789   -70 -1280   167   397 -1192  -296 -1318 -1476  1573 -1166   174   -31  -240 -1402  -923 -1396   478   672  1614   342   687 -1286   568   143  1191  -182  -762  -955  1197 -1487  -660  -348 -1244 -1593   201   978   180  1625 -1611  -921   657    13   269 -1648    -1   605  -321 -1473  1159   274   326 -1138 -1112  1511 -1636 -1140   285  1309  -266   980  1655  1362 -1168 -1081  -273   780    66  1252  -117   402   845  1330  1211   166   284   833 -1351 -1182  -769 -1273  1089  1120  -480   568  -420  -604   751 -1392  1136   887  1143  1121  1120  -382   103 -1292   -62   -44  1221 -1445    99  1296 -1489   732   900  1179  -108  -846  1564 -1194]
[ -191  1253   959   349    37   356  -886  1196   484 -1579  -473 -1304   684  1265  -559  1215  1660    30   260 -1127   335  -177   959  -657  -173   732   323  -763  -771  1170  -669   395 -1474 -1173  1433  -469  -652   586   433  -450  1178  1346  -524    36  1546 -1349  -152  1418   870     3    -4  -823  1336   431  1507  1153   198   146 -1238 -1128  -982  1271  1105  -651  -796  1070   731  -122  1015   175  1402   273 -1333   591  -744 -1081  -242  1538  -640  1101    25 -1024 -1301  -935  -500  -903   -91   396   -66   399 -1617    38   610  -120   746 -1487  1478   201  -582   816  -776  -398   465  -826 -1259 -1014 -1528   504  1627   463 -1201  1359  -217 -1462   374  1399 -1007 -1473  1444  -393]
[ -626  -411  1129  -342   924   189  1159 -1356  1518 -1312  1350   636   507   506  -580 -1415   590   510  1166   611  -279   905  -900 -1566 -1293   277  -169   -20   979   647 -1100  -649  1210 -1431 -1119   433 -1657 -1257   783  -905   982   141   196  -434   604  -852  1229 -1177  -258   977  1625   450  1566  -286  -446  1341   697  1397 -1122  -618 -1600   392  -284  1396 -1036 -1543   300   522  -256   552  -367  -842 -1194   624   622   -19   348   484  1250  -773  -223   313  1569   657 -1457   581   237  -268 -1590  1133  1523   831  -109  -686  -218 -1022 -1126   533 -1404   541   -16  -778   -67  -271   220   301  1306  -119   680  -769   795 -1099   211  -800  1526  1520  -850  1365  -697  -133]
[  -72  -188   496  1132 -1413  -588 -1195  1363  -385    46  -837  1215   130  -622  -385   208  -507 -1520 -1257 -1335  -858  1516  1549  1087  1516   339  -974  -619   601    71 -1002   716  1036  1018   219 -1602  -476 -1497 -1397 -1549 -1105   401   580   466   447 -1064  -925  -564  -438  1151  1103 -1651   778  -860  1228  -511   941   393  1140   755    37   790  -286  1115  1334   231   -71 -1662   675   794 -1277   211  -739  -326   903 -1186  1348  1283   523   607  -132   806  1242  -731  -265  -683  1350 -1628  -809  -381   474  -328  1429  1371  -873  1276  -647 -1069   846   639  1281  1475  1607   131 -1088   222   694   931 -1423  1466   523   909  -217   527  -317  -141  1039   882  -415 -1098]
[ 1042  -373  1176 -1240  1098  -231  1438  -193 -1437   722  1436  1431 -1526  -919  1516   263 -1339 -1006   998  -143   674  1087   613   -43  1129 -1098  -667 -1222  -106 -1140  -760 -1324   128  1242   -86   989  1205  -718 -1390 -1005 -1476 -1232  -293   259  1166  -676  1584 -1135  1183   927  1606 -1576 -1157   886  -843   116  1497 -1526    92    94  -898   -49 -1631  -853   973   342 -1204  1556   147  1488  -670   966   490 -1591  -849 -1593 -1633  -508    54   360     5  -815 -1198  -788  1284  -766    -7  1650   491   479   608   734 -1498  1230  -909  -986   386  1249  -266  1082  1169 -1604    30 -1130   684  1182   560   451     6  1072   762 -1267  -126  -762   924  -772  -293  -566 -1256  -715]
[  869 -1138   -95    43   305    69 -1265   824  -152   965   676  -589   916   812  1203  -886 -1329  1295 -1019 -1328  1465  1572    50  -660   498 -1127  -753 -1476   514  -678   581 -1278  -504   698  1216  -914  -651  -337  -363  1243  1343   361 -1610 -1376   536   739  -763 -1589  -443   143   832    99 -1595   707  -707   755  -249  -161  -562  1267  -561   514   180  -961  -263 -1209  -770  -565 -1519  1279  1118   220  1165   849   584  1013    59 -1046  -911  1260  1181   -96  1602   735 -1396   556  1283 -1243    35  -916  1643 -1462   225  1225  -327  -551   507   368   963  -659 -1513   500  1573  1451 -1306  -726   972   299  1358   571  1130  1504  -155  -636  -215   -40 -1146  -782  -364  -334]
[ 1206   857 -1189  -387   393  1171  -479 -1423 -1622  -921 -1661   620    81   172  -725 -1607   448   413 -1309   213  1568 -1482 -1045  -978  -149   437  1316   299   229  -681  -317  -745  -825   324   669  -355  -364   797  -654  -168  -182  -917  1502   604   817   183  -667   867  -445    93   957  -498  1664   396   -68     9  -687   173  -177  -605 -1230  -807   365  1615  1397 -1494  -254 -1348  1124   917   559   140 -1532  -663  -313  -756 -1017  -702  -993   529  -468   363  -695 -1078 -1499 -1137    16  1152  -812   169 -1010 -1361 -1609  1054  1420   198 -1442   147  -289 -1216  1372  1623   585   223   -29 -1199  -973   611 -1167 -1477  -694  -999  1342 -1216   199   185 -1617  -643  -194 -1563]
[-1279 -1034  1152  -669 -1372   449   299  1407   413   752  -438  -559  -373  1149  1220   553  1093  1349  -302    56  -311  1318  1239   288 -1172  1248   705  1118  -971 -1204  -287   382   677  -710  1129  -336 -1318  -647   966  -870 -1005  1537  1541  -208  1289   426  1255  -522  -606 -1231  -592  1654 -1282  -169  -950   277  -299   639  -772  -760 -1294  -195  -730  1476  -505   784  -981  1158  -999  -764 -1009   474    89  1397  1404  -758  1439 -1286    -9  1440 -1060 -1621   761 -1602 -1371  -707  -921 -1336  1345  1238  -751  1598 -1336   419  1489   -71   495 -1413  -542  -254   -55 -1035   550  1619  -585   102 -1508   337   324  -678  -242   277  -667  1473 -1425    58 -1157   322   317  -559]
[ 1008   897   113  1486  1293  1184 -1487  -206  -299  -376  -936  -257  -655  -462   749  1466  -992   613  -381   274 -1193   903 -1107  -130  -851  -236   919 -1378 -1210   200  -161  1252   960   908 -1434  -830  1504   735  -656 -1150   -61 -1143   218 -1530  -244  -124  -530   953  1440 -1439   -71 -1178   -89  -638 -1096  1243 -1516  1023  -256  -909  1616  1144  -598  -538  -820 -1083  -589   131  1010  -131  -505   822 -1570   250  -824  -420   -61 -1200  -914  1244   312  1080   598   441  -672   196  -788  -921    65   114 -1088  1444   814 -1037  1295 -1377  1128  1213  -639   839   583   956   205   684   532  -599 -1592 -1483   805 -1294  -497 -1236   712  1231  1431  -698  -713 -1019   921  1372]
[  867    -3  -304  1219   289   428  -918   929  1645 -1289   947   680   921   667 -1632  -336   484  -963  1420  -770 -1530  1090  1496 -1015   213  1145  -746  -672 -1659   441  -488  -171  -727 -1184   463  -321  -316  -242  -524  1025  1292  -775  1145   296 -1104 -1530  1290  -239 -1354  1624 -1567  -790  -649   779   232 -1005   544   125  1381 -1482  -872   609   348 -1116  -920 -1306 -1660   368 -1499   762  1612   509  1246  1181  -390   557  1506  1593   105  1419   728 -1426   438  1287    -3 -1251  1543 -1519  1551  1582    99 -1567  1016  1289   690   274   781   -42  -912    64 -1648  1250  1109 -1112   731  1509 -1250   550  1185  -242  1092   -77   698  -660  1279   727   923   761  1488  1520]
[  541   824  1089   369  -747   459 -1643    75 -1199 -1164   -14  1147  -449  -233 -1500   141   -44  -380  -432  1227   650 -1602  1012 -1386  -720 -1325   481   869  -727  -396   724   574 -1057  1017 -1107  -107  -463  -746  1427 -1029  -384 -1158 -1132    33  -122   769  -128   656  1030  -136  -121  -500  -955   524  -406  1557  1502   544   356   771  1166  1227   240  -457   693  1072  -383  -659 -1232  1583   247  1320  -474  -238   754  1458   433 -1340  -761   169  1012  -172 -1321   283 -1003  -480  -517   406   261   965   155 -1401 -1363   400  1150  -945  -545   459  1290   -96  -439  -277 -1262  -529  -875   873   -25  1522  -608   780  1061   668  -952  -772   495  1362   954  -624 -1312  1516]
[-1533   398  -127   771  -923   720   992  -868  1322   780  -764   289   221 -1526  1497 -1570   182 -1633  1234   496   298  -927 -1579   204 -1222 -1254   371    76  -984  -560  -451   697  -448  1248   798   273 -1451   388   349    70  -440 -1322  1446  1647  -124   604   -83 -1274  -768  -196   -81   833   -31  -576     3 -1383  -327   -20  1651 -1215   916   575  -531  -366   694  -562   454   771  -357  1069   219 -1508  -727  -706   453  1627  -465 -1642 -1042   808 -1134 -1638  1063  1224  1555   541 -1410  -970 -1410 -1392 -1454 -1030  -947   623  1062  -612  1393   424   932  1225   -86   -40  1165   -17 -1344   115 -1626 -1030 -1086 -1536 -1584  1386  -178   948   880  1223   929 -1637  -622   422]
[ -103  1284 -1087 -1647 -1500 -1053   736  1091  1523   794   190  1579  1578  -515  1392  -609  -658   137   305  -238  -648 -1434   473   535  1656   -24  -220  1116  1130  1263  -621    -4  -691  -134   333   895 -1583 -1580  -764   586  1195  1603  -516  1507  -285 -1609  -997   487  -304   414   555 -1029    66 -1092   974 -1218  -311   918  1095  1009   701  -941  1316  -813 -1568  -187 -1353   211   922  -768  1323   374  1573   793   175  -979   470    76  -700  1642  -700   633 -1154   245 -1662  1616   322 -1362  -237   795  1332    18 -1258   474  1470  1293    88 -1375  1214  -195  1044 -1157   632  -628 -1373 -1046   -82   833   247 -1371 -1243  1469  -899   245   642 -1251   246  -913 -1615   854]
[ 1387 -1112  1611   872   337  1301  -152   -90  1232    19   242  1309 -1115 -1288  1588  -791   818  -207   147 -1391  1167  -747  -409   594  -358 -1644  -518 -1150  -690  1390   803  -907  1377 -1432   806 -1053 -1582 -1280   988   573  1331   701   555  1249   321   -72  1108    91  -949 -1198   655  -763     0   762  -218 -1218  -717  -196  -531   947  1150  -941  -620  1453  -987   720   293  -284  1010   862  -447 -1574 -1572 -1193 -1213   346  -111   -13  -600 -1170   584  1270  -328 -1231  -726   567  1572  -838   554  1192   789 -1626  -367  1146  -210  1519  1320   997  1118  1236  -447  -364  1270   289  1239  -881  1091  -371 -1571  1376   360 -1534   154   836  -374  -923  -230   793   847  1426]
[-1375  -852  -706 -1215   -35   368 -1478  1192  -686   490  -731 -1525 -1353  -663   -28  1463  1532   791   780  -483   319   689  -780  -797   818   507  -152 -1535 -1165 -1460   334  1229  1263   827  1107    -5   -60  -630  1424  1653  1244  1193 -1467 -1336   -86   858   803 -1008 -1664  -426   657  1476 -1642   607  -283 -1416 -1091  1632  1522  1652  -231  -771   539   345    88 -1376  -690  1582  1496  -165   990 -1391   848 -1280   -41  -202   491  -287   961  -890   326 -1647  -110   697  -378  -111  -350  1479  1514   561   920   417   506  1285 -1599 -1498  1117  -613   368    36 -1180  -960  1544  -404  -904  -367 -1165  1298  -813  -155   451  -445 -1115  -833  -495  -576  1600  1488  -504  1305]
[ 1049  1238  -455    -5   747 -1086 -1231 -1474  -345  -219  -594   862   300  1375 -1092 -1459 -1257   880   460   110  1279  1503   464  1046   161  -971  -376  -512   407  1581  1654  1644 -1367  -526   844  -432  -957 -1061   358  1498   178  -147 -1653  1001  1361  1046 -1462   341  -771   666  -476  -130   896  1294  -847    61   791 -1287 -1009  -786  1429  1060  1317   214  1182   315  -713  1137 -1266  -259 -1547  1013 -1078  1072   276   895   770  -803   209  -277  1070  1612 -1263   779  -769  1516  1109  1275   855  -733  1014  -935  -514  -805   906   987  -267   570  1251  -406   -13   294  -114  -982 -1518  1191    55   178  1186  -110  1629   -15   -71  -920  -708  1509  -220  1411  1113  -436]
[-1323   703   935  -762   809  1314  -155  -847  -590 -1512   357   878  -734   254   763 -1498  -280 -1347  -588   920  1621  -821   160 -1035 -1235 -1262  -545 -1533  -734   560  -651   802 -1623   861  1297 -1138  -891  -419 -1213 -1134 -1253  1503  -747  1517  1104   233  1024   522  1611 -1089  1123  -960   323   717  -379 -1228  -723  -183 -1377  1560  -224  1561    98  1156   566   678  -145 -1152  1066 -1164  -292  -351  -766 -1409  1088   882  -954  1466 -1059   282  -479   577 -1118  -783 -1536  -226  1278  -878   696   706 -1559   -84   264  -846   190   257   111   707   982   620 -1232    81 -1528  -763  -496   741  1230   762   765   574 -1184   716   465  -733    70    12   703  -934  -673   565]
[ -717 -1070  -990 -1230   859  -432  -614  -891 -1377  1626 -1524   167  1399 -1327    37   610   797 -1076 -1471    71 -1073 -1640 -1531  1402 -1402   945  1469  1212   273    96  1547  1213   662   -65 -1377  -318 -1372  1391  -275 -1140 -1504  -623   417   234  -969 -1073   277  1053 -1474  1633 -1383   864   521  1050  1611   676 -1656  1100 -1268  -240   721  1492   710   -94  1575   164   533 -1373  1094  1290   807   180  1497   722  1220   -53   295   653 -1167 -1435   273   962   406 -1358 -1557 -1455 -1011   417 -1227  -308 -1444  -225  1211 -1288 -1425   341 -1405 -1435 -1147 -1663   572  1660  1303   153   794   824 -1543  -275 -1378  1165 -1270   237   750 -1414   146 -1659  -962 -1619   867 -1646]
[ -364  1385 -1640   820 -1465   -76 -1030  -178 -1079   914  -863 -1440  1592  -225   807 -1047  1538  -261  1632  -791  -614  -394 -1363  1409 -1213  1012    38 -1552   437   706  -439  1351   840   363 -1417  1259 -1258  -118   199  1614 -1155  1041  -606  -222  -847 -1647  1529 -1009  1439   792   187    82   827  -208 -1078 -1418   667  -194  -389   629  -876  -451  1200   225 -1560  -125  1073   300  -567   812 -1661   932  1380  -481 -1549  -758 -1031   480   958  -890 -1342  -711  -517  -705  1080   -37 -1037  -449  1064  -583  -880 -1559  -358 -1186   262   177   -97    28   951   921  -694  1164  -893   776 -1359   481  -604 -1281  -934  -276  -366  1625   -37  -890  1355   376  -501  -475   524 -1465]
[  502   887   253  1018  1525  -363  -818  1575   756   152 -1114  1513  -103   246   723 -1385   636  -464  -428 -1225   314   866 -1098 -1199   493  -893  -845   993   767   825  1586    57 -1479   616  -207  -468 -1647  1551 -1441  -535  -933 -1095  -470  -705 -1395  -648  -299  -569  -473 -1532   979  -509  1080  -837 -1275  -865  1271  -232  -720   715 -1485   112   458   972  -495   929  1190  -943 -1125 -1383   134   -73  1104   540   328   414 -1465  -156 -1373   930   401  1081  1300  1628   -12  1290   902  1278  -633   838  -809   989 -1331 -1161   183  -607  -277  -574  1001  1008  -782  -203   596  1565  1263  -156   215   575  1113  -717   741 -1468 -1554   380  -416   194   -15  1145 -1474   644]
[   68  1471   -22  -113  -477   -99   759  1165  -716     4  -525  1610  1209   586  1190  -138   600  1472 -1508 -1660  1370   642   973  -424   301   641   672   512  -862 -1207   185 -1402  1279   405  -572    22  -228  1096  1430  -274   104   688   664   176   619  -766 -1344  1125    20  -775   208   784  -268  1171  1042 -1283 -1250  -467  -617 -1490  -233   640  1623 -1220   291  -822    48  1125  -826 -1642   114   819 -1273  1560   385  1321  -542 -1405  -298 -1098  -889 -1427 -1536   400   272   743   -62  -346  1231   610   272  1580   610   119   678    27  1433  -869  1337   843  1132   480     2   801 -1574   538  1507  -352  1656 -1240   270  -206 -1517   499    -6  -632 -1324  1078  -403 -1633]
[ -133   289    98   597  -643  1635   137 -1250  -647  1278  -917     9  -712  -397  -630 -1060 -1629   810  -566  1513  1389 -1335  -269  -438   671 -1513  1496  -486  -839  1542  -557   133   587 -1326    63   429   512 -1391  1199  -789  1571   867  -217   -20  1332  -315   267   924  -884 -1467   871   685  -474  -814  1432   299 -1617   106 -1058 -1362   -79  -881   173   732   998 -1247 -1366   158  -221  -457   152 -1466  -387  -867  1381 -1172    39  -655  1495  -760    -3  -851  1015 -1332   279     5 -1343  -742   497  1574  -903  1512  -157  -157   616   -18  1136  1395  1578 -1073  1210   280  -825   362  1443  -108 -1559   368 -1448  -618   972    47  1403  -733 -1631  1617  -772 -1295   -11  -287]
[  164  -900   934  -128   554  -900   266   464   544  -286   623   275 -1025   496  1377  -714   983   234   816   266  -673  -375   373   435    73  -328 -1204 -1122   975   724  1427 -1654  1289  -499 -1393  -808  -554  1374   329 -1619  -994  -305   859   465 -1534  1145  1424 -1367 -1106  1543   747  1403  -853   -81   204  -924  -383   946  -115  -780 -1598 -1395   780  -524 -1109 -1084  1648  -944  -286  1184   107 -1457   864  -639   348 -1382  -279   233 -1034 -1518 -1599  1629  -765  -386  -735  -956   526   229 -1623  -756  1492  -306 -1217  -952   796  -296   721 -1494   137 -1160  1312   869   642 -1270  -262   191   665 -1660   917 -1227  -153 -1262   222  -140  -542  1119   461   471 -1197 -1194]
[-1238 -1599   523   523  -233  1499  -706  -518   121  -946 -1199   617 -1062  1031   310  -635   785  -693  1146   375 -1585   989 -1449  -388  -958  1301   -66 -1378  1043   373 -1011  -624  -489  1361   925  -952 -1659  1137   514   451 -1201  -462 -1570 -1598  -694 -1453 -1298 -1268  -103  1347   446  1327 -1466  -998   836  1247  -161  1525 -1029  -607  1088  -271   437  -784   -50   576  1406  1054  1513  -888   410  -275  1517  -814  -961  1251   545  1515 -1116 -1507  -695     0  -737  -996  -464   119  1550   -22   522   573   953   377  1110   104  1610   932   -38   808  1541   845 -1572 -1081  1264  1611 -1293  -716   449   968   800   -76 -1088  -603  -966   260 -1326  1458  -160   905  -781  -252]
[ 1288  -791  1317 -1440  1351     5 -1212  -512  1061   348  1075 -1290   885  1617  -336   366 -1046   350  -470   978  -824   650   749  -831   120  -220  -260  1032    29   893   780  1047 -1442  -296  -515  1646 -1576   105 -1508     0   877 -1193   634   864  -893  -688  1110  1067   310 -1408   133  1600   459   790  1398  -894  -211  1402 -1450  -840 -1619  -112   813  -383  -278  -975 -1139  -525  -114    44   837   622  1274 -1432 -1327  -891   761  -231   675  -680 -1478  1431  1536  1079  -762   894   132 -1163 -1060  1152  -790  1521  1350 -1259  -816   268  1644  1575   523   730  -201 -1110  -845  -803  -792  -514 -1462  -234 -1456   304 -1273  -232   666  -942 -1445 -1635  1250 -1118   134  -793]
[-1209   821  1220  -867   804  1296  -884   243  -153  1241   830   462  1640  -548  -920   551   255  1328 -1440 -1362   238 -1555 -1634    -3  -850 -1192 -1494   593  -226 -1170  -336  -462  -253   878  1444  1632   180  -117   764   487  -553 -1241  -783  -675   581   559  -959   612  1336  -950  -876   723   765  1294    26 -1036   136 -1661   494   876    58  1572  1154  1242  -599  -534   791  1185   654  1642  -828  -569 -1028  -600 -1311   834  -547  -817  1607 -1163 -1103  -224  1097 -1102  -926  1019   885   217 -1212  1616 -1645  -568   392  -711   -85  1350  -425 -1144  1412   286  -873   792  1090 -1360  -576   160  1074  -749  1507 -1203  1465  -755 -1008  -267 -1392   233 -1047  1606 -1355  -841]
[ 1366 -1530   180   926 -1409  1071 -1117   482  1082  1343  -865  -115   195 -1310  1474  1224  -851  1485  -499 -1388  1074   691 -1069  1272  -694   -85   680  1387  1449 -1269  -644  1372   781  -236  1060   290   -98   859 -1112  -754   453  -931 -1353   150   668   712  -614  -646   707 -1621  -690  -468 -1086   761  1521   512   356  -526 -1398   660   315  -787   216  -495  1351   962  1090  -955  1554 -1393   987 -1584   730 -1234  -851  -756  -748   453  -476  -260  -414   625  1570  -276 -1345  -137   808    32   517   383    36   352 -1089   611 -1065  -518  1314   384  -388  -223  -368  1182  1456 -1155  -136   952 -1175  -853  -192   555  1423  1465 -1509  -369     1 -1521 -1473   274 -1283   541]
[-1301  -743  -490 -1278   845   960  1271 -1132   432 -1435   541 -1203  -539  -920  1039   636    44  1452   374   766 -1489   984   -17  -486  -959 -1460  1555  -651  1056  -277 -1172  1106  -100   446   415  1594  1519 -1093  1429  -604  -913 -1199  1392   713 -1155   939   626   256   954  1658  1151  -788  1626   695  -192  -561  -573  -699   964  1580 -1004  1419 -1601 -1219   934  -680  1378   898   100   893   892  1589   123   299  -261    48 -1446   435  -304 -1616   -80   515   123   845    38  -330   970   844  1126 -1223   833    78 -1021  1374  1441  -603   662 -1262 -1252  -412   994  -332   679  -457  -800   313  -675   504   893   729   393   -17  1490 -1093 -1524   492 -1634 -1348  -907 -1217]
[ -510 -1631   347  1378   573   692  -763   778 -1512 -1299  1426   495  -180  -870  1372  -815   787 -1210   405  1077 -1001  -591   915  1635 -1622  1610  1233   -97    69  -319   111  -618  1114  -932   559   -45   544  -600 -1037   691   211   329  1423  -241  -823  -306  -938   968   776  1307   -30   -44   948   155  -744  1371  1595   -31  -275   467   553  -232  -722  1149 -1080   795  1019   993 -1227 -1531  1142  1016  -552   852   953  1298  -665   300   457  -552 -1199 -1184   607  1274  1512  -527   649   536   -18 -1509   254  1100  -770   267  -483 -1113 -1010 -1578  -637 -1099 -1401  -452  1624  1257 -1579   734  -418   526 -1051 -1639   141   415 -1302   703  1275  -779  1186  -638  -559   470]
[ -417   240  -470  1490  1275   978   464   -65   -31 -1319   740  1612   851   799     2  1308  -480   441  1068  1499  1091  -966     0   526   882  1274   688  1661  1586   957 -1223  1196  -323  1552  -911  -412  -449 -1570   296  1551 -1610 -1119  -390   -38 -1206   448  1233  1640  1181  -122 -1582    -5  1505  -421  -813  -218 -1428   299 -1356 -1460   643  1133    -5 -1144 -1082   657 -1001 -1651  -765   526  -413   465   954   696 -1632  1348  -857   567   157  1574  -626  -176  -903  -180   960  -386  -510  -672  -748 -1591 -1146   574  1203   307   574 -1233  -752 -1463  -410   720   630  -977   849 -1418 -1168  1195   713  -243  -658   896  -236    22  1158  1164 -1022  -517  1088   643 -1003  -216]
[ 1284  -642   378  -818  1544   379    24   522  -592  -258 -1314 -1522 -1444 -1594 -1005 -1219   257   812   600 -1139  1346   328   -81  -135   649  -889 -1375   -30   121 -1017 -1168  -257   836  -726  1550 -1220   722   397  1540 -1494  1072   950   583 -1132 -1198   690   872  1036  -336  -619   610  1071   155   336  -981  1330  1012   877 -1387     8  -931   328   266   411   692 -1289 -1234 -1163   776 -1482 -1377  -219   797  1064 -1207  1076   257 -1287  1072   799   840   404 -1219   927   302 -1046   378 -1304   345  -181 -1538   326  -273 -1634   412  1005 -1591   928  -195  1164  -930   502  -647  1473  -385   506  1139   -60  1511 -1324   738  1316  -734  1485 -1036  -562 -1326 -1539 -1210 -1085]
[-1020  -779 -1079   680  1061  -990   388  1107 -1298  -140  -123 -1306  1186  1487  -647   846  1533  -211   642 -1486   254 -1019 -1589     6 -1582   531   992   -63  1215  -668  1472  1431 -1199 -1566  -496  -223   713  -774  -862  1637  -999 -1129 -1041  1368  -720  -929 -1248   164  -247 -1174   643 -1564   831  1341  -116   -67  -646  1255   722  -188   129  -234   125  1314   456   840   531   114  1160  1072 -1241 -1323   901   600   732  1210   673  -177  1644   735   451  -285   200  -907  1279  -355   283    27   -40   736  1630  1249  -830 -1023  -442  -118  1515  1222 -1325 -1651  -674   653 -1592  1108  -954  -834   857  1566   213  -630  -625  1139  -474 -1664 -1375  -276   647  -811   427  -877]
[  796   -72 -1340  -382  -495 -1250 -1317  1258   153  -796   716 -1216  1593  1125   -35   409  -941  -152   664  -345  1165   154  -528  1538   372   -61   755   284  -446  -630 -1439  -800  1324 -1118   635   110 -1285  -831  -335   778   635 -1440  -621   336  -807  1383    94   172  -828  1649   967  1280  1365 -1573   258  -500  -118  1275  -784   409  -261 -1564  1636  -297 -1334   141  1526    53  -877   749   155     1 -1532  -326   811   912   951   892  -411 -1481  -734   848  -186  1543 -1034  1305  1272     9 -1017   473   747   655  -740 -1411   300   399   253   589  1136  -700  1652  -930   748   612 -1664   111 -1045  -831  -348 -1254  -457 -1363  -921  -135  -334 -1023  -290  -968   303   309]
[ 1405   610  1152  -719  1511  1138 -1145  1188  1377  1212  -484   699  -561  1177 -1401  -400  -774  -702  1551   242  -854  1574   991  1248  1478  -977  1523 -1588  -711   572   823   658  -292   436  -862   987  -709   -23  -486 -1105   854  1330   357   584  1413  -669 -1188  -554  1392  1050   452   844   742   -47  -216 -1375  -409  1285  -688  1285  -248  -417 -1490  1508   -81  -861   349   973   -20 -1557  -917   304  -873  1123 -1281   540   275    79   165    65  -677  -981   525 -1120 -1546    27 -1334   100 -1236  1167   253  -729 -1063   594 -1539   748 -1060  -102  -613  1351  1544  -986   281 -1640  1005   802   671   -41    41 -1164   -20  -432  -997  -830   422  -371  1284   257  1141  -900]
[  977  -648   337   -44   693  1114  1027  -512    90 -1047  -952  1564   300  -104  1077  -954     8   368  1009  -371  -192   844 -1423 -1125  -196  -510  -685  -378  1232   845   -12  1226  -615  -760  -834  -931   556 -1276 -1626   196 -1019 -1098  1254   265  1032   597  -178    15   555 -1145  1622  -775  -498   745   975  -822  1213 -1561   940 -1541 -1081   237  -868  -637 -1148   578  -321  -613  -928   767   275  -690  -797  -108  1096   195 -1654  -786  -323  -586   117  -312  -668  1348   388   517  1505 -1571 -1318 -1249  -107  -685  -502  1289    45  1144  -229  1582  -711  -532  1487   708   905  -764 -1176  1032  -763  1281   914   921   932 -1029 -1332   769  -147  -214   798 -1124   -89 -1327]
[ 1582  1508  -599   891   307 -1377  -737 -1357  1564   668  -735   320   520  -313  1310  -679 -1266   103    49   507   487  1044   556  1443   389  -337    70 -1134   166  1653  1257  -290  -618   723  -311  -717  -169 -1502  -863 -1096  -281   112   746   133  -662   132   595 -1367  -229   502  1080 -1176   896 -1506   -15  1495   289  1024    22  1350   436    -8 -1608 -1644 -1592  -174  -286  -157 -1054  1546  1302  -379   654 -1070 -1082  -179 -1256  -231   565 -1326   894   319  1068  -624  -919   783 -1566  -981 -1420  -751 -1547   -52   741  1277   321   638   936  -746  1494 -1652  1431  1014  1643 -1658 -1432  -267  -990  -450  -996 -1253  -326   586  1574 -1549   -19  1275  1414  -391  1017  -751]
[-1254    96  -601   -60 -1429  1207  1498  -141   301  1444 -1104 -1621 -1222  -373  -916     2 -1208  1563   128  -256  1517 -1011  1586  1601  -703   779 -1438  -758 -1162   578   723  -863    75  -550  -651 -1560   347  1074  -800  1368    72   840   775   555  -992   608  -163 -1431   161   811  -718  -277 -1477  -962   710  -297  1647 -1015  1251 -1358  1026 -1578  1488  1345  -691  -824  -361  -457    82   947  1657  -767 -1006  -901  -995  1462   730   254   653  -268   772  -654  1612  1561 -1648   570    65  1252  1357   773  1219 -1395 -1589   706   521 -1274  -280  -673  -926 -1533  -608   -12  1132   514  1134  1333 -1297 -1379   303 -1212   782   453  -183 -1050   131  -846 -1421  1074  -190 -1014]
[ 1462   -60  -442  1307  1114 -1658   755    -5    83   577  1514   736  1335  1108 -1551   987   596  -662   924   735   515   670 -1404   303   502 -1473   633  1544 -1487   247 -1100  1403   575   300  1072  -325  1420 -1547   657   141  -455  -394 -1067 -1135   -32  1565  1413   792    31   538  -468 -1187   789   238   -41    49  -153  -201  1491   -51  1200  -947   -28  1629 -1014  1354   -11   153  -366  1168  1436  1444 -1263  -710  -650  -313   521   153  -980  -696  1148 -1310  -988  -763  1529  1273  -582  -241   127 -1325 -1329  1229 -1629   159  -216   -39  1557   361 -1271 -1378 -1590   854   854  1281 -1656  -841  1519     5 -1102  -552  1662  1663   661  -687   312 -1391  -822  -216  1252  -101]
[-1624  -828  -249 -1630  -755   992  -557  1356   642 -1539   111  -895   895 -1387 -1158  1436   277  1026   867   996  1416  1448 -1482  -305   777  -873  1197  1470  -887   280  1451 -1250   444  -117  1620 -1292  -287  1126 -1149  1013   515   901  1659  -383  -719   436  1082  -624   753 -1140  -114   -21   605   525  -957   575   716  -920  -365   543   395  -970  -207   774  -353  -926 -1351  -762   805  1435 -1447   -12   510  -547  -170   568  -679   995  1608  -299 -1234  1538  1612  1660   223 -1553  1367  -658  -491  -592  -688   949   623 -1084   412  -609  1578    30   252  1133 -1322 -1251   631 -1246  -310 -1590 -1163  1005   922  1524   754  -290  1394   250   540  -580  -815 -1431   746 -1393]
[  -72 -1578  1589  1304  1471  -406 -1213  -805  -819   887   832  1542  1105   989   191   697   -72  1292 -1453   113  1435    52   529 -1449  1335    36  -246  1251  -976 -1584   -23  1361  1598   166  1152  -446 -1242   949 -1414   127  -892  1501  -537  1086   560   366  1286   407 -1270   -58 -1228  -131 -1019  1011   872  1471  1426  1409   430  1502   642  1043   917  1210  1268  -752   715   866 -1209   965 -1555  -809  1120 -1018 -1306   986  -107 -1530   668  -672  -567  1375  -516  1179   100  -939   198  1561   513   600  1227  1615  -518 -1119  -697   388  1416   547 -1002 -1061   719  -371  -467 -1141   774   154 -1611   251   870 -1101  1332  -567 -1644  -377 -1081  -722 -1567 -1057   193   142]
[ 1451   870  1429  -582   -74 -1283  -286  1251 -1032  1662  -428  -284   434  -256   688  1544  1191  -800   888  -642  1471   -55   314 -1269  -171  1496  -800  -396 -1011  -552 -1260   595  1352  -636 -1637   -53  -299  -927 -1621  -138   315 -1270    57   562   452  1590 -1539  1635   359   620    74  -551   363  -106   397 -1193  -411   842  -962 -1411 -1218  1346  -773  -539  -738  -160  -266   487   964  -386   801  1190  -797  -694  -477    81  1187  -426  -477  1536   564  -516  -729  -467   270 -1279  1432 -1381 -1299  1070  -906   592  1260  -961   641   642  1560 -1539  -564   698  -625   463     3  1186  -320 -1664  1397  1275   770  -681  -917   766   679   674  1472  -348    28  1664  -883  -196]
[-1228 -1184   -59 -1638  1269 -1643  1657 -1324  -186   431 -1485  -631   426   936  -260  1414  1167   481  -389   859 -1247   294  1636 -1238  -117   127  -519  1087  1387   184   -10  1083   828  -404   -88  -648   238 -1633  -615   743 -1079  1070  -593  -498 -1508   946 -1554 -1117 -1476   508  -954   818  -784  1142 -1156  -123  -516  -569   944   331   276 -1182  -280   223   150  -320 -1516   152  1364 -1452  -277  1115 -1080  -757  1372  1390   615   882 -1452   856  -317   941  1568  -349  -916  -176  1359 -1553 -1252   520    54 -1039   485  -804 -1310  -175 -1342   935  1246  -952   -66 -1128  -646  1517  1346  -962   504 -1215  -965 -1056   237  1199   911  1326 -1412   189   238  -885  -633   698]
[ 1007   198  -614   -32  -803  -316  1617   514 -1471   979   506 -1442   792  1062   889 -1267 -1374  1579  -511  -771   817  -787    81  1167   582  1488  -769  1390  1380 -1002    67   276  1239  -147   327  1139  -315 -1043  -754   608  1589  -391 -1635  1070 -1364   653  1467 -1372  -693 -1031  -979 -1018  -227 -1618   148   135   868   413   -93   751  1526   151   405  1402 -1557  -948  -999  -324 -1476  -779  -444  -411   172  -311  -117   117  -179  -667   363  -384  1629   172  1071  1345   949   985   185  1091  -958  1014  -143   526   265   981  -525 -1608   460  -145  1497 -1472  -487   -26  1003  1659 -1096   960 -1590 -1374  -829 -1334   506  1456   921  -683  -915   535   251  -759  -979   -72]
[  505 -1082 -1195  -584  1497 -1608 -1110  1656    22  1109 -1495  -664   568  -764  1407  -657  -893  -197   655   327   262  -778    42 -1091  -533 -1128  -939 -1247   839   957   108 -1039  -696  -305  -592  1637  1253   299   424   -32  -622  1322  -344  1246  1641  -154  -565  1069   140  -747   945  -276  -807 -1335 -1507 -1095  -421  1138   739 -1614   208  -140  -695  1180  -890  1337 -1253 -1062   733 -1621  1600  -753 -1420   -27  -886   571 -1188  -714    59   568 -1566     8  1613   689   984 -1590   150   725  1534   336   758  -236   109 -1582 -1449   853 -1593  1046  -896  1119   343  1177   324  1001   748  -723 -1267 -1325   705  -470  1378  -361    34  -553  1653   257 -1570   133  -588   806]
[-1305   269  1584   -22   135   227 -1144  1386    78  1482    20   757   653   801  -618   286 -1067 -1150   -48 -1163    57 -1136 -1414   228  -638 -1319   969  -463  1047  1221  -132  -659  -264 -1474   991  -946   491 -1377   208   859   -75  -988  -243  1459  -327 -1195 -1431 -1548  -862  -342    33   708 -1428 -1243 -1132 -1187  1202   450  -902  -192  1488  1025 -1357  -721  -388   677   -43    63   995  1482  1218 -1170  -692   774   197  -621 -1526  -222  -567  -804   698 -1245  -517   503  1034   522  1564  -488   393 -1512   105  1350  1542  -471  -688   485   667 -1059 -1146  -419  1539 -1100  -701   687  -370   715  1110   241   145  -142  1232    28    48   431 -1095   907  -555  1422   261   845]
[  719  1117  1289  -982   716   608   255  1181   464  -573 -1155  1291   125   638  1525  1283  -253 -1105 -1651  1035 -1449   -61  -834   167  -670   683  1210    12    58 -1030   761  -849 -1578   460  -296  1319   322  -535  -109   706   463  -584  -722  -607  1120  -587 -1371  -235   896  -915  -259  1529   653   952   345 -1216  1395  -256  -626  1329   416 -1039   971   984   202 -1549   -93 -1292   714   394  1029 -1443 -1034  -864 -1269  1614  -417  1352   456   913 -1395  1537  -466  1516  -637  -235  -542  -764   289  1524   885   -57  -759   722   834   -73  -560  -186 -1457  -971  1274  -582  1473   697  -873 -1194 -1204 -1634  1017  -510    57 -1259  1017   893  -535 -1559 -1019   -24  -764  -662]
[  619   443   650 -1503  1229   190 -1162  1417 -1306 -1339   -51 -1370  -377  1326 -1345  1635   776  -520 -1176  -427  1113    99   344  -241   650   850 -1376  -825   794   375  -656  1587    15   497   411 -1143  -152    72    30   257  -239  1274 -1107    73  1228   -56  -201   735  -514    10 -1387   841  -199   -98 -1024   112 -1570  -919 -1085  1171 -1320   163   166   796  -255   624 -1211  -131 -1342 -1100 -1382  -150  1479  1429   472  1152   912  1194  -659  1390   655   293  -994  -646  -171 -1037  1149  -906   195  -580  -993   969  1164   623   242   848  1458  -698  1222  -572   643   541   132 -1358  -665  -302  1135   940   159     3   692  1518  1649   206  -554  1329   -51  -582   295  -431]
[ -470 -1572   660 -1206  -192  -954  -651   306 -1526  1196 -1295   157  -490   808   747  -815   918  -623  -509  1272    87 -1314 -1279   888  -990  -402   938 -1609 -1375   477  1401   263  -606  -865 -1641  -120  1005   888  1249 -1427  -476  1159  1210  1251   882   951   454  1079  -810   302  1401 -1430  1593  -309  1184 -1168  -397  1343  -721 -1247   905   397  1388 -1565   844   902  -985  1283 -1508  -489  1166     0  1158  1194   509 -1205  -257 -1283   578  -612    86  -685   233  1177 -1619   223   649  1403  1369   813  1631 -1612   396  1055 -1561   667 -1347   746  -746    30 -1093   577  -379 -1479  -863  -218   875  -392  1258   401  1202 -1052   845  -270  1351  -330   547   109  1477  1454]
[   38   777  -129   253 -1537 -1443  -318  1608   506  -415 -1214 -1316 -1154 -1189  -756 -1278   547 -1472   264  1149   579   340  -977  1316  1207  1401  -497   669   331  1180  -216  -971  -366  1064  1376 -1142  -504 -1338  1512 -1444  -220  1568  1511 -1012  1458   825  1229 -1622   846  1352  -700   824  -190  -383  -266  -887  1587    46 -1076   541   123 -1217  1528   230   188  -513 -1312 -1582  -494 -1470 -1120 -1305   742    82  1643 -1562  1368   149  1035   300   246 -1477  1503  1132    56  1112 -1565  -370 -1120   212 -1643  -784 -1037 -1451  1504  1505  -130  -869   926   823  -864   520 -1582 -1384  -877  1320   668   844 -1385  1537    13 -1459  -111   565  1310   383  -507   886  1648 -1395]
[ -537 -1659 -1257  -732 -1291 -1382  1047  -455  -250   482 -1380  1336  -319  1084  1106 -1491  -379  1588  -243 -1174   633   213  -934   -29  -269  -182  1311  1318  -825  1310  -385   619     3   888  1028   340  1386   697  -415 -1034  1269  1248  -269  -485 -1243   309 -1561  -845 -1100 -1152  1430  -486  -384   401   131   339  1072   855  1005    98 -1362 -1518  1203  1013   296   941  -469  1603  1334  1242  -231  -770  -796  1167    68   818 -1157   793   -36 -1221   615  -729  -723  -231   305   183 -1035  -301  1539  -159  -559 -1141  -116   755  -849 -1298 -1250  -676   -50  1390  1033   -11 -1604  -794  -587   650   272  -210   398 -1200 -1285   -76  -544  -725  -371  1359 -1526   731  -228 -1166]
[ 1261  -750 -1000   -55  -739  -176  1258   258  1660  1336  1179 -1013  -888  1309    32   841  -168  1175   498   722  1319 -1418  -220 -1056  1460  -591  1111 -1227  -736   515   305   643  1623  -472 -1052  -469  -448   445  1235   882  1153   257   606   197  -631   592 -1055  -895   792   183 -1331 -1164  1162   262  -285  1389  1519  -866  -519 -1521  1571  -931   173  1564 -1156    51  -987  -117  1539 -1518  1543   670 -1513  1638 -1526   805   165  1645 -1655  -632 -1660  -512   -86  1240  1649  -272  -212  -910  -532   979   932   574   905   555  -405  -966  -786  -978  1318   318    65  -646   656   -64   476 -1168 -1618  -935 -1569 -1383   735  -249 -1120  -964  1254  1042  1464   697  -546  1294]
[-1479  -357  1109   504 -1317 -1615 -1248  -390   567  -979 -1054  -196  -269  -281   -88 -1515 -1258  1663 -1505   271  1250  -587    55  -333  -651  -964  1146   377 -1187    71  1297   897 -1232  -499  -471   508   303 -1292  1202   663  -375   361 -1094  -799 -1439  -716   640   453 -1290  1017  -998  -535   947   706  -279  -290  -202   931   872  -822   534  1305  -901  1076  -419   995 -1035   626   549   983   398  1413 -1147 -1384 -1078  -387  -440  1454  -981  -287  1617 -1056  -351  -234   600  1169   740   -98   212   602   534  -517   218  1317  1453  1046 -1420  -155 -1097  -247  -269 -1522  1224  -373  -941  -126   640  1117  1318  -427  1557   273  -998 -1440  1205   233  1491  -237  -240  -613]
[-1557 -1122  1311   641  -105  -580   646   900  1128 -1488  -829  -894   793  -248   395  -569  1082  1413  -782  1136  1650 -1439   829 -1428  1474 -1262 -1634   850   577 -1440  1660   312  -164   762  -408  1209  1632   928  -928   917  -921 -1018   644   472   106  1283   -39 -1377  -659  1139 -1509  -154  -880  -670 -1016  -109 -1016  -911  -339   666  -611  1439   980   662   998   835   235  1214  1397  -324   902   679 -1190 -1525  1210   561   -27 -1236   546   283   981  -330  1183   752 -1502 -1448  -260  -309 -1440   794  -245  -691  -625  1538  1069   443   369  1035    -3   778   146  -671   899  -655   -19   786  -325  1623   717   452   153  -821   221   913  -528 -1411  1091 -1272   -20  -769]
[ -678  1129 -1349   427 -1598  -485  -513  1046 -1542   228  -558  -530 -1592  -661  1039   156   -95  -764  1357  -188  -322   593 -1319   191   687  1370  -255  -515   964   353  1520   744 -1246   581 -1380   339 -1491   440  -440  -682  1657   519   274  -108  -293   589 -1393  1182 -1504 -1047  1263 -1136   349 -1345   109  -919 -1654  -156  1566   356    78  1371   184   128  -427 -1258  -943   384  -669  -120   164  1344   734   -54  1437  -663   888   621   591 -1481 -1339 -1613   573  -360  1448  -506   576  -530  1257  -682  -393 -1238   970  -859 -1283   187  1420 -1121  -202  -361 -1526  -947   298   179 -1427   502  -759  1190   192  -964 -1298 -1410   352  1472  -989 -1079  -588   279 -1557 -1513]
[  703  1245   165 -1603  1362   224 -1556  -397  1122   651 -1190  1520   776  1368 -1235  -577  1375  -821   275  -418  -400  -441  -197  1287   418 -1116  -320  -571  -742   550 -1458 -1327  -844  1150 -1280 -1492  1445  -922   586  1598   752 -1040  -878   558  1342  -848  -298  -741   969  -308   956  -337  -824   266  -967 -1036   389  1593  1541  -445 -1347   231  -840  1283   106 -1129   796   161  1658   905   -93    32  1040   495  -933 -1599 -1061   297  -974  -161  -930   117  -244  -532  1112  -349  -316   469  -372   880   255   -40 -1612  -841  -716   535  -933 -1317   724 -1095  -777  -219  -872    56   718  1366  1315   -10  1006  -872   526  1640  1504  1063  1662   271  -265   272  1109    74]
[ 1413   449   109  1544  -112    -8 -1469   356   248 -1094   784    19 -1086  -369   612  -682  -645  -692  -439   801   401  1272  -517 -1624    45 -1016 -1361  1418 -1365 -1205  -906  -906  -240    -6  1187  -432  -262 -1360   595   466   314  -435   733  -937  1160 -1277  1218 -1353  1242  -198 -1103   123  -194   809 -1064 -1108   970  1345   586  -455  1412  -289  -718  1331 -1065   838   374   352 -1090  -478  -234  1478 -1078   258   319  -921  -708   133   439 -1380  -549   388    25   935  1316 -1244   247  -812 -1651  -961   660  -789   227  -373   824  -761   364   -38  1229  1301   811 -1015   400  -634   351   -51   751   962   687  -815  1498  1302  1405   923  1145 -1632  -978   770   869  -760]
[ 1488 -1572  -131  1035  1006 -1504   360 -1620  1113   774 -1626  1056  -943  -935   312  -114  -138 -1548 -1314  -666  -178  -949  1065   990   421  1343  -756   760  -763   280   596  -436   426  1397    60   291 -1114  -247  -470   185  1511  1044   472   708  -411   273 -1010 -1031    75  -431  1118   815  -360  -722  -900  -809   987   384 -1548  -790  -511  -323 -1568  1452   223  -941 -1198 -1289   976   572   804   357 -1359   975   392  1294  1056  1656  -959 -1088   141    15  -616   431  -795  -822 -1559 -1043  -759  1177  1510 -1544   290   207 -1468  1308  1541  -385  1601  1520 -1472  -320 -1243  -576   774  -568 -1227 -1143    95  1226 -1643  -802 -1013 -1398  1418    34  1073   637  1210  -736]
[  646 -1559 -1376  -402   538   295 -1008 -1117   182  1390 -1419  1103  -386  -744   256 -1174  -696  1079   118   965   279 -1247   290  -612  1576  -533  -491   397   646 -1309  -470  1142   370 -1019  -927   507 -1599 -1258   788   -71   105   997 -1264 -1281  1270  -805  1478  1638  -750  -794  1256   152  -627 -1329  -909  -695 -1285   330   672 -1431   102   655  1050   639    66 -1460 -1556  1545  -447  1652  1120  1495  1146  -163  1015  1046    24  1639   987  1221 -1631 -1601 -1333   893 -1165  -350  1555   689  1577 -1108  -695 -1637   447  1308  1094  -743   635  -302 -1139   322  1636  1501 -1162 -1576  1647  1385  -786  1191   346   -85 -1458  1076  -885   120  -628  -672  -489  1638 -1197   796]
[  317  -958  -106  -721  -468   302   176    67  1368   -59  1431 -1616   230 -1086   124  -220  -252   358 -1384   525  1330   763 -1110  1308  1006   850  1456   766  -447  -121   808  -323 -1539  -553   761  -870  -824   263   225  -152  1432   498    59   475   133  -636  -439  1549 -1554  -111  -275  -946 -1307  1267  -946   466   894  1285    35  1618  1039 -1536 -1571   113   742  1632 -1398 -1254 -1151  -273 -1614  -953   986  -661 -1033  1507   486 -1036 -1230   287   636  1445  -258  1566  -489  1095   365   526  -858 -1461 -1312   460  -271 -1138   935   -50 -1006   743   895   -82  1573  -485  -210  -370  1361 -1115 -1391   560  -958  -577 -1642  -961  -675 -1629   725  -670  -804  1122   -27  1503]
[ -237 -1344   415  -954 -1195   209  1369  1534  1635  -693   889   702  -805  1532   306 -1386   888   335   137  1631   618  -114  -521 -1572 -1654  1228 -1034  -660    32 -1566  -380  -734   279  1284  -712  1195    64   603  1043  -614  -789  -396 -1349   928  -634   728 -1063  1347   658  1441  1092  -142 -1316  1397 -1627   291 -1323  1484  -446 -1095  -475  -420 -1060  -240  -913    93  1202   157  -460  1601 -1436   896 -1464 -1564  1470  1120   858 -1077 -1516    91   209 -1243   547   955  -773   141  -622   802  -744   703  1125  -716 -1274  1173 -1206 -1598  1342  -800   241  1565  1049   821   638   119  1467 -1087  -125 -1567  1314  -161   875  -790  -253  1355   836   621  -183  1038  1129   746]
[ -808   380 -1459  -796   287  1092   -94   845   -62   163   685  1081  -422  -583 -1459  1086  -975  1662 -1474   205  -345   -72   983 -1018    67  1077  1529 -1310  -787   904  -868   921   155   -92   -29  -324  -267   864  -740 -1461   291   732  -705 -1106   652 -1493   -91  1378 -1129   272  -249    -5   566 -1338  1349  -941 -1414   610  1657  -209   750 -1375  1160  -739   947  -271 -1467  -783  -868  -359 -1502   903   767 -1263  1167  -991 -1464   721  1511  -490 -1151  -993   224   801  -877   753  -588 -1337 -1191  1650  1296  1604   981  1383  -161   497  -548   950   880  -777  1081  -301  1304  -636 -1419 -1060   266  -756  1249  -936  1411   373  1218  1600  -824  1470  1171   -78   662 -1640]
[-1053  1423  1152    60   902 -1488  -571  -151  -810  1008  -406   313   228  1633   162  1003  -793 -1402  -542   -79 -1555  1246    63  -999    24  1299    47  -641 -1566  -112   429   -64  -452   -31    80  -552  1297  1043   919   829   357  -440  -634  -424   335  -668 -1503  -728   131 -1340   389 -1057  -880 -1641   204  -108   978 -1503  1155 -1020  1525   958  1494 -1425  -583 -1573  -989  -510  -924   773  1483  1426   154  1287  -843  1317  -471 -1523  -568   521  -813  -892   225  -829  -102  -587  1470  1004  1360  -273  -994   577 -1618 -1583   591  -235   170  1615 -1030  1213  1146  -766   870 -1258   889  1205    86   382  -772  1528 -1184   390  1016   335 -1360 -1321   579    21 -1512  -254]
[ 1384 -1107   386  1596   -49   617 -1066   261 -1068  -982 -1525  1024  1072   187  1460   815   121  -137    47 -1169   980 -1173 -1173 -1505  -463   299   560   313   350  -837    56   522  -667  -505  -697 -1209  -727  -488 -1525   253  -413  -421  -377  1102  -380  -525   431  -707   164  -737  1582  1541  1012 -1411  -214 -1589 -1618  -851   263 -1340  -385  -333  -148 -1101   744   348   233   397  1001  -793  -993 -1651  -407  1417   741  -984   777  -590 -1448   886   647  1464  -876   458  1366 -1249  1662  1085  -762  1166  1520 -1315  -874   -51    64   732 -1491  1626 -1545   755  1023 -1114    28   994  -584   940   362  -621  -511  1423  -732  1143 -1140   224  1074 -1611  -337 -1188   343 -1218]
[ -463  -860  -880  1156   855  1372   479   241  1042  1342 -1153   230   306   159  -370 -1065   399  -607    39  -293 -1544  -984  1315   200   920 -1545   715  -946 -1511  -538   633  1616   719   -86 -1017   810  1078  -720  1530  1284   246 -1546   652   499 -1425  1329   548  -593   537  1613  1174   766  1099 -1322   362  1501 -1024  -198   385  1637  -530  -767   436  -303 -1433  1435   517   532  1631   368 -1394   884 -1011   247 -1024 -1209  1422 -1579 -1213  -918   177  1548   753 -1033 -1390  -273    63   104  1418 -1567   161   509  1427  -424  -407  1308 -1593  -132  -879    46  -360  -850     2   646  -368  -201 -1278   116   640   356   508   984   116  -980 -1293   783 -1544  1091  1477   878]
[-1062  1565  -280  -853 -1006  1263  -195  1284   648   503 -1595 -1013  -620  1611 -1417  1574   290  -110   306 -1105   -74  1335  -900 -1121   802  -343   851  1292  -484   523  -259   734  1243   149   584  1181  -381  1051 -1059 -1219   302 -1357  -693   408  -301   462  -790  1317  1036  -784  -954 -1247  -277  1313  1164 -1382  -715  1317 -1460   622   570 -1052 -1444   970    68 -1070  -622 -1544 -1208 -1269   115   695   786    74  -510   833   136   -74   482  1328   948  -416  -298  -826  1169  1130  -695    -4   -47  1253  1650 -1418 -1238  1126  1210 -1040  -569   931  -432  -126   124  1108  1007   646 -1169   163  1629   618    60     4  1067  -765   427  -999   664  -272 -1631  -565   222 -1390]
[-1489 -1147  -545  -378   338 -1542 -1613   324   936  -650 -1455   792  1018 -1537 -1325   700   -89  1015  -614  1542   982  -833 -1131   952   550  1073 -1024     4   -81 -1545   453   366   825   704 -1326  -844  -853  -737   597  1605 -1579  -828  1027 -1388  1657  -341   263   248   306   625    25  -607  -203  -502  -593  -199 -1447    17 -1111   342 -1202   -21   -58 -1393   197   223   927 -1033 -1506    75 -1301 -1656  1608   836   -14 -1188    99 -1316  1391   767 -1377 -1156 -1538   499 -1338  -208   399  -914 -1612 -1558  1377  1129  1419   274  -101   163  -428 -1420 -1124 -1653  1000  -135 -1239  1219  -222   542  -153 -1113  -139 -1472  1186   -75  -644  -906  1029  1000  1100   364  -902 -1627]
[  283  -416    16  1173   998  -139   217    65   529  -505   947  -669 -1265  -520 -1397  -446   158    -2  1664 -1193  -234  1375 -1053  -999 -1134  1498 -1273 -1092  -754  1200   252  1532  -931  -424   370  -200    97  -864 -1664  -861  -799   -81   437  1172  -134 -1557  1526  1142   682   514  -440  -152  -213  -787 -1221  1107  -604   535   703  1397  1365  -753  1221   457  -282  -187  1658 -1380  -834  -709  1085 -1074 -1078 -1573  -213 -1241  1512   863  -732  -684   817  -860  -832 -1273  1495  -915    25  -502  -207    78  -480   456   445  -350  1539  1568   406  -105   611   921   144 -1500   974  -956   874  1317  1327  -882  -145  -212 -1373  1426   457  1389  -111  -113  -532 -1015  -525  1542]
[  680  -240 -1160  -671 -1326  -152  1286  -262  -698   585  -661   255  1599  1178 -1051  -779  -383   734  1338  -410 -1596 -1575   708   361 -1614  1111 -1029   821   468  1429  -234   264   893   660  -272  -449   -10  1226    40 -1289  -124 -1503  -165    88   695     7  -237 -1273    13  1342   563 -1577  -395   727  -994   -40   452  -336  -671   466  -301    91   282  1533  1658   467   353  -999   999  1590   801  1601 -1115  -514    70   640  1651 -1533   -37  -699 -1447 -1265   134   322   739  -646 -1003  -880  -851   398  1566   877   630  1340 -1449   483  -368  1005   573  1491 -1086  1455   -33 -1085 -1022  -696    18 -1643  1156  -804 -1394 -1446  -160   952 -1310  -646  -899   458  1431  -551]
[-1499 -1068  -292   763  1132  -346 -1434 -1090  -437 -1165  1237   142   727   760 -1365   112  -771   754  -941  -630 -1293  -306 -1105  -970 -1301 -1511  -725  -387  1369  -693   -87  1228   526  -568  1448  -549   964  1561   872  -491   946  -288 -1251   369   213  1080 -1294   211  -616  1114  1472  1527    37   798  1640  -619  1587 -1195   739  1353  -193   511  1430  1339  1427 -1353   598  -289  1246   568   133  1214 -1366  1303 -1221   116  -154  1568 -1257  1085  -617  -175   169  1243  1025    41  -377 -1524  -147   191 -1003  1348   874  -842   925  1190  -419   264 -1092  -701   780  1558   -15 -1282   523  -235  1111  -299   293  -419  1103  -362  1294   246 -1056   -97   171  -535   641  -593]
[ -174   114 -1362 -1386  1207  1260   447 -1590  -295   428  -281   329   570  -347 -1456  1174 -1372  1202  1215   203 -1585 -1521    98   437   863  -392   288   799  -479  1653 -1093 -1483  -497   274  1348  -964  -568  1416   854  1622   972   -47 -1228   612  1401   -71  1123  -287   659  1633  -531  1458   -73  1109 -1497 -1325  -694  1564  1562   -57   372  -401  1041  1383  1231 -1475  1556   159 -1653   455   933  1045  -767 -1370  1501  -753 -1442 -1655 -1269    59  -649   447  -439   544  -862 -1214  1492 -1012 -1367  -456  -300   396  -226  1557   -62  1404   499    12  1122   -81   595  1473 -1274   -29  -570  1160  1457  -669  -660 -1481 -1601 -1297  1303 -1119   160 -1636  -788  1009   425  -635]
[  614  -196   718  -248 -1255   485  -983 -1197   933  1650  -342  -342 -1130   646   318   883 -1250   920   857  -323 -1647 -1179  1066  1404 -1086  -992   474  -353  1664  -541 -1510   262  -985  -886   467  1260  -271  1188  -311  -440   692 -1240    95  -177  -108  -500   848  1620  -815   510 -1177   714   357  1298  1540  -796  1312 -1175   544  -681   815  -637 -1057 -1503  -103  -196  1175   949  -228   815  1520   935  -251   -59  -756   219  -350   292  -854   232   627  1050  1293   489  1346   -86   890   505   676  1189   320  1562   735  -456   660  -246   352  -224   625 -1623   370 -1294   231 -1396 -1317 -1621   774 -1328  -447  1336  1662   -83   742  1355  -982   237 -1365 -1255  -657  1656]
[-1463   736   990   179  1327 -1576  -427  -835   403  1327  1323   422   754  -417   446   566  1025  1298 -1275  -614 -1218  -264 -1020   255   831 -1108 -1616  1251  -555   282  -163  1664   891 -1399 -1568  1395   367  -324  1108   498 -1407  1632  1003 -1353   859 -1055  1122   153  1430  1278   652  -532 -1252   393  1178  1158 -1581   257  -260   564   194   292 -1543  1408  -181    34  1053  -674  -301 -1532 -1539  -935   348  1128   139  -428   594 -1462  1258 -1151   622   297 -1018  1539  -347   741  -668   516  1045   190  -434 -1613 -1370   814   888  -344   628  -777 -1433  1589 -1052 -1627  -161   344  -169 -1558  -799 -1486   640   976 -1014  1297 -1257  1042   754  1389 -1244  1103  1519  1511]
[ -464   508   244   167  -419   659   446  1181  -493  -973    90  1341  -641  -751  -364  -479   425   915   -27  1302   353  1315 -1328   432   367  -579  -235  -835   178   241 -1269  1427   331  1514   863 -1337  -903  -675  1165   257 -1571 -1250   805    -5  1637  -830  1177  -223  -819  -334  1572  -366  1125    90  -875  -219   520  -913  -182   993  1167  -437  1546  -869  -191  -950  1504  1384  -214  1331  -102   763  -679  -783  -525   539 -1074    46  -879  -549   607   655   810  -401   167   389    36  1384   363   -80  -571  1628   317 -1214 -1156  1588   349   819  -879  1089   907   670   163   765  1219  -250 -1032  -406  -406  1628  -107 -1654   513   859  -196 -1627 -1521   788  -700   287]
[ -549 -1147  -667 -1427   365  -416  1220   291    93  -339 -1491 -1396   754  1435   674  -674  1163   105  1284  1579 -1521    25   225  -344 -1051  -446 -1414    78  1215 -1087  -416  -466  1358 -1529   877   819   649 -1156   843  1236   342   428   643   388  1369  -611   938  -843  -759  -985  -261   -85 -1635  -563   976  1281  1492  -160  -730   416  -315  -788  1620 -1073  -924  -798   435 -1153  -857  -846 -1429 -1218  1126   759   631    64   418   390 -1471  1572   137    86 -1082 -1101   733  -982  -500   293  -262  -657   143   583  -857   358  -261  -327   -12 -1378  -338  1571  1657   175  -158  -494 -1463  1308 -1353 -1261 -1535 -1358  -580 -1219   390   840 -1028   690   771     8  1538  -976]
[ -259 -1230  1312   891  -565   348   617   507  -459   188   604   949  1595  1129 -1363  -603   368   602   279   729  -467  1352  1475 -1335 -1228   900 -1226 -1639  -248  -743   296 -1507  1539   394   159 -1149 -1516   854  1415    16   275   203  -376    68 -1415 -1322   812  -745   -10  -724  1178  1162  1300  -631 -1402  -427   280   254   585   234   247   159 -1237  1614   452   822  1302   211  1013  -816  -759 -1026 -1602   761   578   444  -315  1348   169   338   971  -322  -410  -180   845  -544  -278   639  -466   604 -1594   974   297 -1652 -1172 -1097   790  1562  -620   606  -552  -225 -1227   157  -447  1352  1554  -859 -1447  1626 -1159  -663  1064  -291  -344    60   506   531  -870 -1152]
[  870 -1465  -613   548 -1425   468  -404  -715   928 -1553  -121  -268   489   -95  -678  1135  1429 -1109    98   109  -821 -1592  1259 -1140  -809  1358   508  -496  -470  1546  -231  -662   970  1208  1033  -717   770  -630   607   -26  1117   488  -951  -864   671 -1242 -1498   496   811  -646  1064  1054 -1065   456   404   596   636 -1033   -34   373  1110  -961 -1427   682   248 -1587   461  -410  -127 -1113  -898  1014  -314   386   652  -238   920   951 -1141  -477   698   909  1244  1602  -263   164   165  -655  1412   396   338   954   950 -1126  -644 -1293 -1643  1279  -758    51   845 -1153   208  -515   172    87 -1509  1605   740  1623 -1583  -219   459  -624  -996  1195  1595  -279  1055  -476]
[ 1167   497   745  1285  -911   226  -254  1047   881   590  -482  -128  1319  -165 -1656   494   926   264  -240 -1061   619 -1328  -824   237  -170  -353 -1207   346  -994  -209   483   -11  -393   514  -494   606 -1493  1426  1117   123  -327  -181  -194   221   213 -1486  -703  1063  -808  -821  1225  -997 -1533  -313  -531   136   293   555  1485  1369  1507   549 -1525   678 -1489   634  1259 -1636  -615 -1219   847    87 -1525  1219  1287  1103   188 -1305  -140   294   571  1305   115  1647 -1253  1570  -601   275  1015   194  1303  -743 -1524   633  1596   -81   537 -1214  1118  -225 -1462 -1204   538  -287  1222  -291  1218 -1294 -1023  -906    62 -1442 -1232 -1209   126  1210  -122  1195  -843   -11]
[  434   636  -465   623  -645  -614   178  -367 -1565   991 -1650  1071 -1095  1611   235   491 -1023  1651   850  1250  -435 -1216   243  1328 -1351 -1320    78   962 -1507    92  -717  1430   266  -286  -115 -1641   349  1329 -1612  -159  -480   605  -440   -35 -1131  1062    47   746  -519    10   882 -1363  -230  1330  -783   827  -222  1102   785  1017   307 -1529 -1365  -378  1583  -566 -1070  -789  -501   318   877  -651    35  1439  1259   412  -369  1592  -694  1484  1216  1017  1647   542   361  -849   -76 -1143  -950  1323   336   445  1180  -594 -1173  -146   351  -404   709   806  -479 -1333 -1631   946  -540   -21   201   932 -1037   301   602   295  -579  -607  1232   317  1437  -934  1319   514]
[-1149  -499   131 -1610 -1231  1550 -1017 -1663  -967  1081  -755  1193  1471 -1074 -1478   952   699  -794  1210   425   519 -1184 -1460  1623 -1613 -1221 -1166  1237 -1276  1306 -1605 -1224  -244   129  1013   700  -977   874   -53  1261  -688  -901 -1049   248  1228 -1529  1297 -1192   320   -93 -1243  1644 -1407 -1050 -1575 -1185 -1445   231  -116  -281  -651 -1060   373  1507    17   458  1416  1141  1430 -1230    73    14  1207  -724 -1563  -952   246 -1498  1102   498 -1471   970   265   589   786   496 -1480     9 -1330  -550  1354 -1458    55 -1388  -897 -1466   872  -785  -666  1252 -1188 -1014  1499  -631   565 -1338  -128    61 -1610   266  1495   118  -342  -184  1389 -1346  1425   872 -1244    24]
[  476   349   703 -1374  -831   806   -74  -471   865 -1032  -731  -685    77  -891  -664  1453   600  1190   337 -1044   678   113 -1605  -347 -1205 -1098  -417    76  1183   449   802   970  -770   749   299 -1638 -1573  1120  -222   180   492    19  1398  -378   208  1645   869  1266  1300 -1443   529   639 -1510  -878  1624 -1585   -71   108 -1284   443   642   258  1586  -475 -1433   700  1082  -912   168  -844  -799  1569  1192   -48  1411   892   950  -781  1561  1657  -943   718 -1596 -1486   538 -1181 -1370   972 -1143  -712  -866  -879 -1043 -1032  1535  -567     4   823  1297  -491   292 -1362   291   663  -164  1018  1147  -343   752  -205   260   390  1288  -433   527  1361 -1432  -977  -626  1653]
[-1554  1162  -269  -333 -1310  1271  1491 -1415  -893 -1304  1172  -575   561  -433  1274   196   240 -1201 -1589 -1282 -1247  -339  1162 -1386 -1102  1023 -1314   163   656  -270  1652 -1056  -215  1286 -1088 -1029   485   929  1599  -323   940  1596   192  -137  1285  -803  -482   121  -357   146   595   429 -1227  -440  -402   -13   254 -1440   971   -56  1129  -192  1043  -358  -792 -1152 -1498  1105  -689 -1119   549 -1416   437  1352  -508  1519 -1291 -1356 -1102  -479  1428 -1186  1084  -522  1649 -1286  -522 -1614  -659   771  -147   -34  1121 -1137   925  1020 -1278  -871 -1542 -1330 -1004  1494  -997  -683   371   256  1114   -15  -228  -719   194  -353  1367  1160     3   128  -879  -855  -770  -505]
[ -329 -1145 -1003  -312 -1168   666 -1467   955  -950  1269   136  -378  -261   638   -85  -290   283   136 -1560 -1045  -304  -168  1529  1066   -74  1045   147  -168 -1307 -1031  1230   151  -938  1229   174  1010   -49  -853   652  1559  1317  1478  1272 -1105   707  1090 -1157   521  -237 -1334 -1164   155    75  -410   -93  -964   232   791 -1634  -813 -1250   -36  1658 -1452  1256  -324  -752 -1540  -297   918 -1331  1175  1026   215    13  1052 -1618 -1544 -1132  1188  -303   588   845 -1241   670    57   180 -1019 -1012 -1489  1083  1453   466 -1211 -1154 -1227  1086  -589  1409  -912   152 -1447  -359    30   -29  1452 -1180 -1610 -1063  -454 -1157   284  -460 -1152   203   482    43  1542   643  -576]
[-1549  -578 -1047 -1079  1076 -1177  1445  -350   286  -319 -1288  1341  1212  -814   316   236  -696  1548  1664  1192 -1658   190  -639   137   185  -748  1594  -200 -1326  -265 -1294  1110  1113 -1529   826  1211   693  1654  -731   -54   545   968  -488   111  1213  1465   285  -336   916    78 -1355   672  -204 -1443   429  1133 -1343  1487   763  -401 -1491  -747   187  -881    51 -1296  1661  1007  -711   787   727  -160  1417  -676   771   840 -1076 -1071  1650  -526   373   747  -447 -1061  1298  -199  -144   353   131  1195   664  1567   839   505  1371 -1652  -234  -446 -1390  -131   697 -1481  -767 -1086  -519  -308   846  -624 -1036  1343  -858  1403   881  -274 -1480   943   538   803  -719   738]
[ -478  -115  -125   429  -535 -1560  1360  1648  1087   173   182 -1526  -808   609  -637 -1264   862 -1188  1553 -1585   904 -1603    61  -184   870 -1026 -1594  1621  1050 -1175  -243  1657  -850  -659   501 -1581  -684  -262  1654  -803   759  -147   702   567  -359  -930   268   844   476  -657 -1135  1128   842   107  -244  -667  -623  1433   705   134  1306  -927  1368 -1055 -1231  -375 -1474  -518 -1549  -483  -480 -1357  1547  1087 -1209   765  1580     8   773 -1496 -1658  -365  -145  -405  -256   630 -1346  1658 -1282 -1083    14  -913  -494 -1545 -1187  -775  1529  -111  1527  1496 -1480  1239 -1063 -1120 -1275 -1026   775   700 -1203   799  -222   650  -419 -1413   -84  -261  1229 -1094   180 -1014]
[ -454  1490  -342  -430  1078  1328  -809  1522 -1290  -505  1315  1460  -415   276 -1001  -363   712 -1250 -1618  -176   713    45   582 -1591 -1320   -55   151 -1473   928  -587   261  -539  -901  -768 -1174  -125   157   606   542 -1098 -1123  -427  -523  -868   644  -685   -19   851  1295 -1125  -828   269   287 -1123  1516  1104    78   -60 -1104 -1612  -590  -472 -1552  -993  -219  -592  -952  1476   726  -363  -980 -1437  1621   773  -812   227 -1602  1512 -1059  -407  1450    86   936  -233  -687  -524   225 -1118  1022  -481   584  1307  -139  1130   845   529  -867 -1180  1149   560  -939  1271   763   471 -1188   766  -777 -1207  -962  -663  1492 -1068  -855  1374  -390  -842  -127  1523   615 -1267]
[ 1164  -955  1339   399   677  -862 -1109  -486   538   808   152   993 -1588  1277  1469   649   118  1616  1280  -698   169  -842  -535  -310  1359  -607  1651 -1463  -880    58 -1045  -819  -554 -1426   202  1096  1575  1571   144  -143   707  -538 -1325   620 -1468  1209  1029  -663   -19 -1218  1616   918 -1180  1465  -254  1489   -13  1151  -540 -1599  1662   542  1060   390   401   -49  -361   107 -1042  -934   273  1329  1580  1502 -1462 -1022  -252   208  1184  -426  -746   564  -179   406   579  -766    83 -1247   393  1217  1065 -1017  -995  1151    49 -1239  1313  1530 -1542  -647  1581  -944   991  -587 -1418 -1510  1631 -1546  -864  1657   303  1044  1506   446  1457  1601   960   175 -1460  1202]
[-1260   373  1648   136  -458  1643 -1294    56  -647   539 -1538  -426   743  -440   341  1576  -948  1049  -422  -764 -1158  -561  -608  1310  1004  1281   851   817   766 -1372  1071   -71  1190  1396  -916 -1324 -1659 -1084  1245  -377   933  1547  1425   297 -1476   120 -1017   166   539  -440 -1152 -1421  1400  1257   -16   338   361   291   790  -960 -1173 -1616  1498  -391   819   534 -1468 -1609  -601 -1614   127  -731  -563  1264   176 -1161  1380  1562  -889 -1459  1298  1392 -1604   333   286  1299   220 -1542   302   404  -329   581   481  -995 -1486   464  -731  -849  -590   865   182    80  1459  1005  -635  -745 -1030  1543  -186  -953  -491  1286   935  1164  -215  -264  -631  1352   980 -1377]
[-1613  -319  1537 -1277  -342   411   -12  1156  -529 -1393   550 -1237     2  1461   199  1468   499  1060  -715  -288 -1242 -1315  -315  -513 -1110 -1608 -1368    66  1423  1018  -700   852  1124    54  1482 -1118  1370  1248 -1266  1614  1638  -947 -1195   294 -1518  -331   -19 -1064 -1156  -205  1253  -382 -1012 -1196  1144  -662   221  1446  1515  1215  -856   121  1057  -471   869    80   752   917   -42  -421  -213   614   882  -785  -720  -993 -1651 -1118 -1564  1627   842  -430 -1190   378   651  -876   172   185  -243   -59  1611 -1646   825  1070   646  1021  -291 -1116   773  1418  1291   527 -1301 -1414  -207   196   512  1060   971 -1324   632   825  -232  1403  1290 -1617  -633  -730   244  1403]
[  792   805   646  -528  -147   206   414   666   459   674  -148   455  -893   558   -35   899   724   921  1316   289  -271  -964   -65 -1355  -581  -376   919    76 -1247  -609  -976  1181  -202  -865   670  1492 -1313 -1347   756 -1031   172  -229  -744 -1439   304  1506  -610  1067   553  1631 -1363   985  1632  -643  -187   171   351  1050   907 -1153  -792  1212   823     3  -156 -1655  1409  1128  -446   -40   123 -1275   216  1549 -1363 -1282  -875   204  -956  1655  -709  1420    69 -1038  1041    46  -585   252   752   765  -563   197 -1305   850   722 -1000  1425  -268  1280  -521   257 -1458 -1182 -1099  -358  1325  1229     8 -1034   137 -1502 -1593 -1064  1119 -1062  -628  1349 -1331  -814  -640]
[  834  -446 -1432 -1386   241  -523   435 -1397 -1280   778  1193  -685 -1609   629  -787  -995  1232 -1291  1628 -1392  -641   952   963 -1022  -901 -1321   631 -1652    -5  -193 -1660   442   477  -524  1138   560 -1546  1599 -1374   309   511  -531  1247   -52   155   359  1439   -26 -1211 -1469   201   836    23  1135   777  -550   802 -1553 -1447  1345   -86 -1127 -1524   111  -326 -1325  -849  1287  -599  1214   549  1320   545  -448 -1374  -781  -933   882   194   -49 -1182  -796   124  1067   329  -456   939   653  1591  -263  -687 -1053  -718  1571  -599  1475 -1567  -277  1375  -565  -479   817 -1534  1267  1116  1536  -209  -785   411   484  -823  1170 -1037 -1468   864 -1022   300   576  -281  -769]
[   77  -815   -50 -1025   698 -1524  1017  -445  1506 -1035 -1368   772 -1502   560  1115     5   194   413   835   209   611  1288  1507   376   255   687 -1046  1570   593   317  1605   692 -1415   856  1550   452    69   709  -854 -1275  1226    70  1247  -975  1573 -1189   301 -1530   351   313   979  1222  -883  1259 -1484   239  1541  -110   469 -1288   869   876     8  -689  -778 -1018 -1128 -1308  1141  1531  1285   847  1591   905   610  -616  -301  -216   529  -518  -135   -61   784  -265   195   -37  1351  -660  1590   521  -654 -1291   255   482   272  -411   596  1343   898  -662   963  -299  1568    38  -179   236  1570  -750  1529    96   -23 -1434 -1549 -1176  -482 -1014  1439   158 -1018   652]
[  455  1563  -720   942 -1367   818   300  -181   665   637  1523 -1386  -420   715  -497   466   582 -1460   -70 -1310 -1258 -1306  1346   844   149  1230  1462    62   633  1417   254  -769  -411  1283  1503  -742   582  1084   996   777  -193 -1233 -1044  -106  -911  1049   126  -531  -768  1046   185  1287  -392 -1071  1119  -447 -1035   596  1329   338  -990  1389   707  1529  1369  1535   392   537  -591  -405  1445 -1526  -516  1073  1263  1619   196  1646 -1077 -1507  -977  -777  1360  -494    20  1588 -1538  -161   567   807   231  -107 -1407    83   383  -935   296   114   716   671  1203 -1556  -307   795 -1354  -128 -1063  -319  -943 -1339 -1295  1178 -1448  -988   613  1004  -234   108  -337 -1654]
[-1542   451  -776   929 -1119   897  1220  1492   491  -377  -196   302 -1525  1537   153  -870 -1179  -159  1221  1239   731  -440   800  1310   465   -51  -579  1563  1319  -154 -1353  -818  -544 -1032 -1598   639  1189  1546   292  -733 -1070  -171   193  -402   980 -1482 -1112   984  -890   625   655  -906  1505 -1032 -1330     7  -341  1459  -479  -314 -1481  -853  1057   355   153   737 -1628   446  -845  -378 -1229  1519   676 -1368   958  -651 -1499   770 -1346  -800  -804   934 -1316   817  -469    45  1351   -82  1154   962  -682  -260 -1615  1330 -1181  -754   227  -883  -849   740   585   150  -626   912 -1077    90   240 -1190   660   598 -1643  1536 -1640  1263  -332   112  -870  -553 -1424 -1545]
v:  [ -544    94  -265   682 -1036   269  -344  1514  1463   314   825   -30  -591  1344  1596   327 -1150 -1215  1602   177   513   812  1543  1329    37  1146 -1140  -570   738   821 -1527  -275 -1179   985    18  1126  -201  -514   813  1563 -1470 -1164  -941   108  -655 -1022 -1224   908   427   842   284  -194 -1524 -1058  1056  -726   756  -437  -421 -1229  -963   390 -1628   658  -217   168   845   593   520  -834 -1556  -293 -1123  -410  1006  -498  1425    80   421   666   356  -656  1145 -1586 -1643  -292   836  -888 -1297 -1123   662  -535  1426   394  1368  -437   882  1124   735   623   698  -556   499  -937  -856  -302  1534  -609   273  -797 -1176  1211  1156   199  -975  -127   834   614  -934  -397   427  1095  1422  -107  1515  1028  1490  1592  1454   308  -340   570   597  -658  -959  1351   607  1251   245  -340   957   511   717  1158 -1301 -1136  1555   794   793   554 -1645  -507  -363 -1524    69  1130  -873  1018   463  1504  1390   768 -1502  1279  -924   696  1446 -1049  1644    40 -1590  -672  -416   386  1002 -1063  -586  1485   126  -102  -991   -65 -1609  -396  -904  1056   158  1060 -1478  -335  -545 -1477    61   -24 -1151  1324  -960 -1055  -532  1425 -1048  -196  -485  1263  -150   501   938  -555    26   610 -1003 -1474 -1049   148   873  -585   306  -168  1021  1638   345   -53  1100  1621  1169  -590  -673  1268 -1488 -1069  1511  -345 -1201   228  1597  -283 -1544  1626  -588    -5]
[ 0 -1  0 -1  0 -2  1  0  0  1  0 -1  2 -1  2  2  0  2  0  0 -1  1  1  1 -2  0 -2  0  1  0  0  1 -2 -2  2  1  2 -2  2  1  1  0 -3  0  0 -1 -1  0  2  1  0  0 -1  0  0  0 -1  2  0  2  0 -1  2  0  1  0 -2  0  2  2 -2  0 -2  0  0 -1  2 -2 -1  1  1  2 -2  0 -1  0  0  2  3 -2 -1  0  1  3  0 -1 -1 -1  1  0  2 -2  1 -2 -1  0  1 -1  2  1 -2 -3 -2  1 -2  1 -1  1 -1 -1]
[1;37m integrate approx hint [0m [0m (conditionning) [0m [3;31m 	 Unworthy hint, Forced it. [0m
[1;37m integrate approx hint [0m [0m (conditionning) [0m [3;31m 	 Unworthy hint, Forced it. [0m
[1;37m integrate approx hint [0m [0m (conditionning) [0m [3;31m 	 Unworthy hint, Forced it. [0m
[1;37m integrate approx hint [0m [0m (conditionning) [0m [3;31m 	 Unworthy hint, Forced it. [0m
[1;37m integrate approx hint [0m [0m (conditionning) [0m [3;31m 	 Unworthy hint, Forced it. [0m
[1;37m integrate approx hint [0m [0m (conditionning) [0m [3;31m 	 Unworthy hint, Forced it. [0m
[1;37m integrate approx hint [0m [0m (conditionning) [0m [3;31m 	 Unworthy hint, Forced it. [0m
[1;37m integrate approx hint [0m [0m (conditionning) [0m [3;31m 	 Unworthy hint, Forced it. [0m
[1;37m integrate approx hint [0m [0m (conditionning) [0m [3;31m 	 Unworthy hint, Forced it. [0m
[1;37m integrate approx hint [0m [0m (conditionning) [0m [3;31m 	 Unworthy hint, Forced it. [0m
[1;37m integrate approx hint [0m [0m (conditionning) [0m [3;31m 	 Unworthy hint, Forced it. [0m
[1;37m integrate approx hint [0m [0m (conditionning) [0m [3;31m 	 Unworthy hint, Forced it. [0m
[1;37m integrate approx hint [0m [0m (conditionning) [0m [3;31m 	 Unworthy hint, Forced it. [0m
[1;37m integrate approx hint [0m [0m (conditionning) [0m [3;31m 	 Unworthy hint, Forced it. [0m
[1;37m integrate approx hint [0m [0m (conditionning) [0m [3;31m 	 Unworthy hint, Forced it. [0m
[1;37m integrate approx hint [0m [0m (conditionning) [0m [3;31m 	 Unworthy hint, Forced it. [0m
[1;37m integrate approx hint [0m [0m (conditionning) [0m [3;31m 	 Unworthy hint, Forced it. [0m
[1;37m integrate approx hint [0m [0m (conditionning) [0m [3;31m 	 Unworthy hint, Forced it. [0m
[1;37m integrate approx hint [0m [0m (conditionning) [0m [3;31m 	 Unworthy hint, Forced it. [0m
[1;37m integrate approx hint [0m [0m (conditionning) [0m [3;31m 	 Unworthy hint, Forced it. [0m
[1;37m integrate approx hint [0m [0m (conditionning) [0m [3;31m 	 Unworthy hint, Forced it. [0m
[1;37m integrate approx hint [0m [0m (conditionning) [0m [3;31m 	 Unworthy hint, Forced it. [0m
[1;37m integrate approx hint [0m [0m (conditionning) [0m [3;31m 	 Unworthy hint, Forced it. [0m
[1;37m integrate approx hint [0m [0m (conditionning) [0m 