[-1 -1  0 -1  1  0  1  1  1  0  1  1 -2  0  2 -3  1 -1 -2  1 -1  0  3 -1  0  0  0 -2  2 -1  2  1  1 -1  0  3  0  1  1  2 -3 -1  1  0  0  0  1  0  0  0  2 -1  1  1 -1  0  0  0  0  1  0  0  0  1  1  1 -1  1  1  0  1  1  1  0  0 -1  0 -1 -1  0  2  0 -1 -1  1  1 -1 -3  0  0  0  0 -1 -2 -2  1 -2  0 -1  1 -1  0  0 -3  0  0  2  0 -1  1 -2  1  1  1  0  0  2  0  0 -2  1 -1  1 -1 -1  0 -3 -1]
[1;37m integrate approx hint [0m [0m (conditionning) [0m [ 0  0 -2 -1  1  2 -1  1 -1  3  1 -2  1  1  1  3  0  1  2  1  0  1  0  0  0  2  0  0  1 -3  1 -2  1  1  1  0 -1  0  0  0 -2  0  0  1 -1  2  1  2  0  0 -1  0  3 -1 -2  0 -1  0  4  0  1  3 -2  1  0 -2  1  1  0  1 -1  2 -1  0  0  3  0  0  0 -1  1  1  0 -1  0  0  0  1 -1  0  0  2 -2 -2  0  2 -2  2  0  0  2 -1  1 -1  4  0  1  2  0 -1  1  0  0  2  0  1  1  1 -1  2 -1  0  0 -2 -2 -2 -2  0]
[1;37m integrate approx hint [0m [0m (conditionning) [0m [ 0  0 -3 -2  0  0  1 -1  0 -1 -1 -1  1  0  0  1  2  1 -1 -1 -1  1  0  2  2  0 -1  3 -3  2 -1 -1 -1 -1  2  1  1 -2  0  1  2 -1 -1  1 -1  0 -1  1 -1 -1  1 -1 -2 -2 -1 -2 -1 -2  0  1  0  3 -1  0  2  0 -1 -2  0  1  1  1  0  1 -1  0  0 -1  0  0  0  1 -1 -3 -2  1  0  1  0 -1 -2  0  0  2  0  2  0  3  1 -3 -2 -1 -1  0  1  1  1 -1  1 -2  0 -1  1  0  0  1  1  0  1  0 -1 -1  2  1  1 -1 -1  2]
[1;37m integrate approx hint [0m [0m (conditionning) [0m [ 2  3  1  0 -1  0  3 -2  0  1  0  0  1 -2  0  0  0  0  1  0  0 -1 -1 -1 -1 -1  1  0  0  1 -1 -2  0  0 -3  0 -2  1  2  0  1  2  0 -1  1  0 -2  0 -1 -2  0  2  0  1 -2 -4 -2  1 -1  0  0  1  0  0  1  0  0 -2  1  2  0  1  1 -1  0  0  1  1  0  2 -1 -2  0  0 -1  0  1 -2  1  0  0  0 -1  1  0 -1  0 -2 -1  1  0 -3 -1  0  0 -1 -2 -1  0  2  0  1  1 -4  1 -1  0  0  1  0  1 -1 -1  0 -1  0  0  0]
[1;37m integrate approx hint [0m [0m (conditionning) [0m [ 0  1  0  0  1 -1 -1  1 -2 -1 -3  0  1  0 -1 -2  0  0 -1 -1  0  1  1  0 -1  0  1 -1  0  0 -1  0  1 -1  1  1  1  0 -2  0  1 -1  1 -1 -1  0 -1  0 -1  0  1  0  1  0 -1  1 -2  1 -3  2  2  0  2 -1  0  2 -2  1  1 -1  0  0  1  2  1  2  1  1 -1  0 -2 -1  1  0  0  1 -2  0  1  0  1 -1 -2  0 -2 -3 -3  0  0  0  2  2  3  0 -1  1  1  1  0  0  2  1  0  0  1 -1 -1  0 -3  1  0  1 -1  1  0  2  3 -1]
[1;37m integrate approx hint [0m [0m (conditionning) [0m [-2 -1 -1  0  0 -1  1  1  0  1  1 -1  2 -1  0  0 -1  1  0 -1  1  0  0  0  0 -1  0  1  1  0  1  1  0  2  0  0 -1  0  1  1  1  3 -1  0 -2 -1  0  0  0  1 -2  1  1 -2 -2  0 -1  0  0  1 -1  1  0  0  2 -1 -4  0  1  2 -1  1  1  0  2  0  1  1  0 -2  1 -2 -1  1  0  0  2  1  0  0  0 -2 -2  0  0 -1 -1 -1 -2 -2 -1 -2  0 -1  0  0  0  0  0 -1  2  0  2  1  0  0  1 -1  1 -1 -2  1  1  1 -2  0  0  0]
[1;37m integrate approx hint [0m [0m (conditionning) [0m [-1  0 -2 -2 -1  1  0 -1  1 -2 -1 -1 -2 -1  0  0  0  0  0 -1 -4  0  0  0 -1 -3 -1 -1 -2  0  0 -1  2 -1  0  0  0  2 -2 -1  0 -1 -2  0 -2  1  1  0 -3  0  0  0  2  1  1 -1  0  0 -2 -2 -1 -1  1 -1 -2  1  2  1 -1 -1  1  1  1  1 -1  0  0  1  0 -1 -1  0  1  2 -1  0  1  0 -1  3 -1 -1  1  0  0  0 -1  1  0  0  1  1 -1  1 -2  1  0  1  0  0 -2  0  0  1 -1  0  2  0  1 -1  0 -1 -2  0  0 -1  0  1]
[1;37m integrate approx hint [0m [0m (conditionning) [0m [ 1  1  1  0  2  0 -1  2  0  0 -1  2  2  1 -1  1  0  0  1  0  0  1  1  0 -2  2 -1 -1 -2 -3  0  1 -1  0 -1  0  2  1 -1  0 -1  1  0  0  1 -2 -1  0  0 -1 -1  1  0 -1  0  2  2 -1 -2 -1 -1  0  2 -1 -2  1 -1 -1 -1  0 -1  1 -2  0 -2  0  1  1 -1 -1  2  0  1 -1  0 -1  2 -1 -1 -2  1  0  1  0 -1  1  0  0 -1 -1  2  0 -2  1  1 -1 -1 -1 -1 -1  3  0  1  2  0  1  1  1  0  2  1 -2  0  1  2  1 -1  1]
[1;37m integrate approx hint [0m [0m (conditionning) [0m [-1  1  0 -1  0  1  1  1 -1 -1 -2  0  1 -2  0  0  0  1  1  0  1 -1  2  0 -1  1  1  0  1  0 -1 -1  0 -1  1 -1  0  0  0  0  1  2  1  0 -3  0  0 -1  3 -1 -1  0  2  0  2 -1 -1 -2 -2  1 -1  0  2  0 -2  2 -1  0  1  0 -1  1  1  0  1  0 -1  1  1 -1 -2 -2  0  0  1  3  1  2  0  1  2  1 -2  0  0  0 -2  0 -1 -1  0 -1  1 -1  1  0  0  0 -1  1  1  0  1 -1 -1  0 -1  0 -2  0 -1  0  1  1  0 -1 -1  0]
[1;37m integrate approx hint [0m [0m (conditionning) [0m [-1 -1 -1  1  1  1  1  0  3  1 -2  0 -1  0  0 -1  1  3  0  1 -1  0  0 -1  1  0  0 -1  2  1 -1  0  0  0  1  0  0  0  0  2  0 -2 -2  0  1 -1  1 -2 -1 -2 -2 -1 -1  0  1  1  1 -1  1  0  0 -1 -1 -1 -1 -1  1  0  1 -1  1  1  0  0 -2  0 -1  1 -1 -1  2 -1  0  1  0  0  0  0  0  0  1 -1 -1 -1  0  0  0  0  1  0  0  0  0 -1  1  0 -1  1  0 -1 -2  0  2  1 -2  1  1  0  2  0  0 -2 -1 -2  0 -1  0  0]
[1;37m integrate approx hint [0m [0m (conditionning) [0m [ 0  1  0 -1 -3  0  0  0  1  0  0  1  3  0 -1  1 -2  2 -2  0 -1  0  0 -3  1  2 -1  0  3  0  1  0  0  1  0  2  0  1  1  0  0 -1 -3  0 -1  0  0  0  1  1  0 -1  1  1  1  1 -2  0  0 -1  2 -1  1  2  1  0  0 -3  2 -2  0  0  0  0  1  1  0  1  0 -2  1  0  0  0  0  0 -2 -1  2 -1  0 -1  1  1 -1  1  1 -1  0  0  2  1 -2  0  2 -2  1 -2  1  0 -2 -2  0 -1  1 -1 -1  0  1  3  1  1  1  1  1  1  0  1]
[1;37m integrate approx hint [0m [0m (conditionning) [0m [ 1 -1  0 -1 -2 -1  0  0  0  0  4  0  0  1  2  0  2  1  2  0 -1  0  0  1  1 -2 -1  3 -1  1  1  2 -1  1  0  1  0  1  0  0 -2  3  0  2  0 -1 -1  0 -1  0 -2  1 -2  0 -1 -1 -2 -1  3  0  2  3 -1 -1 -2 -2  0 -1  0  0 -1  0 -1  1 -1 -2  1 -2  1  2  1  0  0 -1  2  3  0 -1  0 -1  1  0  2  0  1  0 -1 -1  2 -1  0 -1 -1  0  0  0  2  0  0  0  1  1  1 -1  2  0 -1 -1  0 -1  0  0  0  0  1 -1  0  0]
[1;37m integrate approx hint [0m [0m (conditionning) [0m [-1 -1  0 -2  1 -1 -4 -1  1 -1  0  1  2  1  1 -1  0  0 -1 -1  2  0 -1  1  2 -1 -1  0 -2  2  0  1  1 -1  0  1  0  0  1  2 -2  1  1 -2  0  0  1 -2 -1  0  0  1 -1  2 -1  0  1  0 -1  0  0  0  0  0  1 -1  0  2  0 -1  0 -1 -1  1  0  0 -1  1  0  0  0 -2 -2  0  3 -1 -1  1  0 -1  0 -3 -1  0  1 -1  0  0 -1  0  0 -1  1  0  1  0  1  0 -1  1  2  2 -2  0 -2  1 -1  0  1  0  2 -2  0 -2  0  0  0  0]
[1;37m integrate approx hint [0m [0m (conditionning) [0m [3;31m 	 Unworthy hint, Forced it. [0m
[1;37m integrate approx hint [0m [0m (conditionning) [0m [ 0 -1 -1 -1  2  1  1 -1  0  0 -1  0  1  2  1  0  1  2  1 -2  0  0  0 -1  0 -1 -1  0 -1  1  0  0  3  0  1  3  4  0  0 -1 -1 -1  1 -4 -1 -2  1 -1 -1  0  2  1  1  0  0  1  1  1  0  0 -2 -1  2 -1  2  0  1  0 -1  0  0  2  0  2 -2  1  2  1  0  0  1  0 -1 -2  1  0  0  3  0 -1 -1 -1 -2  0  1  2 -1  0 -1  0  1  1  1 -1  2 -1  1 -1  1  0  1 -1 -1  0  2  1 -1  0  1  0 -2 -1  3  0  1 -2  0  1]
[1;37m integrate approx hint [0m [0m (conditionning) [0m [-1 -2  3  0  0  2  1 -1 -2 -1 -1  1  0  1  1 -1  0  0  3  0  1  1  0  0 -2  0  0 -3  1  1 -1  0  0 -2 -1  0 -1  0  1 -2 -1  1  1  0  0 -1 -1 -1 -2 -1 -1  0  0 -2  2  2  2  1  1  0  0  0  0  0  0  1  1 -1 -1  1  0 -1  1  1  0 -1  0  3  0  1  1  0  1  0  2  1  2  2 -2  1 -2  1  0  0 -2  1  0  0  0 -2  2  1  1  1  0 -2 -1 -1  0  1 -1  1 -3  1 -2  2  0 -1 -1 -1 -2 -1  1 -1 -3  1  0 -1]
[1;37m integrate approx hint [0m [0m (conditionning) [0m [3;31m 	 Unworthy hint, Forced it. [0m
[1;37m integrate approx hint [0m [0m (conditionning) [0m [3;31m 	 Unworthy hint, Forced it. [0m
[1;37m integrate approx hint [0m [0m (conditionning) [0m [3;31m 	 Unworthy hint, Forced it. [0m
[1;37m integrate approx hint [0m [0m (conditionning) [0m [ 0 -1  2  2  3  1  2  0  0  1 -1 -2 -1  0  1 -1  0  2 -2 -1  0 -2  1  0  0  1 -2  0  0  2 -1 -1 -2  1  0  0  0 -2 -1  0  0  0  1  1  2 -1  0  0 -1 -1 -1 -1  1 -2  0  1  0  1 -2  1 -1 -1  1 -1  0  1  2  1 -1  0  1 -2 -2  1  0 -2  1 -1  3  1 -1  1 -2  1  0  1  1  1  0  0 -1  0  0  1  1  1  0  0 -1 -1  0 -2 -1 -1  1  0  1 -1  1  0 -1 -1  1  0  0 -2  1  0  0  1 -1 -1  0  0  0  2  1  1]
[1;37m integrate approx hint [0m [0m (conditionning) [0m [ 0 -1 -1 -1  1 -2  4  2  0  0 -1 -1 -1 -3  1  2 -1  1  0  0  2 -1  0  1  1  0  1  0 -1  0  1  2 -2  1  0  0  0 -2 -3  0  0  0 -1  0  0  0 -2 -1  0  0  0  1  0 -2  0 -1 -2  0  2  1  0  0  1 -1  0  0  0  2  1 -2  0  1  0  1 -2  1  0  0 -1  0 -1  0 -1  0  0  0 -3 -1  1  0 -2  1  1  2 -1 -2 -1  2 -1 -1  2 -1 -1  1  0  1  0 -1  0  0  0  1 -2  2  2  0  2  1  0  0  1  2  0  0  1  0  1 -1]
[1;37m integrate approx hint [0m [0m (conditionning) [0m [3;31m 	 Unworthy hint, Forced it. [0m
[1;37m integrate approx hint [0m [0m (conditionning) [0m [3;31m 	 Unworthy hint, Forced it. [0m
[1;37m integrate approx hint [0m [0m (conditionning) [0m [3;31m 	 Unworthy hint, Forced it. [0m
[1;37m integrate approx hint [0m [0m (conditionning) [0m [ 0  0  0 -1  0 -1 -1  1  2  1  0  2  2 -1  2  0  0  0  1 -2  0 -1  2  0  1 -1  0 -1 -1  0  1 -1  0  0  1  0  4 -2 -1  0 -1 -1 -2  1  2  0  0  1 -1 -1 -1  0  2  0  1 -1  0  0 -1 -3  0  0  2  0 -1  1  1  2  2  1 -3  0 -2  0  0  0 -1  0  0  1  0  1  0  0  1  1 -1  1  0  1 -1  1  2  0 -1 -1 -3  0  0  0 -2  0  0  0 -1 -1 -1 -1  0 -1 -2 -1  1  2  1 -1 -2  0 -2 -1  0  0 -1  1 -1 -2  0  1]
[1;37m integrate approx hint [0m [0m (conditionning) [0m [3;31m 	 Unworthy hint, Forced it. [0m
[1;37m integrate approx hint [0m [0m (conditionning) [0m [-2 -1  1  1  0  2  1  1  1 -2 -1  2  0  2  1  0  1  2  2 -1 -1  2  0  1 -1 -2  1  0  1  0  0 -2 -1  0 -1  1  1 -1 -1  0  1  1  2  1  1  0  0  2  1  0  0  0 -1 -1  1  0 -1  0  0  2  2  1 -1  2 -1 -1  1  1  1  0  0 -2 -2  0 -2  1  0  0 -1  1 -2  0 -3 -1 -2  1 -1 -2  0 -1  0  1  0  1  2  1  0  0 -3 -1  2  0  1  0  0  1 -2 -1  0 -2  0  0 -2  1 -1  1 -2  0  0 -1 -1 -2  0  0 -1 -1  0  1]
[1;37m integrate approx hint [0m [0m (conditionning) [0m [3;31m 	 Unworthy hint, Forced it. [0m
[1;37m integrate approx hint [0m [0m (conditionning) [0m [3;31m 	 Unworthy hint, Forced it. [0m
[1;37m integrate approx hint [0m [0m (conditionning) [0m [-1  1  1 -2 -1 -1 -1  0  0  1 -2  0  0  2  1  2  0  1 -1  0 -1  0 -1  0  0  1  0  3 -2  2  0  2 -2 -1  0  1  3  1 -1  1  1  0 -2 -1  0  0  1  0  2 -1 -2  0  0  0  1 -1  0  0  0  0  0 -2  0  0  0 -1 -3  0 -1  1  0 -2  3 -1  1  1 -1  0  0 -1 -2 -2 -1  0  1  0  0 -1  0  0 -1 -2 -2  1 -2  1 -2 -1  0  1  0  1  1 -1 -2  0 -1  0  0 -1  0  1  4  1 -2  1  0  0  1  3  1  0 -1  0  0  3  0  1]
[1;37m integrate approx hint [0m [0m (conditionning) [0m [3;31m 	 Unworthy hint, Forced it. [0m
[1;37m integrate approx hint [0m [0m (conditionning) [0m [3;31m 	 Unworthy hint, Forced it. [0m
[1;37m integrate approx hint [0m [0m (conditionning) [0m [3;31m 	 Unworthy hint, Forced it. [0m
[1;37m integrate approx hint [0m [0m (conditionning) [0m [ 1  1 -2 -2  2  0  0  1  0 -1  1  1 -1 -1  0  1  0  1  1 -1 -2 -1  1 -2  0 -3 -1 -2 -3 -1  1  0  0  0  0 -1  0  1  0 -1  0  1  0  1  1  0  2  0  1 -3  3  1 -1 -1  0  0  2 -1  0 -1  0  0 -1  1  0  0  1  0  0  0  1 -1 -2  0 -3 -1  1  1  0 -1  0 -2 -1 -2  0  2  0  0  0  0  0  0  0  0 -1 -1 -1 -1  0  1 -2  1  1 -1 -1  1  1  1 -2  2  0  0  0  2 -1  1 -1  0  0  0  2  0  1  0  0  1  0  1]
[1;37m integrate approx hint [0m [0m (conditionning) [0m [3;31m 	 Unworthy hint, Forced it. [0m
[1;37m integrate approx hint [0m [0m (conditionning) [0m [3;31m 	 Unworthy hint, Forced it. [0m
[1;37m integrate approx hint [0m [0m (conditionning) [0m [3;31m 	 Unworthy hint, Forced it. [0m
[1;37m integrate approx hint [0m [0m (conditionning) [0m [3;31m 	 Unworthy hint, Forced it. [0m
[1;37m integrate approx hint [0m [0m (conditionning) [0m [3;31m 	 Unworthy hint, Forced it. [0m
[1;37m integrate approx hint [0m [0m (conditionning) [0m [3;31m 	 Unworthy hint, Forced it. [0m
[1;37m integrate approx hint [0m [0m (conditionning) [0m [ 0 -2  2 -2 -1  0  0 -1 -1  0  1  0  1  0  0  0  0  1 -1  2 -1  3 -1 -1  2  0  1 -2  0 -3  1  1  0  1  2 -1  2  0  1  0  0 -1  1  0 -1 -1  3  1 -2  1 -2 -1  0  2  2 -4  0  0  1  0  0 -1 -1  0  0 -3  1  0  0  2  1 -1  0 -1  2  0  0  0  1 -2  0 -1 -1  1  0  0 -2  0  0  0  1  1  0  2  2  3  1  1  0 -1  2  0 -2  2  1  0  1  0  3  0  0 -1  1  1 -1  0  0  0  1 -1  1  1  1  0 -1 -3 -1  0]
[1;37m integrate approx hint [0m [0m (conditionning) [0m [3;31m 	 Unworthy hint, Forced it. [0m
[1;37m integrate approx hint [0m [0m (conditionning) [0m [3;31m 	 Unworthy hint, Forced it. [0m
[1;37m integrate approx hint [0m [0m (conditionning) [0m [ 1  0  0  0 -1  0  0  1  0  1 -2  1  0 -1  0  1 -1  0  2  0 -1  0  1 -2  2  0  1  1  3  1  1  0  0  0  0  0  0  1  0 -3  0  1 -2  0 -1  0  1 -1 -1 -1  0  0  0  1  1 -1  0  0 -2  0 -1  0 -1  2 -1 -2  1 -3  0  0 -1 -1  1 -1  0  1  0  0 -1  0 -1 -1  1 -2  1 -1  0  0  0 -4  0 -2 -2 -1  3 -1  0  0 -1  0  0 -2 -2  1  1  0  1  1  0  0  2 -3  0  0 -1 -1  2  1  0  1  2  1  1 -1  1 -2  1  0]
[1;37m integrate approx hint [0m [0m (conditionning) [0m [3;31m 	 Unworthy hint, Forced it. [0m
[1;37m integrate approx hint [0m [0m (conditionning) [0m [3;31m 	 Unworthy hint, Forced it. [0m
[1;37m integrate approx hint [0m [0m (conditionning) [0m [3;31m 	 Unworthy hint, Forced it. [0m
[1;37m integrate approx hint [0m [0m (conditionning) [0m [3;31m 	 Unworthy hint, Forced it. [0m
[ 0  2  1  0  0 -2  2  2  0 -1  2  0 -1  1  2 -2  0  2  1 -3 -1 -1 -1  1 -2 -1  2  2 -2  1  0 -2  0  0 -1  1  3 -4 -2 -2  0  1  0 -1 -1  2  1  0  0  0 -1  1  0  0  0  0  2 -2 -2  0 -1 -1 -1  0  1 -1  1 -3  1  2  0  1  0  1  0  1  0  1 -2  2  0  0  0  1  0  2  0  0  1  0  0  0  0 -1 -1 -1  0  0  0  1 -1  0  1  0 -3 -1 -1  0  0  1  2 -1  0  0 -1  0  1 -2  1  0  0 -2  2 -2  0  0  1 -1]
[1;37m integrate approx hint [0m [0m (conditionning) [0m [1;37m integrate approx hint [0m [0m (conditionning) [0m [3;31m 	 Unworthy hint, Forced it. [0m
[1;37m integrate approx hint [0m [0m (conditionning) [0m [3;31m 	 Unworthy hint, Forced it. [0m
[1;37m integrate approx hint [0m [0m (conditionning) [0m [3;31m 	 Unworthy hint, Forced it. [0m
[1;37m integrate approx hint [0m [0m (conditionning) [0m [3;31m 	 Unworthy hint, Forced it. [0m
[1;37m integrate approx hint [0m [0m (conditionning) [0m [3;31m 	 Unworthy hint, Forced it. [0m
[1;37m integrate approx hint [0m [0m (conditionning) [0m [3;31m 	 Unworthy hint, Forced it. [0m
[1;37m integrate approx hint [0m [0m (conditionning) [0m [3;31m 	 Unworthy hint, Forced it. [0m
[1;37m integrate approx hint [0m [3;31m 	 Unworthy hint, Forced it. [0m
[1;37m integrate approx hint [0m [0m (conditionning) [0m [0m (conditionning) [0m [3;31m 	 Unworthy hint, Forced it. [0m
[1;37m integrate approx hint [0m [0m (conditionning) [0m [3;31m 	 Unworthy hint, Forced it. [0m
[1;37m integrate approx hint [0m [0m (conditionning) [0m [3;31m 	 Unworthy hint, Forced it. [0m
[1;37m integrate approx hint [0m [0m (conditionning) [0m [3;31m 	 Unworthy hint, Forced it. [0m
[1;37m integrate approx hint [0m [0m (conditionning) [0m [3;31m 	 Unworthy hint, Forced it. [0m
[1;37m integrate approx hint [0m [0m (conditionning) [0m [3;31m 	 Unworthy hint, Forced it. [0m
[1;37m integrate approx hint [0m [0m (conditionning) [0m [3;31m 	 Unworthy hint, Forced it. [0m
[1;37m integrate approx hint [0m [0m (conditionning) [0m [3;31m 	 Unworthy hint, Forced it. [0m
[1;37m integrate approx hint [0m [0m (conditionning) [0m [3;31m 	 Unworthy hint, Forced it. [0m
[1;37m integrate approx hint [0m [0m (conditionning) [0m [3;31m 	 Unworthy hint, Forced it. [0m
[1;37m integrate approx hint [0m [0m (conditionning) [0m [3;31m 	 Unworthy hint, Forced it. [0m
[1;37m integrate approx hint [0m [0m (conditionning) [0m [3;31m 	 Unworthy hint, Forced it. [0m
[1;37m integrate approx hint [0m [0m (conditionning) [0m [3;31m 	 Unworthy hint, Forced it. [0m
[1;37m integrate approx hint [0m [0m (conditionning) [0m [3;31m 	 Unworthy hint, Forced it. [0m
[1;37m integrate approx hint [0m [0m (conditionning) [0m [3;31m 	 Unworthy hint, Forced it. [0m
[1;37m integrate approx hint [0m [0m (conditionning) [0m [3;31m 	 Unworthy hint, Forced it. [0m
[1;37m integrate approx hint [0m [0m (conditionning) [0m [3;31m 	 Unworthy hint, Forced it. [0m
[1;37m integrate approx hint [0m [0m (conditionning) [0m [3;31m 	 Unworthy hint, Forced it. [0m
[1;37m integrate approx hint [0m [0m (conditionning) [0m [3;31m 	 Unworthy hint, Forced it. [0m
[1;37m integrate approx hint [0m [0m (conditionning) [0m [3;31m 	 Unworthy hint, Forced it. [0m
[1;37m integrate approx hint [0m [0m (conditionning) [0m [3;31m 	 Unworthy hint, Forced it. [0m
[1;37m integrate approx hint [0m [0m (conditionning) [0m [3;31m 	 Unworthy hint, Forced it. [0m
[1;37m integrate approx hint [0m [0m (conditionning) [0m [3;31m 	 Unworthy hint, Forced it. [0m
[1;37m integrate approx hint [0m [0m (conditionning) [0m [3;31m 	 Unworthy hint, Forced it. [0m
[1;37m integrate approx hint [0m [0m (conditionning) [0m [3;31m 	 Unworthy hint, Forced it. [0m
[1;37m integrate approx hint [0m [0m (conditionning) [0m [3;31m 	 Unworthy hint, Forced it. [0m
[1;37m integrate approx hint [0m [0m (conditionning) [0m [3;31m 	 Unworthy hint, Forced it. [0m
[1;37m integrate approx hint [0m [0m (conditionning) [0m [3;31m 	 Unworthy hint, Forced it. [0m
[1;37m integrate approx hint [0m [0m (conditionning) [0m [3;31m 	 Unworthy hint, Forced it. [0m
[1;37m integrate approx hint [0m [0m (conditionning) [0m [3;31m 	 Unworthy hint, Forced it. [0m
[1;37m integrate approx hint [0m [0m (conditionning) [0m [3;31m 	 Unworthy hint, Forced it. [0m
[1;37m integrate approx hint [0m [0m (conditionning) [0m [3;31m 	 Unworthy hint, Forced it. [0m
[1;37m integrate approx hint [0m [0m (conditionning) [0m [3;31m 	 Unworthy hint, Forced it. [0m
[3;31m 	 Unworthy hint, Forced it. [0m
[1;37m integrate approx hint [0m [0m (conditionning) [0m [1;37m integrate approx hint [0m [0m (conditionning) [0m [3;31m 	 Unworthy hint, Forced it. [0m
[1;37m integrate approx hint [0m [0m (conditionning) [0m [3;31m 	 Unworthy hint, Forced it. [0m
[1;37m integrate approx hint [0m [0m (conditionning) [0m [3;31m 	 Unworthy hint, Forced it. [0m
[1;37m integrate approx hint [0m [0m (conditionning) [0m [3;31m 	 Unworthy hint, Forced it. [0m
[1;37m integrate approx hint [0m [0m (conditionning) [0m [3;31m 	 Unworthy hint, Forced it. [0m
[3;31m 	 Unworthy hint, Forced it. [0m
[1;37m integrate approx hint [0m [0m (conditionning) [0m [1;37m integrate approx hint [0m [0m (conditionning) [0m [3;31m 	 Unworthy hint, Forced it. [0m
[1;37m integrate approx hint [0m [0m (conditionning) [0m [3;31m 	 Unworthy hint, Forced it. [0m
[1;37m integrate approx hint [0m [0m (conditionning) [0m [3;31m 	 Unworthy hint, Forced it. [0m
[1;37m integrate approx hint [0m [0m (conditionning) [0m [3;31m 	 Unworthy hint, Forced it. [0m
[1;37m integrate approx hint [0m [0m (conditionning) [0m [3;31m 	 Unworthy hint, Forced it. [0m
[1;37m integrate approx hint [0m [0m (conditionning) [0m [3;31m 	 Unworthy hint, Forced it. [0m
[1;37m integrate approx hint [0m [0m (conditionning) [0m [3;31m 	 Unworthy hint, Forced it. [0m
[1;37m integrate approx hint [0m [0m (conditionning) [0m [3;31m 	 Unworthy hint, Forced it. [0m
[1;37m integrate approx hint [0m [0m (conditionning) [0m [3;31m 	 Unworthy hint, Forced it. [0m
[1;37m integrate approx hint [0m [0m (conditionning) [0m [3;31m 	 Unworthy hint, Forced it. [0m
[1;37m integrate approx hint [0m [0m (conditionning) [0m [3;31m 	 Unworthy hint, Forced it. [0m
[1;37m integrate approx hint [0m [0m (conditionning) [0m [3;31m 	 Unworthy hint, Forced it. [0m
[1;37m integrate approx hint [0m [0m (conditionning) [0m [3;31m 	 Unworthy hint, Forced it. [0m
[1;37m integrate approx hint [0m [0m (conditionning) [0m [3;31m 	 Unworthy hint, Forced it. [0m
[1;37m integrate approx hint [0m [0m (conditionning) [0m [3;31m 	 Unworthy hint, Forced it. [0m
[1;37m integrate approx hint [0m [0m (conditionning) [0m [3;31m 	 Unworthy hint, Forced it. [0m
[1;37m integrate approx hint [0m [0m (conditionning) [0m [3;31m 	 Unworthy hint, Forced it. [0m
[1;37m integrate approx hint [0m [0m (conditionning) [0m [3;31m 	 Unworthy hint, Forced it. [0m
[1;37m integrate approx hint [0m [0m (conditionning) [0m [3;31m 	 Unworthy hint, Forced it. [0m
[1;37m integrate approx hint [0m [0m (conditionning) [0m [3;31m 	 Unworthy hint, Forced it. [0m
[1;37m integrate approx hint [0m [0m (conditionning) [0m [3;31m 	 Unworthy hint, Forced it. [0m
[1;37m integrate approx hint [0m [0m (conditionning) [0m [3;31m 	 Unworthy hint, Forced it. [0m
[1;37m integrate approx hint [0m [0m (conditionning) [0m [3;31m 	 Unworthy hint, Forced it. [0m
[1;37m integrate approx hint [0m [0m (conditionning) [0m [3;31m 	 Unworthy hint, Forced it. [0m
[1;37m integrate approx hint [0m [0m (conditionning) [0m [3;31m 	 Unworthy hint, Forced it. [0m
[1;37m integrate approx hint [0m [0m (conditionning) [0m [3;31m 	 Unworthy hint, Forced it. [0m
[1;37m integrate approx hint [0m [0m (conditionning) [0m [3;31m 	 Unworthy hint, Forced it. [0m
[1;37m integrate approx hint [0m [0m (conditionning) [0m [3;31m 	 Unworthy hint, Forced it. [0m
[1;37m integrate approx hint [0m [0m (conditionning) [0m [3;31m 	 Unworthy hint, Forced it. [0m
[1;37m integrate approx hint [0m [0m (conditionning) [0m [3;31m 	 Unworthy hint, Forced it. [0m
[1;37m integrate approx hint [0m [0m (conditionning) [0m [3;31m 	 Unworthy hint, Forced it. [0m
[1;37m integrate approx hint [0m [0m (conditionning) [0m [3;31m 	 Unworthy hint, Forced it. [0m
[1;37m integrate approx hint [0m [0m (conditionning) [0m [3;31m 	 Unworthy hint, Forced it. [0m
[1;37m integrate approx hint [0m [0m (conditionning) [0m [3;31m 	 Unworthy hint, Forced it. [0m
[1;37m integrate approx hint [0m [0m (conditionning) [0m [3;31m 	 Unworthy hint, Forced it. [0m
[1;37m integrate approx hint [0m [0m (conditionning) [0m [3;31m 	 Unworthy hint, Forced it. [0m
[1;37m integrate approx hint [0m [0m (conditionning) [0m [3;31m 	 Unworthy hint, Forced it. [0m
[1;37m integrate approx hint [0m [0m (conditionning) [0m [3;31m 	 Unworthy hint, Forced it. [0m
[1;37m integrate approx hint [0m [0m (conditionning) [0m [3;31m 	 Unworthy hint, Forced it. [0m
[1;37m integrate approx hint [0m [0m (conditionning) [0m [3;31m 	 Unworthy hint, Forced it. [0m
[1;37m integrate approx hint [0m [0m (conditionning) [0m [3;31m 	 Unworthy hint, Forced it. [0m
[1;37m integrate approx hint [0m [0m (conditionning) [0m [3;31m 	 Unworthy hint, Forced it. [0m
[1;37m integrate approx hint [0m [0m (conditionning) [0m [3;31m 	 Unworthy hint, Forced it. [0m
[1;37m integrate approx hint [0m [0m (conditionning) [0m [3;31m 	 Unworthy hint, Forced it. [0m
[1;37m integrate approx hint [0m [0m (conditionning) [0m [3;31m 	 Unworthy hint, Forced it. [0m
[1;37m integrate approx hint [0m [0m (conditionning) [0m [3;31m 	 Unworthy hint, Forced it. [0m
[1;37m integrate approx hint [0m [0m (conditionning) [0m [3;31m 	 Unworthy hint, Forced it. [0m
[1;37m integrate approx hint [0m [0m (conditionning) [0m [3;31m 	 Unworthy hint, Forced it. [0m
[1;37m integrate approx hint [0m [0m (conditionning) [0m [3;31m 	 Unworthy hint, Forced it. [0m
[1;37m integrate approx hint [0m [0m (conditionning) [0m [3;31m 	 Unworthy hint, Forced it. [0m
[1;37m integrate approx hint [0m [0m (conditionning) [0m [3;31m 	 Unworthy hint, Forced it. [0m
[1;37m integrate approx hint [0m [0m (conditionning) [0m [3;31m 	 Unworthy hint, Forced it. [0m
[1;37m integrate approx hint [0m [0m (conditionning) [0m [3;31m 	 Unworthy hint, Forced it. [0m
[1;37m integrate approx hint [0m [0m (conditionning) [0m [3;31m 	 Unworthy hint, Forced it. [0m
[1;37m integrate approx hint [0m [0m (conditionning) [0m [3;31m 	 Unworthy hint, Forced it. [0m
[1;37m integrate approx hint [0m [0m (conditionning) [0m [3;31m 	 Unworthy hint, Forced it. [0m
[1;37m integrate approx hint [0m [0m (conditionning) [0m [3;31m 	 Unworthy hint, Forced it. [0m
[1;37m integrate approx hint [0m [0m (conditionning) [0m [3;31m 	 Unworthy hint, Forced it. [0m
[1;37m integrate approx hint [0m [0m (conditionning) [0m [3;31m 	 Unworthy hint, Forced it. [0m
[1;37m integrate approx hint [0m [0m (conditionning) [0m [3;31m 	 Unworthy hint, Forced it. [0m
[1;37m integrate approx hint [0m [0m (conditionning) [0m [3;31m 	 Unworthy hint, Forced it. [0m
[1;37m integrate approx hint [0m [0m (conditionning) [0m [3;31m 	 Unworthy hint, Forced it. [0m
[1;37m integrate approx hint [0m [0m (conditionning) [0m [3;31m 	 Unworthy hint, Forced it. [0m
[1;37m integrate approx hint [0m [0m (conditionning) [0m [3;31m 	 Unworthy hint, Forced it. [0m
[1;37m integrate approx hint [0m [0m (conditionning) [0m [3;31m 	 Unworthy hint, Forced it. [0m
[1;37m integrate approx hint [0m [0m (conditionning) [0m [3;31m 	 Unworthy hint, Forced it. [0m
[1;37m integrate approx hint [0m [0m (conditionning) [0m [3;31m 	 Unworthy hint, Forced it. [0m
[1;37m integrate approx hint [0m [0m (conditionning) [0m [3;31m 	 Unworthy hint, Forced it. [0m
[1;37m integrate approx hint [0m [0m (conditionning) [0m [3;31m 	 Unworthy hint, Forced it. [0m
[1;37m integrate approx hint [0m [0m (conditionning) [0m [3;31m 	 Unworthy hint, Forced it. [0m
[1;37m integrate approx hint [0m [0m (conditionning) [0m [3;31m 	 Unworthy hint, Forced it. [0m
[1;37m integrate approx hint [0m [0m (conditionning) [0m [3;31m 	 Unworthy hint, Forced it. [0m
[1;37m integrate approx hint [0m [0m (conditionning) [0m [3;31m 	 Unworthy hint, Forced it. [0m
[1;37m integrate approx hint [0m [0m (conditionning) [0m [3;31m 	 Unworthy hint, Forced it. [0m
[1;37m integrate approx hint [0m [0m (conditionning) [0m [3;31m 	 Unworthy hint, Forced it. [0m
[1;37m integrate approx hint [0m [0m (conditionning) [0m [3;31m 	 Unworthy hint, Forced it. [0m
[1;37m integrate approx hint [0m [0m (conditionning) [0m [3;31m 	 Unworthy hint, Forced it. [0m
[1;37m integrate approx hint [0m [0m (conditionning) [0m [3;31m 	 Unworthy hint, Forced it. [0m
[1;37m integrate approx hint [0m [0m (conditionning) [0m [3;31m 	 Unworthy hint, Forced it. [0m
[1;37m integrate approx hint [0m [0m (conditionning) [0m [3;31m 	 Unworthy hint, Forced it. [0m
[1;37m integrate approx hint [0m [0m (conditionning) [0m [3;31m 	 Unworthy hint, Forced it. [0m
[1;37m integrate approx hint [0m [0m (conditionning) [0m [3;31m 	 Unworthy hint, Forced it. [0m
[1;37m integrate approx hint [0m [0m (conditionning) [0m [3;31m 	 Unworthy hint, Forced it. [0m
[3;31m 	 Unworthy hint, Forced it. [0m
[1;37m integrate approx hint [0m [0m (conditionning) [0m [1;37m integrate approx hint [0m [0m (conditionning) [0m [3;31m 	 Unworthy hint, Forced it. [0m
[1;37m integrate approx hint [0m [0m (conditionning) [0m [3;31m 	 Unworthy hint, Forced it. [0m
[1;37m integrate approx hint [0m [0m (conditionning) [0m [3;31m 	 Unworthy hint, Forced it. [0m
[1;37m integrate approx hint [0m [0m (conditionning) [0m [3;31m 	 Unworthy hint, Forced it. [0m
[1;37m integrate approx hint [0m [0m (conditionning) [0m [3;31m 	 Unworthy hint, Forced it. [0m
[1;37m integrate approx hint [0m [0m (conditionning) [0m [3;31m 	 Unworthy hint, Forced it. [0m
[1;37m integrate approx hint [0m [0m (conditionning) [0m [3;31m 	 Unworthy hint, Forced it. [0m
[1;37m integrate approx hint [0m [0m (conditionning) [0m [3;31m 	 Unworthy hint, Forced it. [0m
[1;37m integrate approx hint [0m [0m (conditionning) [0m [3;31m 	 Unworthy hint, Forced it. [0m
[1;37m integrate approx hint [0m [0m (conditionning) [0m [3;31m 	 Unworthy hint, Forced it. [0m
[1;37m integrate approx hint [0m [0m (conditionning) [0m [3;31m 	 Unworthy hint, Forced it. [0m
[1;37m integrate approx hint [0m [0m (conditionning) [0m [3;31m 	 Unworthy hint, Forced it. [0m
[1;37m integrate approx hint [0m [0m (conditionning) [0m [3;31m 	 Unworthy hint, Forced it. [0m
[1;37m integrate approx hint [0m [0m (conditionning) [0m [3;31m 	 Unworthy hint, Forced it. [0m
[1;37m integrate approx hint [0m [0m (conditionning) [0m [3;31m 	 Unworthy hint, Forced it. [0m
[1;37m integrate approx hint [0m [0m (conditionning) [0m [3;31m 	 Unworthy hint, Forced it. [0m
[1;37m integrate approx hint [0m [0m (conditionning) [0m [3;31m 	 Unworthy hint, Forced it. [0m
[1;37m integrate approx hint [0m [0m (conditionning) [0m [3;31m 	 Unworthy hint, Forced it. [0m
[1;37m integrate approx hint [0m [0m (conditionning) [0m [3;31m 	 Unworthy hint, Forced it. [0m
[1;37m integrate approx hint [0m [0m (conditionning) [0m [3;31m 	 Unworthy hint, Forced it. [0m
[1;37m integrate approx hint [0m [0m (conditionning) [0m [3;31m 	 Unworthy hint, Forced it. [0m
[1;37m integrate approx hint [0m [0m (conditionning) [0m [3;31m 	 Unworthy hint, Forced it. [0m
[1;37m integrate approx hint [0m [0m (conditionning) [0m [3;31m 	 Unworthy hint, Forced it. [0m
[1;37m integrate approx hint [0m [0m (conditionning) [0m [3;31m 	 Unworthy hint, Forced it. [0m
[3;31m 	 Unworthy hint, Forced it. [0m
[1;37m integrate approx hint [0m [0m (conditionning) [0m [1;37m integrate approx hint [0m [0m (conditionning) [0m [3;31m 	 Unworthy hint, Forced it. [0m
[1;37m integrate approx hint [0m [0m (conditionning) [0m [3;31m 	 Unworthy hint, Forced it. [0m
[1;37m integrate approx hint [0m [0m (conditionning) [0m [3;31m 	 Unworthy hint, Forced it. [0m
[1;37m integrate approx hint [0m [0m (conditionning) [0m [3;31m 	 Unworthy hint, Forced it. [0m
[1;37m integrate approx hint [0m [0m (conditionning) [0m [3;31m 	 Unworthy hint, Forced it. [0m
[1;37m integrate approx hint [0m [0m (conditionning) [0m [3;31m 	 Unworthy hint, Forced it. [0m
[1;37m integrate approx hint [0m [0m (conditionning) [0m [3;31m 	 Unworthy hint, Forced it. [0m
[1;37m integrate approx hint [0m [0m (conditionning) [0m [3;31m 	 Unworthy hint, Forced it. [0m
[1;37m integrate approx hint [0m [0m (conditionning) [0m [3;31m 	 Unworthy hint, Forced it. [0m
[1;37m integrate approx hint [0m [0m (conditionning) [0m [3;31m 	 Unworthy hint, Forced it. [0m
[1;37m integrate approx hint [0m [0m (conditionning) [0m [3;31m 	 Unworthy hint, Forced it. [0m
[1;37m integrate approx hint [0m [0m (conditionning) [0m [3;31m 	 Unworthy hint, Forced it. [0m
[1;37m integrate approx hint [0m [0m (conditionning) [0m [3;31m 	 Unworthy hint, Forced it. [0m
[1;37m integrate approx hint [0m [0m (conditionning) [0m [3;31m 	 Unworthy hint, Forced it. [0m
[1;37m integrate approx hint [0m [0m (conditionning) [0m [3;31m 	 Unworthy hint, Forced it. [0m
[3;31m 	 Unworthy hint, Forced it. [0m
[1;37m integrate approx hint [0m [0m (conditionning) [0m [1;37m integrate approx hint [0m [0m (conditionning) [0m [3;31m 	 Unworthy hint, Forced it. [0m
[1;37m integrate approx hint [0m [0m (conditionning) [0m [3;31m 	 Unworthy hint, Forced it. [0m
[1;37m integrate approx hint [0m [0m (conditionning) [0m [3;31m 	 Unworthy hint, Forced it. [0m
[1;37m integrate approx hint [0m [0m (conditionning) [0m [3;31m 	 Unworthy hint, Forced it. [0m
[1;37m integrate approx hint [0m [0m (conditionning) [0m [3;31m 	 Unworthy hint, Forced it. [0m
[3;31m 	 Unworthy hint, Forced it. [0m
[1;37m integrate approx hint [0m [0m (conditionning) [0m [1;37m integrate approx hint [0m [0m (conditionning) [0m [3;31m 	 Unworthy hint, Forced it. [0m
[1;37m integrate approx hint [0m [0m (conditionning) [0m [3;31m 	 Unworthy hint, Forced it. [0m
[1;37m integrate approx hint [0m [0m (conditionning) [0m [3;31m 	 Unworthy hint, Forced it. [0m
[1;37m integrate approx hint [0m [0m (conditionning) [0m [3;31m 	 Unworthy hint, Forced it. [0m
[1;37m integrate approx hint [0m [0m (conditionning) [0m [3;31m 	 Unworthy hint, Forced it. [0m
[1;37m integrate approx hint [0m [0m (conditionning) [0m [3;31m 	 Unworthy hint, Forced it. [0m
[1;37m integrate approx hint [0m [0m (conditionning) [0m [3;31m 	 Unworthy hint, Forced it. [0m
[1;37m integrate approx hint [0m [0m (conditionning) [0m [3;31m 	 Unworthy hint, Forced it. [0m
[1;37m integrate approx hint [0m [0m (conditionning) [0m [3;31m 	 Unworthy hint, Forced it. [0m
[1;37m integrate approx hint [0m [0m (conditionning) [0m [3;31m 	 Unworthy hint, Forced it. [0m
[1;37m integrate approx hint [0m [0m (conditionning) [0m [3;31m 	 Unworthy hint, Forced it. [0m
[1;37m integrate approx hint [0m [0m (conditionning) [0m [3;31m 	 Unworthy hint, Forced it. [0m
[1;37m integrate approx hint [0m [0m (conditionning) [0m [3;31m 	 Unworthy hint, Forced it. [0m
[1;37m integrate approx hint [0m [0m (conditionning) [0m [3;31m 	 Unworthy hint, Forced it. [0m
[1;37m integrate approx hint [0m [0m (conditionning) [0m [3;31m 	 Unworthy hint, Forced it. [0m
[1;37m integrate approx hint [0m [0m (conditionning) [0m [3;31m 	 Unworthy hint, Forced it. [0m
[1;37m integrate approx hint [0m [0m (conditionning) [0m [3;31m 	 Unworthy hint, Forced it. [0m
[1;37m integrate approx hint [0m [0m (conditionning) [0m [3;31m 	 Unworthy hint, Forced it. [0m
[1;37m integrate approx hint [0m [0m (conditionning) [0m [3;31m 	 Unworthy hint, Forced it. [0m
[1;37m integrate approx hint [0m [0m (conditionning) [0m [3;31m 	 Unworthy hint, Forced it. [0m
[1;37m integrate approx hint [0m [0m (conditionning) [0m [3;31m 	 Unworthy hint, Forced it. [0m
[1;37m integrate approx hint [0m [0m (conditionning) [0m [3;31m 	 Unworthy hint, Forced it. [0m
[1;37m integrate approx hint [0m [0m (conditionning) [0m [3;31m 	 Unworthy hint, Forced it. [0m
[1;37m integrate approx hint [0m [0m (conditionning) [0m [3;31m 	 Unworthy hint, Forced it. [0m
[1;37m integrate approx hint [0m [0m (conditionning) [0m [3;31m 	 Unworthy hint, Forced it. [0m
[1;37m integrate approx hint [0m [0m (conditionning) [0m [3;31m 	 Unworthy hint, Forced it. [0m
[1;37m integrate approx hint [0m [0m (conditionning) [0m [3;31m 	 Unworthy hint, Forced it. [0m
[1;37m integrate approx hint [0m [0m (conditionning) [0m [3;31m 	 Unworthy hint, Forced it. [0m
[1;37m integrate approx hint [0m [0m (conditionning) [0m [3;31m 	 Unworthy hint, Forced it. [0m
[1;37m integrate approx hint [0m [0m (conditionning) [0m [3;31m 	 Unworthy hint, Forced it. [0m
[1;37m integrate approx hint [0m [0m (conditionning) [0m [3;31m 	 Unworthy hint, Forced it. [0m
[1;37m integrate approx hint [0m [0m (conditionning) [0m [3;31m 	 Unworthy hint, Forced it. [0m
[1;37m integrate approx hint [0m [0m (conditionning) [0m [3;31m 	 Unworthy hint, Forced it. [0m
[1;37m integrate approx hint [0m [0m (conditionning) [0m [3;31m 	 Unworthy hint, Forced it. [0m
[1;37m integrate approx hint [0m [0m (conditionning) [0m [3;31m 	 Unworthy hint, Forced it. [0m
[1;37m integrate approx hint [0m [0m (conditionning) [0m [3;31m 	 Unworthy hint, Forced it. [0m
[1;37m integrate approx hint [0m [0m (conditionning) [0m [3;31m 	 Unworthy hint, Forced it. [0m
[1;37m integrate approx hint [0m [0m (conditionning) [0m [3;31m 	 Unworthy hint, Forced it. [0m
[1;37m integrate approx hint [0m [0m (conditionning) [0m [3;31m 	 Unworthy hint, Forced it. [0m
[1;37m integrate approx hint [0m [0m (conditionning) [0m [3;31m 	 Unworthy hint, Forced it. [0m
[1;37m integrate approx hint [0m [0m (conditionning) [0m [3;31m 	 Unworthy hint, Forced it. [0m
[1;37m integrate approx hint [0m [0m (conditionning) [0m [3;31m 	 Unworthy hint, Forced it. [0m
[1;37m integrate approx hint [0m [0m (conditionning) [0m [3;31m 	 Unworthy hint, Forced it. [0m
[1;37m integrate approx hint [0m [0m (conditionning) [0m [3;31m 	 Unworthy hint, Forced it. [0m
[1;37m integrate approx hint [0m [0m (conditionning) [0m [3;31m 	 Unworthy hint, Forced it. [0m
[1;37m integrate approx hint [0m [0m (conditionning) [0m [3;31m 	 Unworthy hint, Forced it. [0m
[1;37m integrate approx hint [0m [0m (conditionning) [0m [3;31m 	 Unworthy hint, Forced it. [0m
[3;31m 	 Unworthy hint, Forced it. [0m
[1;37m integrate approx hint [0m [0m (conditionning) [0m [3;31m 	 Unworthy hint, Forced it. [0m
[1;37m integrate approx hint [0m [0m (conditionning) [0m [1;37m integrate approx hint [0m [0m (conditionning) [0m [3;31m 	 Unworthy hint, Forced it. [0m
[1;37m integrate approx hint [0m [0m (conditionning) [0m [3;31m 	 Unworthy hint, Forced it. [0m
[1;37m integrate approx hint [0m [0m (conditionning) [0m [3;31m 	 Unworthy hint, Forced it. [0m
[1;37m integrate approx hint [0m [0m (conditionning) [0m [3;31m 	 Unworthy hint, Forced it. [0m
[1;37m integrate approx hint [0m [0m (conditionning) [0m [3;31m 	 Unworthy hint, Forced it. [0m
[1;37m integrate approx hint [0m [0m (conditionning) [0m [3;31m 	 Unworthy hint, Forced it. [0m
[1;37m integrate approx hint [0m [0m (conditionning) [0m [3;31m 	 Unworthy hint, Forced it. [0m
[3;31m 	 Unworthy hint, Forced it. [0m
[1;37m integrate approx hint [0m [0m (conditionning) [0m [1;37m integrate approx hint [0m [0m (conditionning) [0m [3;31m 	 Unworthy hint, Forced it. [0m
[3;31m 	 Unworthy hint, Forced it. [0m
[3;31m 	 Unworthy hint, Forced it. [0m
[1;37m integrate approx hint [0m [0m (conditionning) [0m [1;37m integrate approx hint [0m [0m (conditionning) [0m [3;31m 	 Unworthy hint, Forced it. [0m
[1;37m integrate approx hint [0m [0m (conditionning) [0m [1;37m integrate approx hint [0m [0m (conditionning) [0m [3;31m 	 Unworthy hint, Forced it. [0m
[1;37m integrate approx hint [0m [0m (conditionning) [0m [3;31m 	 Unworthy hint, Forced it. [0m
[1;37m integrate approx hint [0m [0m (conditionning) [0m [3;31m 	 Unworthy hint, Forced it. [0m
[1;37m integrate approx hint [0m [0m (conditionning) [0m [3;31m 	 Unworthy hint, Forced it. [0m
[1;37m integrate approx hint [0m [0m (conditionning) [0m [3;31m 	 Unworthy hint, Forced it. [0m
[1;37m integrate approx hint [0m [0m (conditionning) [0m [3;31m 	 Unworthy hint, Forced it. [0m
[1;37m integrate approx hint [0m [0m (conditionning) [0m [3;31m 	 Unworthy hint, Forced it. [0m
[1;37m integrate approx hint [0m [0m (conditionning) [0m [3;31m 	 Unworthy hint, Forced it. [0m
[1;37m integrate approx hint [0m [0m (conditionning) [0m [3;31m 	 Unworthy hint, Forced it. [0m
[1;37m integrate approx hint [0m [0m (conditionning) [0m [3;31m 	 Unworthy hint, Forced it. [0m
[3;31m 	 Unworthy hint, Forced it. [0m
[1;37m integrate approx hint [0m [0m (conditionning) [0m [1;37m integrate approx hint [0m [0m (conditionning) [0m [3;31m 	 Unworthy hint, Forced it. [0m
[1;37m integrate approx hint [0m [0m (conditionning) [0m [3;31m 	 Unworthy hint, Forced it. [0m
[1;37m integrate approx hint [0m [0m (conditionning) [0m [3;31m 	 Unworthy hint, Forced it. [0m
[1;37m integrate approx hint [0m [0m (conditionning) [0m [3;31m 	 Unworthy hint, Forced it. [0m
[1;37m integrate approx hint [0m [0m (conditionning) [0m [3;31m 	 Unworthy hint, Forced it. [0m
[1;37m integrate approx hint [0m [0m (conditionning) [0m [3;31m 	 Unworthy hint, Forced it. [0m
[1;37m integrate approx hint [0m [0m (conditionning) [0m [3;31m 	 Unworthy hint, Forced it. [0m
[1;37m integrate approx hint [0m [0m (conditionning) [0m [3;31m 	 Unworthy hint, Forced it. [0m
[1;37m integrate approx hint [0m [0m (conditionning) [0m [3;31m 	 Unworthy hint, Forced it. [0m
[1;37m integrate approx hint [0m [0m (conditionning) [0m [3;31m 	 Unworthy hint, Forced it. [0m
[1;37m integrate approx hint [0m [0m (conditionning) [0m [3;31m 	 Unworthy hint, Forced it. [0m
[1;37m integrate approx hint [0m [0m (conditionning) [0m [3;31m 	 Unworthy hint, Forced it. [0m
[1;37m integrate approx hint [0m [0m (conditionning) [0m [3;31m 	 Unworthy hint, Forced it. [0m
[1;37m integrate approx hint [0m [0m (conditionning) [0m [3;31m 	 Unworthy hint, Forced it. [0m
[1;37m integrate approx hint [0m [0m (conditionning) [0m [3;31m 	 Unworthy hint, Forced it. [0m
[1;37m integrate approx hint [0m [0m (conditionning) [0m [3;31m 	 Unworthy hint, Forced it. [0m
[1;37m integrate approx hint [0m [0m (conditionning) [0m [3;31m 	 Unworthy hint, Forced it. [0m
[1;37m integrate approx hint [0m [0m (conditionning) [0m [3;31m 	 Unworthy hint, Forced it. [0m
[1;37m integrate approx hint [0m [0m (conditionning) [0m [3;31m 	 Unworthy hint, Forced it. [0m
[1;37m integrate approx hint [0m [0m (conditionning) [0m [3;31m 	 Unworthy hint, Forced it. [0m
[1;37m integrate approx hint [0m [0m (conditionning) [0m [3;31m 	 Unworthy hint, Forced it. [0m
[1;37m integrate approx hint [0m [0m (conditionning) [0m [3;31m 	 Unworthy hint, Forced it. [0m
[1;37m integrate approx hint [0m [0m (conditionning) [0m [3;31m 	 Unworthy hint, Forced it. [0m
[1;37m integrate approx hint [0m [0m (conditionning) [0m [3;31m 	 Unworthy hint, Forced it. [0m
[1;37m integrate approx hint [0m [0m (conditionning) [0m [3;31m 	 Unworthy hint, Forced it. [0m
[1;37m integrate approx hint [0m [0m (conditionning) [0m [3;31m 	 Unworthy hint, Forced it. [0m
[1;37m integrate approx hint [0m [0m (conditionning) [0m [3;31m 	 Unworthy hint, Forced it. [0m
[1;37m integrate approx hint [0m [0m (conditionning) [0m [3;31m 	 Unworthy hint, Forced it. [0m
[1;37m integrate approx hint [0m [0m (conditionning) [0m [3;31m 	 Unworthy hint, Forced it. [0m
[1;37m integrate approx hint [0m [0m (conditionning) [0m [3;31m 	 Unworthy hint, Forced it. [0m
[1;37m integrate approx hint [0m [0m (conditionning) [0m [3;31m 	 Unworthy hint, Forced it. [0m
[1;37m integrate approx hint [0m [0m (conditionning) [0m [3;31m 	 Unworthy hint, Forced it. [0m
[1;37m integrate approx hint [0m [0m (conditionning) [0m [3;31m 	 Unworthy hint, Forced it. [0m
[1;37m integrate approx hint [0m [0m (conditionning) [0m [3;31m 	 Unworthy hint, Forced it. [0m
[1;37m integrate approx hint [0m [0m (conditionning) [0m [3;31m 	 Unworthy hint, Forced it. [0m
[1;37m integrate approx hint [0m [0m (conditionning) [0m [3;31m 	 Unworthy hint, Forced it. [0m
[1;37m integrate approx hint [0m [0m (conditionning) [0m [3;31m 	 Unworthy hint, Forced it. [0m
[1;37m integrate approx hint [0m [0m (conditionning) [0m [3;31m 	 Unworthy hint, Forced it. [0m
[1;37m integrate approx hint [0m [0m (conditionning) [0m [3;31m 	 Unworthy hint, Forced it. [0m
[1;37m integrate approx hint [0m [0m (conditionning) [0m [3;31m 	 Unworthy hint, Forced it. [0m
[1;37m integrate approx hint [0m [0m (conditionning) [0m [3;31m 	 Unworthy hint, Forced it. [0m
[1;37m integrate approx hint [0m [0m (conditionning) [0m [3;31m 	 Unworthy hint, Forced it. [0m
[1;37m integrate approx hint [0m [0m (conditionning) [0m [3;31m 	 Unworthy hint, Forced it. [0m
[1;37m integrate approx hint [0m [0m (conditionning) [0m [3;31m 	 Unworthy hint, Forced it. [0m
[3;31m 	 Unworthy hint, Forced it. [0m
[1;37m integrate approx hint [0m [0m (conditionning) [0m [1;37m integrate approx hint [0m [0m (conditionning) [0m [3;31m 	 Unworthy hint, Forced it. [0m
[1;37m integrate approx hint [0m [0m (conditionning) [0m [3;31m 	 Unworthy hint, Forced it. [0m
[1;37m integrate approx hint [0m [0m (conditionning) [0m [3;31m 	 Unworthy hint, Forced it. [0m
[3;31m 	 Unworthy hint, Forced it. [0m
[1;37m integrate approx hint [0m [0m (conditionning) [0m [1;37m integrate approx hint [0m [0m (conditionning) [0m [3;31m 	 Unworthy hint, Forced it. [0m
[1;37m integrate approx hint [0m [0m (conditionning) [0m [3;31m 	 Unworthy hint, Forced it. [0m
[1;37m integrate approx hint [0m [0m (conditionning) [0m [3;31m 	 Unworthy hint, Forced it. [0m
[1;37m integrate approx hint [0m [0m (conditionning) [0m [3;31m 	 Unworthy hint, Forced it. [0m
[1;37m integrate approx hint [0m [0m (conditionning) [0m [3;31m 	 Unworthy hint, Forced it. [0m
[1;37m integrate approx hint [0m [0m (conditionning) [0m [3;31m 	 Unworthy hint, Forced it. [0m
[1;37m integrate approx hint [0m [0m (conditionning) [0m [3;31m 	 Unworthy hint, Forced it. [0m
[1;37m integrate approx hint [0m [0m (conditionning) [0m [3;31m 	 Unworthy hint, Forced it. [0m
[1;37m integrate approx hint [0m [0m (conditionning) [0m [3;31m 	 Unworthy hint, Forced it. [0m
[1;37m integrate approx hint [0m [0m (conditionning) [0m [3;31m 	 Unworthy hint, Forced it. [0m
[1;37m integrate approx hint [0m [0m (conditionning) [0m [3;31m 	 Unworthy hint, Forced it. [0m
[1;37m integrate approx hint [0m [0m (conditionning) [0m [3;31m 	 Unworthy hint, Forced it. [0m
[3;31m 	 Unworthy hint, Forced it. [0m
[1;37m integrate approx hint [0m [0m (conditionning) [0m [1;37m integrate approx hint [0m [0m (conditionning) [0m [3;31m 	 Unworthy hint, Forced it. [0m
[1;37m integrate approx hint [0m [0m (conditionning) [0m [3;31m 	 Unworthy hint, Forced it. [0m
[1;37m integrate approx hint [0m [0m (conditionning) [0m [3;31m 	 Unworthy hint, Forced it. [0m
[1;37m integrate approx hint [0m [0m (conditionning) [0m [3;31m 	 Unworthy hint, Forced it. [0m
[1;37m integrate approx hint [0m [0m (conditionning) [0m [3;31m 	 Unworthy hint, Forced it. [0m
[1;37m integrate approx hint [0m [0m (conditionning) [0m [3;31m 	 Unworthy hint, Forced it. [0m
[1;37m integrate approx hint [0m [0m (conditionning) [0m [3;31m 	 Unworthy hint, Forced it. [0m
[1;37m integrate approx hint [0m [0m (conditionning) [0m [3;31m 	 Unworthy hint, Forced it. [0m
[1;37m integrate approx hint [0m [0m (conditionning) [0m [3;31m 	 Unworthy hint, Forced it. [0m
[1;37m integrate approx hint [0m [0m (conditionning) [0m [3;31m 	 Unworthy hint, Forced it. [0m
[1;37m integrate approx hint [0m [0m (conditionning) [0m [3;31m 	 Unworthy hint, Forced it. [0m
[1;37m integrate approx hint [0m [0m (conditionning) [0m [3;31m 	 Unworthy hint, Forced it. [0m
[1;37m integrate approx hint [0m [0m (conditionning) [0m [3;31m 	 Unworthy hint, Forced it. [0m
[1;37m integrate approx hint [0m [0m (conditionning) [0m [3;31m 	 Unworthy hint, Forced it. [0m
[1;37m integrate approx hint [0m [0m (conditionning) [0m [3;31m 	 Unworthy hint, Forced it. [0m
[1;37m integrate approx hint [0m [0m (conditionning) [0m [3;31m 	 Unworthy hint, Forced it. [0m
[1;37m integrate approx hint [0m [0m (conditionning) [0m [3;31m 	 Unworthy hint, Forced it. [0m
[1;37m integrate approx hint [0m [0m (conditionning) [0m [3;31m 	 Unworthy hint, Forced it. [0m
[1;37m integrate approx hint [0m [0m (conditionning) [0m [3;31m 	 Unworthy hint, Forced it. [0m
[3;31m 	 Unworthy hint, Forced it. [0m
[1;37m integrate approx hint [0m [0m (conditionning) [0m [1;37m integrate approx hint [0m [0m (conditionning) [0m [3;31m 	 Unworthy hint, Forced it. [0m
[1;37m integrate approx hint [0m [0m (conditionning) [0m [3;31m 	 Unworthy hint, Forced it. [0m
[1;37m integrate approx hint [0m [0m (conditionning) [0m [3;31m 	 Unworthy hint, Forced it. [0m
[1;37m integrate approx hint [0m [0m (conditionning) [0m [3;31m 	 Unworthy hint, Forced it. [0m
[1;37m integrate approx hint [0m [0m (conditionning) [0m [3;31m 	 Unworthy hint, Forced it. [0m
[1;37m integrate approx hint [0m [0m (conditionning) [0m [3;31m 	 Unworthy hint, Forced it. [0m
[1;37m integrate approx hint [0m [0m (conditionning) [0m [3;31m 	 Unworthy hint, Forced it. [0m
[1;37m integrate approx hint [0m [0m (conditionning) [0m [3;31m 	 Unworthy hint, Forced it. [0m
[1;37m integrate approx hint [0m [0m (conditionning) [0m [3;31m 	 Unworthy hint, Forced it. [0m
[1;37m integrate approx hint [0m [0m (conditionning) [0m [3;31m 	 Unworthy hint, Forced it. [0m
[1;37m integrate approx hint [0m [0m (conditionning) [0m [3;31m 	 Unworthy hint, Forced it. [0m
[1;37m integrate approx hint [0m [0m (conditionning) [0m [3;31m 	 Unworthy hint, Forced it. [0m
[1;37m integrate approx hint [0m [0m (conditionning) [0m [3;31m 	 Unworthy hint, Forced it. [0m
[1;37m integrate approx hint [0m [0m (conditionning) [0m [3;31m 	 Unworthy hint, Forced it. [0m
[1;37m integrate approx hint [0m [0m (conditionning) [0m [3;31m 	 Unworthy hint, Forced it. [0m
[1;37m integrate approx hint [0m [0m (conditionning) [0m [3;31m 	 Unworthy hint, Forced it. [0m
[1;37m integrate approx hint [0m [0m (conditionning) [0m [3;31m 	 Unworthy hint, Forced it. [0m
[1;37m integrate approx hint [0m [0m (conditionning) [0m [3;31m 	 Unworthy hint, Forced it. [0m
[1;37m integrate approx hint [0m [0m (conditionning) [0m [3;31m 	 Unworthy hint, Forced it. [0m
[1;37m integrate approx hint [0m [0m (conditionning) [0m [3;31m 	 Unworthy hint, Forced it. [0m
[1;37m integrate approx hint [0m [0m (conditionning) [0m [3;31m 	 Unworthy hint, Forced it. [0m
[1;37m integrate approx hint [0m [0m (conditionning) [0m [3;31m 	 Unworthy hint, Forced it. [0m
[3;31m 	 Unworthy hint, Forced it. [0m
[1;37m integrate approx hint [0m [0m (conditionning) [0m [3;31m 	 Unworthy hint, Forced it. [0m
[1;37m integrate approx hint [0m [0m (conditionning) [0m [3;31m 	 Unworthy hint, Forced it. [0m
[1;37m integrate approx hint [0m [0m (conditionning) [0m [1;37m integrate approx hint [0m [0m (conditionning) [0m [3;31m 	 Unworthy hint, Forced it. [0m
[1;37m integrate approx hint [0m [0m (conditionning) [0m [3;31m 	 Unworthy hint, Forced it. [0m
[1;37m integrate approx hint [0m [0m (conditionning) [0m [3;31m 	 Unworthy hint, Forced it. [0m
[1;37m integrate approx hint [0m [0m (conditionning) [0m [3;31m 	 Unworthy hint, Forced it. [0m
[1;37m integrate approx hint [0m [0m (conditionning) [0m [3;31m 	 Unworthy hint, Forced it. [0m
[1;37m integrate approx hint [0m [0m (conditionning) [0m [3;31m 	 Unworthy hint, Forced it. [0m
[1;37m integrate approx hint [0m [0m (conditionning) [0m [3;31m 	 Unworthy hint, Forced it. [0m
[1;37m integrate approx hint [0m [0m (conditionning) [0m [3;31m 	 Unworthy hint, Forced it. [0m
[1;37m integrate approx hint [0m [0m (conditionning) [0m [3;31m 	 Unworthy hint, Forced it. [0m
[1;37m integrate approx hint [0m [0m (conditionning) [0m [3;31m 	 Unworthy hint, Forced it. [0m
[1;37m integrate approx hint [0m [0m (conditionning) [0m [3;31m 	 Unworthy hint, Forced it. [0m
[1;37m integrate approx hint [0m [0m (conditionning) [0m [3;31m 	 Unworthy hint, Forced it. [0m
[1;37m integrate approx hint [0m [0m (conditionning) [0m [3;31m 	 Unworthy hint, Forced it. [0m
[1;37m integrate approx hint [0m [0m (conditionning) [0m [3;31m 	 Unworthy hint, Forced it. [0m
[1;37m integrate approx hint [0m [0m (conditionning) [0m [3;31m 	 Unworthy hint, Forced it. [0m
[1;37m integrate approx hint [0m [0m (conditionning) [0m [3;31m 	 Unworthy hint, Forced it. [0m
[1;37m integrate approx hint [0m [0m (conditionning) [0m [3;31m 	 Unworthy hint, Forced it. [0m
[1;37m integrate approx hint [0m [0m (conditionning) [0m [3;31m 	 Unworthy hint, Forced it. [0m
[1;37m integrate approx hint [0m [0m (conditionning) [0m [3;31m 	 Unworthy hint, Forced it. [0m
[1;37m integrate approx hint [0m [0m (conditionning) [0m [3;31m 	 Unworthy hint, Forced it. [0m
[1;37m integrate approx hint [0m [0m (conditionning) [0m [3;31m 	 Unworthy hint, Forced it. [0m
[1;37m integrate approx hint [0m [0m (conditionning) [0m [3;31m 	 Unworthy hint, Forced it. [0m
[1;37m integrate approx hint [0m [0m (conditionning) [0m [3;31m 	 Unworthy hint, Forced it. [0m
[1;37m integrate approx hint [0m [0m (conditionning) [0m [3;31m 	 Unworthy hint, Forced it. [0m
[3;31m 	 Unworthy hint, Forced it. [0m
[1;37m integrate approx hint [0m [0m (conditionning) [0m [1;37m integrate approx hint [0m [0m (conditionning) [0m [3;31m 	 Unworthy hint, Forced it. [0m
[1;37m integrate approx hint [0m [0m (conditionning) [0m [3;31m 	 Unworthy hint, Forced it. [0m
[1;37m integrate approx hint [0m [0m (conditionning) [0m [3;31m 	 Unworthy hint, Forced it. [0m
[1;37m integrate approx hint [0m [0m (conditionning) [0m [3;31m 	 Unworthy hint, Forced it. [0m
[1;37m integrate approx hint [0m [0m (conditionning) [0m [3;31m 	 Unworthy hint, Forced it. [0m
[1;37m integrate approx hint [0m [0m (conditionning) [0m [3;31m 	 Unworthy hint, Forced it. [0m
[1;37m integrate approx hint [0m [0m (conditionning) [0m [3;31m 	 Unworthy hint, Forced it. [0m
[1;37m integrate approx hint [0m [0m (conditionning) [0m [3;31m 	 Unworthy hint, Forced it. [0m
[1;37m integrate approx hint [0m [0m (conditionning) [0m [3;31m 	 Unworthy hint, Forced it. [0m
[1;37m integrate approx hint [0m [0m (conditionning) [0m [3;31m 	 Unworthy hint, Forced it. [0m
[1;37m integrate approx hint [0m [0m (conditionning) [0m [3;31m 	 Unworthy hint, Forced it. [0m
[1;37m integrate approx hint [0m [0m (conditionning) [0m [3;31m 	 Unworthy hint, Forced it. [0m
[1;37m integrate approx hint [0m [0m (conditionning) [0m [3;31m 	 Unworthy hint, Forced it. [0m
[1;37m integrate approx hint [0m [0m (conditionning) [0m [3;31m 	 Unworthy hint, Forced it. [0m
[1;37m integrate approx hint [0m [0m (conditionning) [0m [3;31m 	 Unworthy hint, Forced it. [0m
[1;37m integrate approx hint [0m [0m (conditionning) [0m [3;31m 	 Unworthy hint, Forced it. [0m
[1;37m integrate approx hint [0m [0m (conditionning) [0m [3;31m 	 Unworthy hint, Forced it. [0m
[1;37m integrate approx hint [0m [0m (conditionning) [0m [3;31m 	 Unworthy hint, Forced it. [0m
[1;37m integrate approx hint [0m [0m (conditionning) [0m [3;31m 	 Unworthy hint, Forced it. [0m
[1;37m integrate approx hint [0m [0m (conditionning) [0m [3;31m 	 Unworthy hint, Forced it. [0m
[1;37m integrate approx hint [0m [0m (conditionning) [0m [3;31m 	 Unworthy hint, Forced it. [0m
[1;37m integrate approx hint [0m [0m (conditionning) [0m [3;31m 	 Unworthy hint, Forced it. [0m
[1;37m integrate approx hint [0m [0m (conditionning) [0m [3;31m 	 Unworthy hint, Forced it. [0m
[1;37m integrate approx hint [0m [0m (conditionning) [0m [3;31m 	 Unworthy hint, Forced it. [0m
[1;37m integrate approx hint [0m [0m (conditionning) [0m [3;31m 	 Unworthy hint, Forced it. [0m
[1;37m integrate approx hint [0m [0m (conditionning) [0m [3;31m 	 Unworthy hint, Forced it. [0m
[1;37m integrate approx hint [0m [0m (conditionning) [0m [3;31m 	 Unworthy hint, Forced it. [0m
[1;37m integrate approx hint [0m [0m (conditionning) [0m [3;31m 	 Unworthy hint, Forced it. [0m
[1;37m integrate approx hint [0m [0m (conditionning) [0m [3;31m 	 Unworthy hint, Forced it. [0m
[1;37m integrate approx hint [0m [0m (conditionning) [0m [3;31m 	 Unworthy hint, Forced it. [0m
[3;31m 	 Unworthy hint, Forced it. [0m
[1;37m integrate approx hint [0m [0m (conditionning) [0m [1;37m integrate approx hint [0m [0m (conditionning) [0m [3;31m 	 Unworthy hint, Forced it. [0m
[1;37m integrate approx hint [0m [0m (conditionning) [0m [3;31m 	 Unworthy hint, Forced it. [0m
[1;37m integrate approx hint [0m [0m (conditionning) [0m [3;31m 	 Unworthy hint, Forced it. [0m
[1;37m integrate approx hint [0m [0m (conditionning) [0m [3;31m 	 Unworthy hint, Forced it. [0m
[1;37m integrate approx hint [0m [0m (conditionning) [0m [3;31m 	 Unworthy hint, Forced it. [0m
[1;37m integrate approx hint [0m [0m (conditionning) [0m [3;31m 	 Unworthy hint, Forced it. [0m
[1;37m integrate approx hint [0m [0m (conditionning) [0m [3;31m 	 Unworthy hint, Forced it. [0m
[1;37m integrate approx hint [0m [0m (conditionning) [0m [3;31m 	 Unworthy hint, Forced it. [0m
[1;37m integrate approx hint [0m [0m (conditionning) [0m [3;31m 	 Unworthy hint, Forced it. [0m
[1;37m integrate approx hint [0m [0m (conditionning) [0m [3;31m 	 Unworthy hint, Forced it. [0m
[1;37m integrate approx hint [0m [0m (conditionning) [0m [3;31m 	 Unworthy hint, Forced it. [0m
[1;37m integrate approx hint [0m [0m (conditionning) [0m [3;31m 	 Unworthy hint, Forced it. [0m
[1;37m integrate approx hint [0m [0m (conditionning) [0m [3;31m 	 Unworthy hint, Forced it. [0m
[1;37m integrate approx hint [0m [0m (conditionning) [0m [3;31m 	 Unworthy hint, Forced it. [0m
[1;37m integrate approx hint [0m [0m (conditionning) [0m [3;31m 	 Unworthy hint, Forced it. [0m
[1;37m integrate approx hint [0m [0m (conditionning) [0m [3;31m 	 Unworthy hint, Forced it. [0m
[1;37m integrate approx hint [0m [0m (conditionning) [0m [3;31m 	 Unworthy hint, Forced it. [0m
[1;37m integrate approx hint [0m [0m (conditionning) [0m [3;31m 	 Unworthy hint, Forced it. [0m
[1;37m integrate approx hint [0m [0m (conditionning) [0m [3;31m 	 Unworthy hint, Forced it. [0m
[1;37m integrate approx hint [0m [0m (conditionning) [0m [3;31m 	 Unworthy hint, Forced it. [0m
[1;37m integrate approx hint [0m [0m (conditionning) [0m [3;31m 	 Unworthy hint, Forced it. [0m
[1;37m integrate approx hint [0m [0m (conditionning) [0m [3;31m 	 Unworthy hint, Forced it. [0m
[1;37m integrate approx hint [0m [0m (conditionning) [0m [3;31m 	 Unworthy hint, Forced it. [0m
[1;37m integrate approx hint [0m [0m (conditionning) [0m [3;31m 	 Unworthy hint, Forced it. [0m
[1;37m integrate approx hint [0m [0m (conditionning) [0m [3;31m 	 Unworthy hint, Forced it. [0m
[1;37m integrate approx hint [0m [0m (conditionning) [0m [3;31m 	 Unworthy hint, Forced it. [0m
[1;37m integrate approx hint [0m [0m (conditionning) [0m [3;31m 	 Unworthy hint, Forced it. [0m
[1;37m integrate approx hint [0m [0m (conditionning) [0m [3;31m 	 Unworthy hint, Forced it. [0m
[1;37m integrate approx hint [0m [0m (conditionning) [0m [3;31m 	 Unworthy hint, Forced it. [0m
[1;37m integrate approx hint [0m [0m (conditionning) [0m [3;31m 	 Unworthy hint, Forced it. [0m
[1;37m integrate approx hint [0m [0m (conditionning) [0m [3;31m 	 Unworthy hint, Forced it. [0m
[1;37m integrate approx hint [0m [0m (conditionning) [0m [3;31m 	 Unworthy hint, Forced it. [0m
[1;37m integrate approx hint [0m [0m (conditionning) [0m [3;31m 	 Unworthy hint, Forced it. [0m
[1;37m integrate approx hint [0m [0m (conditionning) [0m [3;31m 	 Unworthy hint, Forced it. [0m
[1;37m integrate approx hint [0m [0m (conditionning) [0m [3;31m 	 Unworthy hint, Forced it. [0m
[1;37m integrate approx hint [0m [0m (conditionning) [0m [3;31m 	 Unworthy hint, Forced it. [0m
[1;37m integrate approx hint [0m [0m (conditionning) [0m [3;31m 	 Unworthy hint, Forced it. [0m
[1;37m integrate approx hint [0m [0m (conditionning) [0m [3;31m 	 Unworthy hint, Forced it. [0m
[1;37m integrate approx hint [0m [0m (conditionning) [0m [3;31m 	 Unworthy hint, Forced it. [0m
[1;37m integrate approx hint [0m [0m (conditionning) [0m [3;31m 	 Unworthy hint, Forced it. [0m
[1;37m integrate approx hint [0m [0m (conditionning) [0m [3;31m 	 Unworthy hint, Forced it. [0m
[3;31m 	 Unworthy hint, Forced it. [0m
[1;37m integrate approx hint [0m [0m (conditionning) [0m [1;37m integrate approx hint [0m [0m (conditionning) [0m [3;31m 	 Unworthy hint, Forced it. [0m
[1;37m integrate approx hint [0m [0m (conditionning) [0m [3;31m 	 Unworthy hint, Forced it. [0m
[1;37m integrate approx hint [0m [0m (conditionning) [0m [3;31m 	 Unworthy hint, Forced it. [0m
[1;37m integrate approx hint [0m [0m (conditionning) [0m [3;31m 	 Unworthy hint, Forced it. [0m
[1;37m integrate approx hint [0m [0m (conditionning) [0m [3;31m 	 Unworthy hint, Forced it. [0m
[1;37m integrate approx hint [0m [0m (conditionning) [0m [3;31m 	 Unworthy hint, Forced it. [0m
[1;37m integrate approx hint [0m [0m (conditionning) [0m [3;31m 	 Unworthy hint, Forced it. [0m
[3;31m 	 Unworthy hint, Forced it. [0m
[1;37m integrate approx hint [0m [0m (conditionning) [0m [1;37m integrate approx hint [0m [0m (conditionning) [0m [3;31m 	 Unworthy hint, Forced it. [0m
[1;37m integrate approx hint [0m [0m (conditionning) [0m [3;31m 	 Unworthy hint, Forced it. [0m
[1;37m integrate approx hint [0m [0m (conditionning) [0m [3;31m 	 Unworthy hint, Forced it. [0m
[1;37m integrate approx hint [0m [0m (conditionning) [0m [3;31m 	 Unworthy hint, Forced it. [0m
[1;37m integrate approx hint [0m [0m (conditionning) [0m [3;31m 	 Unworthy hint, Forced it. [0m
[1;37m integrate approx hint [0m [0m (conditionning) [0m [3;31m 	 Unworthy hint, Forced it. [0m
[1;37m integrate approx hint [0m [0m (conditionning) [0m [3;31m 	 Unworthy hint, Forced it. [0m
[1;37m integrate approx hint [0m [0m (conditionning) [0m [3;31m 	 Unworthy hint, Forced it. [0m
[1;37m integrate approx hint [0m [0m (conditionning) [0m [3;31m 	 Unworthy hint, Forced it. [0m
[1;37m integrate approx hint [0m [0m (conditionning) [0m [3;31m 	 Unworthy hint, Forced it. [0m
[1;37m integrate approx hint [0m [0m (conditionning) [0m [3;31m 	 Unworthy hint, Forced it. [0m
[1;37m integrate approx hint [0m [0m (conditionning) [0m [3;31m 	 Unworthy hint, Forced it. [0m
[1;37m integrate approx hint [0m [0m (conditionning) [0m [3;31m 	 Unworthy hint, Forced it. [0m
[1;37m integrate approx hint [0m [0m (conditionning) [0m [3;31m 	 Unworthy hint, Forced it. [0m
[1;37m integrate approx hint [0m [0m (conditionning) [0m [3;31m 	 Unworthy hint, Forced it. [0m
[1;37m integrate approx hint [0m [0m (conditionning) [0m [3;31m 	 Unworthy hint, Forced it. [0m
[1;37m integrate approx hint [0m [0m (conditionning) [0m [3;31m 	 Unworthy hint, Forced it. [0m
[1;37m integrate approx hint [0m [0m (conditionning) [0m [3;31m 	 Unworthy hint, Forced it. [0m
[1;37m integrate approx hint [0m [0m (conditionning) [0m [3;31m 	 Unworthy hint, Forced it. [0m
[1;37m integrate approx hint [0m [0m (conditionning) [0m [3;31m 	 Unworthy hint, Forced it. [0m
[1;37m integrate approx hint [0m [0m (conditionning) [0m [3;31m 	 Unworthy hint, Forced it. [0m
[1;37m integrate approx hint [0m [0m (conditionning) [0m [3;31m 	 Unworthy hint, Forced it. [0m
[1;37m integrate approx hint [0m [0m (conditionning) [0m [3;31m 	 Unworthy hint, Forced it. [0m
[1;37m integrate approx hint [0m [0m (conditionning) [0m [3;31m 	 Unworthy hint, Forced it. [0m
[1;37m integrate approx hint [0m [0m (conditionning) [0m [3;31m 	 Unworthy hint, Forced it. [0m
[1;37m integrate approx hint [0m [0m (conditionning) [0m [3;31m 	 Unworthy hint, Forced it. [0m
[1;37m integrate approx hint [0m [0m (conditionning) [0m [3;31m 	 Unworthy hint, Forced it. [0m
[1;37m integrate approx hint [0m [0m (conditionning) [0m [3;31m 	 Unworthy hint, Forced it. [0m
[1;37m integrate approx hint [0m [0m (conditionning) [0m [3;31m 	 Unworthy hint, Forced it. [0m
[1;37m integrate approx hint [0m [0m (conditionning) [0m [3;31m 	 Unworthy hint, Forced it. [0m
[1;37m integrate approx hint [0m [0m (conditionning) [0m [3;31m 	 Unworthy hint, Forced it. [0m
[1;37m integrate approx hint [0m [0m (conditionning) [0m [3;31m 	 Unworthy hint, Forced it. [0m
[1;37m integrate approx hint [0m [0m (conditionning) [0m [3;31m 	 Unworthy hint, Forced it. [0m
[1;37m integrate approx hint [0m [0m (conditionning) [0m [3;31m 	 Unworthy hint, Forced it. [0m
[1;37m integrate approx hint [0m [0m (conditionning) [0m [3;31m 	 Unworthy hint, Forced it. [0m
[1;37m integrate approx hint [0m [0m (conditionning) [0m [3;31m 	 Unworthy hint, Forced it. [0m
[1;37m integrate approx hint [0m [0m (conditionning) [0m [3;31m 	 Unworthy hint, Forced it. [0m
[1;37m integrate approx hint [0m [0m (conditionning) [0m [3;31m 	 Unworthy hint, Forced it. [0m
[1;37m integrate approx hint [0m [0m (conditionning) [0m [3;31m 	 Unworthy hint, Forced it. [0m
[1;37m integrate approx hint [0m [0m (conditionning) [0m [3;31m 	 Unworthy hint, Forced it. [0m
[1;37m integrate approx hint [0m [0m (conditionning) [0m [3;31m 	 Unworthy hint, Forced it. [0m
[1;37m integrate approx hint [0m [0m (conditionning) [0m [3;31m 	 Unworthy hint, Forced it. [0m
[1;37m integrate approx hint [0m [0m (conditionning) [0m [3;31m 	 Unworthy hint, Forced it. [0m
[1;37m integrate approx hint [0m [0m (conditionning) [0m [3;31m 	 Unworthy hint, Forced it. [0m
[1;37m integrate approx hint [0m [0m (conditionning) [0m [3;31m 	 Unworthy hint, Forced it. [0m
[1;37m integrate approx hint [0m [0m (conditionning) [0m [3;31m 	 Unworthy hint, Forced it. [0m
[1;37m integrate approx hint [0m [0m (conditionning) [0m [3;31m 	 Unworthy hint, Forced it. [0m
[1;37m integrate approx hint [0m [0m (conditionning) [0m [3;31m 	 Unworthy hint, Forced it. [0m
[3;31m 	 Unworthy hint, Forced it. [0m
[1;37m integrate approx hint [0m [0m (conditionning) [0m [1;37m integrate approx hint [0m [0m (conditionning) [0m [3;31m 	 Unworthy hint, Forced it. [0m
[1;37m integrate approx hint [0m [0m (conditionning) [0m [3;31m 	 Unworthy hint, Forced it. [0m
[1;37m integrate approx hint [0m [0m (conditionning) [0m [3;31m 	 Unworthy hint, Forced it. [0m
[1;37m integrate approx hint [0m [0m (conditionning) [0m [3;31m 	 Unworthy hint, Forced it. [0m
[1;37m integrate approx hint [0m [0m (conditionning) [0m [3;31m 	 Unworthy hint, Forced it. [0m
[1;37m integrate approx hint [0m [0m (conditionning) [0m [3;31m 	 Unworthy hint, Forced it. [0m
[3;31m 	 Unworthy hint, Forced it. [0m
[1;37m integrate approx hint [0m [0m (conditionning) [0m [1;37m integrate approx hint [0m [0m (conditionning) [0m [3;31m 	 Unworthy hint, Forced it. [0m
[1;37m integrate approx hint [0m [0m (conditionning) [0m [3;31m 	 Unworthy hint, Forced it. [0m
[1;37m integrate approx hint [0m [0m (conditionning) [0m [3;31m 	 Unworthy hint, Forced it. [0m
[1;37m integrate approx hint [0m [0m (conditionning) [0m [3;31m 	 Unworthy hint, Forced it. [0m
[1;37m integrate approx hint [0m [0m (conditionning) [0m [3;31m 	 Unworthy hint, Forced it. [0m
[1;37m integrate approx hint [0m [0m (conditionning) [0m [3;31m 	 Unworthy hint, Forced it. [0m
[1;37m integrate approx hint [0m [0m (conditionning) [0m [3;31m 	 Unworthy hint, Forced it. [0m
[1;37m integrate approx hint [0m [0m (conditionning) [0m [3;31m 	 Unworthy hint, Forced it. [0m
[1;37m integrate approx hint [0m [0m (conditionning) [0m [3;31m 	 Unworthy hint, Forced it. [0m
[1;37m integrate approx hint [0m [0m (conditionning) [0m [3;31m 	 Unworthy hint, Forced it. [0m
[1;37m integrate approx hint [0m [0m (conditionning) [0m [3;31m 	 Unworthy hint, Forced it. [0m
[1;37m integrate approx hint [0m [0m (conditionning) [0m [3;31m 	 Unworthy hint, Forced it. [0m
[1;37m integrate approx hint [0m [0m (conditionning) [0m [3;31m 	 Unworthy hint, Forced it. [0m
[1;37m integrate approx hint [0m [0m (conditionning) [0m [3;31m 	 Unworthy hint, Forced it. [0m
[1;37m integrate approx hint [0m [0m (conditionning) [0m [3;31m 	 Unworthy hint, Forced it. [0m
[1;37m integrate approx hint [0m [0m (conditionning) [0m [3;31m 	 Unworthy hint, Forced it. [0m
[1;37m integrate approx hint [0m [0m (conditionning) [0m [3;31m 	 Unworthy hint, Forced it. [0m
[3;31m 	 Unworthy hint, Forced it. [0m
[1;37m integrate approx hint [0m [0m (conditionning) [0m [1;37m integrate approx hint [0m [0m (conditionning) [0m [3;31m 	 Unworthy hint, Forced it. [0m
[1;37m integrate approx hint [0m [0m (conditionning) [0m [3;31m 	 Unworthy hint, Forced it. [0m
[1;37m integrate approx hint [0m [0m (conditionning) [0m [3;31m 	 Unworthy hint, Forced it. [0m
[1;37m integrate approx hint [0m [0m (conditionning) [0m [3;31m 	 Unworthy hint, Forced it. [0m
[1;37m integrate approx hint [0m [0m (conditionning) [0m [3;31m 	 Unworthy hint, Forced it. [0m
[1;37m integrate approx hint [0m [0m (conditionning) [0m [3;31m 	 Unworthy hint, Forced it. [0m
[1;37m integrate approx hint [0m [0m (conditionning) [0m [3;31m 	 Unworthy hint, Forced it. [0m
[1;37m integrate approx hint [0m [0m (conditionning) [0m [3;31m 	 Unworthy hint, Forced it. [0m
[1;37m integrate approx hint [0m [0m (conditionning) [0m [3;31m 	 Unworthy hint, Forced it. [0m
[1;37m integrate approx hint [0m [0m (conditionning) [0m [3;31m 	 Unworthy hint, Forced it. [0m
[1;37m integrate approx hint [0m [0m (conditionning) [0m [3;31m 	 Unworthy hint, Forced it. [0m
[1;37m integrate approx hint [0m [0m (conditionning) [0m [3;31m 	 Unworthy hint, Forced it. [0m
[1;37m integrate approx hint [0m [0m (conditionning) [0m [3;31m 	 Unworthy hint, Forced it. [0m
[1;37m integrate approx hint [0m [0m (conditionning) [0m [3;31m 	 Unworthy hint, Forced it. [0m
[1;37m integrate approx hint [0m [0m (conditionning) [0m [3;31m 	 Unworthy hint, Forced it. [0m
[1;37m integrate approx hint [0m [0m (conditionning) [0m [3;31m 	 Unworthy hint, Forced it. [0m
[1;37m integrate approx hint [0m [0m (conditionning) [0m [3;31m 	 Unworthy hint, Forced it. [0m
[1;37m integrate approx hint [0m [0m (conditionning) [0m [3;31m 	 Unworthy hint, Forced it. [0m
[1;37m integrate approx hint [0m [0m (conditionning) [0m [3;31m 	 Unworthy hint, Forced it. [0m
[1;37m integrate approx hint [0m [0m (conditionning) [0m [3;31m 	 Unworthy hint, Forced it. [0m
[1;37m integrate approx hint [0m [0m (conditionning) [0m [3;31m 	 Unworthy hint, Forced it. [0m
[1;37m integrate approx hint [0m [0m (conditionning) [0m [3;31m 	 Unworthy hint, Forced it. [0m
[1;37m integrate approx hint [0m [0m (conditionning) [0m [3;31m 	 Unworthy hint, Forced it. [0m
[1;37m integrate approx hint [0m [0m (conditionning) [0m [3;31m 	 Unworthy hint, Forced it. [0m
[1;37m integrate approx hint [0m [0m (conditionning) [0m [3;31m 	 Unworthy hint, Forced it. [0m
[1;37m integrate approx hint [0m [0m (conditionning) [0m [3;31m 	 Unworthy hint, Forced it. [0m
[1;37m integrate approx hint [0m [0m (conditionning) [0m [3;31m 	 Unworthy hint, Forced it. [0m
[1;37m integrate approx hint [0m [0m (conditionning) [0m [3;31m 	 Unworthy hint, Forced it. [0m
[1;37m integrate approx hint [0m [0m (conditionning) [0m [3;31m 	 Unworthy hint, Forced it. [0m
[1;37m integrate approx hint [0m [0m (conditionning) [0m [3;31m 	 Unworthy hint, Forced it. [0m
[1;37m integrate approx hint [0m [0m (conditionning) [0m [3;31m 	 Unworthy hint, Forced it. [0m
[1;37m integrate approx hint [0m [0m (conditionning) [0m [3;31m 	 Unworthy hint, Forced it. [0m
[1;37m integrate approx hint [0m [0m (conditionning) [0m [3;31m 	 Unworthy hint, Forced it. [0m
[1;37m integrate approx hint [0m [0m (conditionning) [0m [3;31m 	 Unworthy hint, Forced it. [0m
[1;37m integrate approx hint [0m [0m (conditionning) [0m [3;31m 	 Unworthy hint, Forced it. [0m
[1;37m integrate approx hint [0m [0m (conditionning) [0m [3;31m 	 Unworthy hint, Forced it. [0m
[1;37m integrate approx hint [0m [0m (conditionning) [0m [3;31m 	 Unworthy hint, Forced it. [0m
[3;31m 	 Unworthy hint, Forced it. [0m
[1;37m integrate approx hint [0m [0m (conditionning) [0m [1;37m integrate approx hint [0m [0m (conditionning) [0m [3;31m 	 Unworthy hint, Forced it. [0m
[1;37m integrate approx hint [0m [0m (conditionning) [0m [3;31m 	 Unworthy hint, Forced it. [0m
[1;37m integrate approx hint [0m [0m (conditionning) [0m [3;31m 	 Unworthy hint, Forced it. [0m
[1;37m integrate approx hint [0m [0m (conditionning) [0m [3;31m 	 Unworthy hint, Forced it. [0m
[1;37m integrate approx hint [0m [0m (conditionning) [0m [3;31m 	 Unworthy hint, Forced it. [0m
[1;37m integrate approx hint [0m [0m (conditionning) [0m [3;31m 	 Unworthy hint, Forced it. [0m
[1;37m integrate approx hint [0m [0m (conditionning) [0m [3;31m 	 Unworthy hint, Forced it. [0m
[1;37m integrate approx hint [0m [0m (conditionning) [0m [3;31m 	 Unworthy hint, Forced it. [0m
[1;37m integrate approx hint [0m [0m (conditionning) [0m [3;31m 	 Unworthy hint, Forced it. [0m
[1;37m integrate approx hint [0m [0m (conditionning) [0m [3;31m 	 Unworthy hint, Forced it. [0m
[1;37m integrate approx hint [0m [0m (conditionning) [0m [3;31m 	 Unworthy hint, Forced it. [0m
[1;37m integrate approx hint [0m [0m (conditionning) [0m [3;31m 	 Unworthy hint, Forced it. [0m
[1;37m integrate approx hint [0m [0m (conditionning) [0m [3;31m 	 Unworthy hint, Forced it. [0m
[1;37m integrate approx hint [0m [0m (conditionning) [0m [3;31m 	 Unworthy hint, Forced it. [0m
[1;37m integrate approx hint [0m [0m (conditionning) [0m [3;31m 	 Unworthy hint, Forced it. [0m
[1;37m integrate approx hint [0m [0m (conditionning) [0m [3;31m 	 Unworthy hint, Forced it. [0m
[1;37m integrate approx hint [0m [0m (conditionning) [0m [3;31m 	 Unworthy hint, Forced it. [0m
[1;37m integrate approx hint [0m [0m (conditionning) [0m [3;31m 	 Unworthy hint, Forced it. [0m
[1;37m integrate approx hint [0m [0m (conditionning) [0m [3;31m 	 Unworthy hint, Forced it. [0m
[1;37m integrate approx hint [0m [0m (conditionning) [0m [3;31m 	 Unworthy hint, Forced it. [0m
[1;37m integrate approx hint [0m [0m (conditionning) [0m [3;31m 	 Unworthy hint, Forced it. [0m
[1;37m integrate approx hint [0m [0m (conditionning) [0m [3;31m 	 Unworthy hint, Forced it. [0m
[1;37m integrate approx hint [0m [0m (conditionning) [0m [3;31m 	 Unworthy hint, Forced it. [0m
[1;37m integrate approx hint [0m [0m (conditionning) [0m [3;31m 	 Unworthy hint, Forced it. [0m
[1;37m integrate approx hint [0m [0m (conditionning) [0m [3;31m 	 Unworthy hint, Forced it. [0m
[1;37m integrate approx hint [0m [0m (conditionning) [0m [3;31m 	 Unworthy hint, Forced it. [0m
[1;37m integrate approx hint [0m [0m (conditionning) [0m [3;31m 	 Unworthy hint, Forced it. [0m
[1;37m integrate approx hint [0m [0m (conditionning) [0m [3;31m 	 Unworthy hint, Forced it. [0m
[1;37m integrate approx hint [0m [0m (conditionning) [0m [3;31m 	 Unworthy hint, Forced it. [0m
[1;37m integrate approx hint [0m [0m (conditionning) [0m [3;31m 	 Unworthy hint, Forced it. [0m
[1;37m integrate approx hint [0m [0m (conditionning) [0m [3;31m 	 Unworthy hint, Forced it. [0m
[1;37m integrate approx hint [0m [0m (conditionning) [0m [3;31m 	 Unworthy hint, Forced it. [0m
[1;37m integrate approx hint [0m [0m (conditionning) [0m [3;31m 	 Unworthy hint, Forced it. [0m
[3;31m 	 Unworthy hint, Forced it. [0m
[1;37m integrate approx hint [0m [0m (conditionning) [0m [1;37m integrate approx hint [0m [0m (conditionning) [0m [3;31m 	 Unworthy hint, Forced it. [0m
[1;37m integrate approx hint [0m [0m (conditionning) [0m [3;31m 	 Unworthy hint, Forced it. [0m
[1;37m integrate approx hint [0m [0m (conditionning) [0m [3;31m 	 Unworthy hint, Forced it. [0m
[1;37m integrate approx hint [0m [0m (conditionning) [0m [3;31m 	 Unworthy hint, Forced it. [0m
[1;37m integrate approx hint [0m [0m (conditionning) [0m [3;31m 	 Unworthy hint, Forced it. [0m
[1;37m integrate approx hint [0m [0m (conditionning) [0m [3;31m 	 Unworthy hint, Forced it. [0m
[1;37m integrate approx hint [0m [0m (conditionning) [0m [3;31m 	 Unworthy hint, Forced it. [0m
[1;37m integrate approx hint [0m [0m (conditionning) [0m [3;31m 	 Unworthy hint, Forced it. [0m
[1;37m integrate approx hint [0m [0m (conditionning) [0m [3;31m 	 Unworthy hint, Forced it. [0m
[1;37m integrate approx hint [0m [0m (conditionning) [0m [3;31m 	 Unworthy hint, Forced it. [0m
[1;37m integrate approx hint [0m [0m (conditionning) [0m [3;31m 	 Unworthy hint, Forced it. [0m
[1;37m integrate approx hint [0m [0m (conditionning) [0m [3;31m 	 Unworthy hint, Forced it. [0m
[3;31m 	 Unworthy hint, Forced it. [0m
[1;37m integrate approx hint [0m [0m (conditionning) [0m [1;37m integrate approx hint [0m [0m (conditionning) [0m [3;31m 	 Unworthy hint, Forced it. [0m
[1;37m integrate approx hint [0m [0m (conditionning) [0m [3;31m 	 Unworthy hint, Forced it. [0m
[1;37m integrate approx hint [0m [0m (conditionning) [0m [3;31m 	 Unworthy hint, Forced it. [0m
[1;37m integrate approx hint [0m [0m (conditionning) [0m [3;31m 	 Unworthy hint, Forced it. [0m
[1;37m integrate approx hint [0m [0m (conditionning) [0m [3;31m 	 Unworthy hint, Forced it. [0m
[1;37m integrate approx hint [0m [0m (conditionning) [0m [3;31m 	 Unworthy hint, Forced it. [0m
[1;37m integrate approx hint [0m [0m (conditionning) [0m [3;31m 	 Unworthy hint, Forced it. [0m
[1;37m integrate approx hint [0m [0m (conditionning) [0m [3;31m 	 Unworthy hint, Forced it. [0m
[1;37m integrate approx hint [0m [0m (conditionning) [0m [3;31m 	 Unworthy hint, Forced it. [0m
[1;37m integrate approx hint [0m [0m (conditionning) [0m [3;31m 	 Unworthy hint, Forced it. [0m
[1;37m integrate approx hint [0m [0m (conditionning) [0m [3;31m 	 Unworthy hint, Forced it. [0m
[1;37m integrate approx hint [0m [0m (conditionning) [0m [3;31m 	 Unworthy hint, Forced it. [0m
[1;37m integrate approx hint [0m [0m (conditionning) [0m [3;31m 	 Unworthy hint, Forced it. [0m
[1;37m integrate approx hint [0m [0m (conditionning) [0m [3;31m 	 Unworthy hint, Forced it. [0m
[1;37m integrate approx hint [0m [0m (conditionning) [0m [3;31m 	 Unworthy hint, Forced it. [0m
[3;31m 	 Unworthy hint, Forced it. [0m
[1;37m integrate approx hint [0m [0m (conditionning) [0m [1;37m integrate approx hint [0m [0m (conditionning) [0m [3;31m 	 Unworthy hint, Forced it. [0m
[1;37m integrate approx hint [0m [0m (conditionning) [0m [3;31m 	 Unworthy hint, Forced it. [0m
[1;37m integrate approx hint [0m [0m (conditionning) [0m [3;31m 	 Unworthy hint, Forced it. [0m
[3;31m 	 Unworthy hint, Forced it. [0m
[1;37m integrate approx hint [0m [0m (conditionning) [0m [1;37m integrate approx hint [0m [0m (conditionning) [0m [3;31m 	 Unworthy hint, Forced it. [0m
[1;37m integrate approx hint [0m [0m (conditionning) [0m [3;31m 	 Unworthy hint, Forced it. [0m
[1;37m integrate approx hint [0m [0m (conditionning) [0m [3;31m 	 Unworthy hint, Forced it. [0m
[1;37m integrate approx hint [0m [0m (conditionning) [0m [3;31m 	 Unworthy hint, Forced it. [0m
[1;37m integrate approx hint [0m [0m (conditionning) [0m [3;31m 	 Unworthy hint, Forced it. [0m
[1;37m integrate approx hint [0m [0m (conditionning) [0m [3;31m 	 Unworthy hint, Forced it. [0m
[1;37m integrate approx hint [0m [0m (conditionning) [0m [3;31m 	 Unworthy hint, Forced it. [0m
[1;37m integrate approx hint [0m [0m (conditionning) [0m [3;31m 	 Unworthy hint, Forced it. [0m
[1;37m integrate approx hint [0m [0m (conditionning) [0m [3;31m 	 Unworthy hint, Forced it. [0m
[1;37m integrate approx hint [0m [0m (conditionning) [0m [3;31m 	 Unworthy hint, Forced it. [0m
[3;31m 	 Unworthy hint, Forced it. [0m
[1;37m integrate approx hint [0m [0m (conditionning) [0m [3;31m 	 Unworthy hint, Forced it. [0m
[1;37m integrate approx hint [0m [0m (conditionning) [0m [1;37m integrate approx hint [0m [0m (conditionning) [0m [3;31m 	 Unworthy hint, Forced it. [0m
[1;37m integrate approx hint [0m [0m (conditionning) [0m [3;31m 	 Unworthy hint, Forced it. [0m
[1;37m integrate approx hint [0m [0m (conditionning) [0m [3;31m 	 Unworthy hint, Forced it. [0m
[1;37m integrate approx hint [0m [0m (conditionning) [0m [3;31m 	 Unworthy hint, Forced it. [0m
[1;37m integrate approx hint [0m [0m (conditionning) [0m [3;31m 	 Unworthy hint, Forced it. [0m
[1;37m integrate approx hint [0m [0m (conditionning) [0m [3;31m 	 Unworthy hint, Forced it. [0m
[3;31m 	 Unworthy hint, Forced it. [0m
[1;37m integrate approx hint [0m [0m (conditionning) [0m [1;37m integrate approx hint [0m [0m (conditionning) [0m [3;31m 	 Unworthy hint, Forced it. [0m
[1;37m integrate approx hint [0m [0m (conditionning) [0m [3;31m 	 Unworthy hint, Forced it. [0m
[1;37m integrate approx hint [0m [0m (conditionning) [0m [3;31m 	 Unworthy hint, Forced it. [0m
[1;37m integrate approx hint [0m [0m (conditionning) [0m [3;31m 	 Unworthy hint, Forced it. [0m
[1;37m integrate approx hint [0m [0m (conditionning) [0m [3;31m 	 Unworthy hint, Forced it. [0m
[1;37m integrate approx hint [0m [0m (conditionning) [0m [3;31m 	 Unworthy hint, Forced it. [0m
[1;37m integrate approx hint [0m [0m (conditionning) [0m [3;31m 	 Unworthy hint, Forced it. [0m
[1;37m integrate approx hint [0m [0m (conditionning) [0m [3;31m 	 Unworthy hint, Forced it. [0m
[3;31m 	 Unworthy hint, Forced it. [0m
[1;37m integrate approx hint [0m [0m (conditionning) [0m [1;37m integrate approx hint [0m [0m (conditionning) [0m [3;31m 	 Unworthy hint, Forced it. [0m
[1;37m integrate approx hint [0m [0m (conditionning) [0m [3;31m 	 Unworthy hint, Forced it. [0m
[1;37m integrate approx hint [0m [0m (conditionning) [0m [3;31m 	 Unworthy hint, Forced it. [0m
[1;37m integrate approx hint [0m [0m (conditionning) [0m [3;31m 	 Unworthy hint, Forced it. [0m
[1;37m integrate approx hint [0m [0m (conditionning) [0m [3;31m 	 Unworthy hint, Forced it. [0m
[1;37m integrate approx hint [0m [0m (conditionning) [0m [3;31m 	 Unworthy hint, Forced it. [0m
[1;37m integrate approx hint [0m [0m (conditionning) [0m [3;31m 	 Unworthy hint, Forced it. [0m
[1;37m integrate approx hint [0m [0m (conditionning) [0m [3;31m 	 Unworthy hint, Forced it. [0m
[1;37m integrate approx hint [0m [0m (conditionning) [0m [3;31m 	 Unworthy hint, Forced it. [0m
[1;37m integrate approx hint [0m [0m (conditionning) [0m [3;31m 	 Unworthy hint, Forced it. [0m
[1;37m integrate approx hint [0m [0m (conditionning) [0m [3;31m 	 Unworthy hint, Forced it. [0m
[1;37m integrate approx hint [0m [0m (conditionning) [0m [3;31m 	 Unworthy hint, Forced it. [0m
[1;37m integrate approx hint [0m [0m (conditionning) [0m [3;31m 	 Unworthy hint, Forced it. [0m
[1;37m integrate approx hint [0m [0m (conditionning) [0m [3;31m 	 Unworthy hint, Forced it. [0m
[1;37m integrate approx hint [0m [0m (conditionning) [0m [3;31m 	 Unworthy hint, Forced it. [0m
[1;37m integrate approx hint [0m [0m (conditionning) [0m [3;31m 	 Unworthy hint, Forced it. [0m
[1;37m integrate approx hint [0m [0m (conditionning) [0m [3;31m 	 Unworthy hint, Forced it. [0m
[1;37m integrate approx hint [0m [0m (conditionning) [0m [3;31m 	 Unworthy hint, Forced it. [0m
[1;37m integrate approx hint [0m [0m (conditionning) [0m [3;31m 	 Unworthy hint, Forced it. [0m
[1;37m integrate approx hint [0m [0m (conditionning) [0m [3;31m 	 Unworthy hint, Forced it. [0m
[1;37m integrate approx hint [0m [0m (conditionning) [0m [3;31m 	 Unworthy hint, Forced it. [0m
[1;37m integrate approx hint [0m [0m (conditionning) [0m [3;31m 	 Unworthy hint, Forced it. [0m
[1;37m integrate approx hint [0m [0m (conditionning) [0m [3;31m 	 Unworthy hint, Forced it. [0m
[1;37m integrate approx hint [0m [0m (conditionning) [0m [3;31m 	 Unworthy hint, Forced it. [0m
[1;37m integrate approx hint [0m [0m (conditionning) [0m [3;31m 	 Unworthy hint, Forced it. [0m
[1;37m integrate approx hint [0m [0m (conditionning) [0m [3;31m 	 Unworthy hint, Forced it. [0m
[1;37m integrate approx hint [0m [0m (conditionning) [0m [3;31m 	 Unworthy hint, Forced it. [0m
[1;37m integrate approx hint [0m [0m (conditionning) [0m [3;31m 	 Unworthy hint, Forced it. [0m
[1;37m integrate approx hint [0m [0m (conditionning) [0m [3;31m 	 Unworthy hint, Forced it. [0m
[1;37m integrate approx hint [0m [0m (conditionning) [0m [3;31m 	 Unworthy hint, Forced it. [0m
[1;37m integrate approx hint [0m [0m (conditionning) [0m [3;31m 	 Unworthy hint, Forced it. [0m
[1;37m integrate approx hint [0m [0m (conditionning) [0m [3;31m 	 Unworthy hint, Forced it. [0m
[3;31m 	 Unworthy hint, Forced it. [0m
[1;37m integrate approx hint [0m [0m (conditionning) [0m [1;37m integrate approx hint [0m [0m (conditionning) [0m [3;31m 	 Unworthy hint, Forced it. [0m
[1;37m integrate approx hint [0m [0m (conditionning) [0m [3;31m 	 Unworthy hint, Forced it. [0m
[1;37m integrate approx hint [0m [0m (conditionning) [0m [3;31m 	 Unworthy hint, Forced it. [0m
[1;37m integrate approx hint [0m [0m (conditionning) [0m [3;31m 	 Unworthy hint, Forced it. [0m
[1;37m integrate approx hint [0m [0m (conditionning) [0m [3;31m 	 Unworthy hint, Forced it. [0m
[1;37m integrate approx hint [0m [0m (conditionning) [0m [3;31m 	 Unworthy hint, Forced it. [0m
[1;37m integrate approx hint [0m [0m (conditionning) [0m [3;31m 	 Unworthy hint, Forced it. [0m
[1;37m integrate approx hint [0m [0m (conditionning) [0m [3;31m 	 Unworthy hint, Forced it. [0m
[1;37m integrate approx hint [0m [0m (conditionning) [0m [3;31m 	 Unworthy hint, Forced it. [0m
[1;37m integrate approx hint [0m [0m (conditionning) [0m [3;31m 	 Unworthy hint, Forced it. [0m
[1;37m integrate approx hint [0m [0m (conditionning) [0m [3;31m 	 Unworthy hint, Forced it. [0m
[1;37m integrate approx hint [0m [0m (conditionning) [0m [3;31m 	 Unworthy hint, Forced it. [0m
[1;37m integrate approx hint [0m [0m (conditionning) [0m [3;31m 	 Unworthy hint, Forced it. [0m
[1;37m integrate approx hint [0m [0m (conditionning) [0m [3;31m 	 Unworthy hint, Forced it. [0m
[1;37m integrate approx hint [0m [0m (conditionning) [0m [3;31m 	 Unworthy hint, Forced it. [0m
[1;37m integrate approx hint [0m [0m (conditionning) [0m [3;31m 	 Unworthy hint, Forced it. [0m
[1;37m integrate approx hint [0m [0m (conditionning) [0m [3;31m 	 Unworthy hint, Forced it. [0m
[1;37m integrate approx hint [0m [0m (conditionning) [0m [3;31m 	 Unworthy hint, Forced it. [0m
[1;37m integrate approx hint [0m [0m (conditionning) [0m [3;31m 	 Unworthy hint, Forced it. [0m
[3;31m 	 Unworthy hint, Forced it. [0m
[1;37m integrate approx hint [0m [0m (conditionning) [0m [1;37m integrate approx hint [0m [0m (conditionning) [0m [3;31m 	 Unworthy hint, Forced it. [0m
[1;37m integrate approx hint [0m [0m (conditionning) [0m [3;31m 	 Unworthy hint, Forced it. [0m
[1;37m integrate approx hint [0m [0m (conditionning) [0m [3;31m 	 Unworthy hint, Forced it. [0m
[1;37m integrate approx hint [0m [0m (conditionning) [0m [3;31m 	 Unworthy hint, Forced it. [0m
[1;37m integrate approx hint [0m [0m (conditionning) [0m [3;31m 	 Unworthy hint, Forced it. [0m
[1;37m integrate approx hint [0m [0m (conditionning) [0m [3;31m 	 Unworthy hint, Forced it. [0m
[1;37m integrate approx hint [0m [0m (conditionning) [0m [3;31m 	 Unworthy hint, Forced it. [0m
[1;37m integrate approx hint [0m [0m (conditionning) [0m [3;31m 	 Unworthy hint, Forced it. [0m
[3;31m 	 Unworthy hint, Forced it. [0m
[1;37m integrate approx hint [0m [0m (conditionning) [0m [1;37m integrate approx hint [0m [0m (conditionning) [0m [3;31m 	 Unworthy hint, Forced it. [0m
[1;37m integrate approx hint [0m [0m (conditionning) [0m [3;31m 	 Unworthy hint, Forced it. [0m
[3;31m 	 Unworthy hint, Forced it. [0m
[1;37m integrate approx hint [0m [0m (conditionning) [0m [3;31m 	 Unworthy hint, Forced it. [0m
[1;37m integrate approx hint [0m [0m (conditionning) [0m [3;31m 	 Unworthy hint, Forced it. [0m
[1;37m integrate approx hint [0m [0m (conditionning) [0m [3;31m 	 Unworthy hint, Forced it. [0m
[1;37m integrate approx hint [0m [0m (conditionning) [0m [1;37m integrate approx hint [0m [0m (conditionning) [0m [3;31m 	 Unworthy hint, Forced it. [0m
[1;37m integrate approx hint [0m [0m (conditionning) [0m [3;31m 	 Unworthy hint, Forced it. [0m
[1;37m integrate approx hint [0m [0m (conditionning) [0m [3;31m 	 Unworthy hint, Forced it. [0m
[3;31m 	 Unworthy hint, Forced it. [0m
[1;37m integrate approx hint [0m [3;31m 	 Unworthy hint, Forced it. [0m
[0m (conditionning) [0m [1;37m integrate approx hint [0m [0m (conditionning) [0m [1;37m integrate approx hint [0m [0m (conditionning) [0m [3;31m 	 Unworthy hint, Forced it. [0m
[1;37m integrate approx hint [0m [0m (conditionning) [0m [3;31m 	 Unworthy hint, Forced it. [0m
[1;37m integrate approx hint [0m [0m (conditionning) [0m [3;31m 	 Unworthy hint, Forced it. [0m
[1;37m integrate approx hint [0m [0m (conditionning) [0m [3;31m 	 Unworthy hint, Forced it. [0m
[1;37m integrate approx hint [0m [0m (conditionning) [0m [3;31m 	 Unworthy hint, Forced it. [0m
[1;37m integrate approx hint [0m [0m (conditionning) [0m [3;31m 	 Unworthy hint, Forced it. [0m
[1;37m integrate approx hint [0m [0m (conditionning) [0m [3;31m 	 Unworthy hint, Forced it. [0m
[1;37m integrate approx hint [0m [0m (conditionning) [0m [3;31m 	 Unworthy hint, Forced it. [0m
[3;31m 	 Unworthy hint, Forced it. [0m
[1;37m integrate approx hint [0m [0m (conditionning) [0m [1;37m integrate approx hint [0m [0m (conditionning) [0m [3;31m 	 Unworthy hint, Forced it. [0m
[1;37m integrate approx hint [0m [0m (conditionning) [0m [3;31m 	 Unworthy hint, Forced it. [0m
[1;37m integrate approx hint [0m [0m (conditionning) [0m [3;31m 	 Unworthy hint, Forced it. [0m
[1;37m integrate approx hint [0m [0m (conditionning) [0m [3;31m 	 Unworthy hint, Forced it. [0m
[1;37m integrate approx hint [0m [0m (conditionning) [0m [3;31m 	 Unworthy hint, Forced it. [0m
[1;37m integrate approx hint [0m [0m (conditionning) [0m [3;31m 	 Unworthy hint, Forced it. [0m
[1;37m integrate approx hint [0m [0m (conditionning) [0m [3;31m 	 Unworthy hint, Forced it. [0m
[1;37m integrate approx hint [0m [0m (conditionning) [0m [3;31m 	 Unworthy hint, Forced it. [0m
[1;37m integrate approx hint [0m [0m (conditionning) [0m [3;31m 	 Unworthy hint, Forced it. [0m
[1;37m integrate approx hint [0m [0m (conditionning) [0m [3;31m 	 Unworthy hint, Forced it. [0m
[1;37m integrate approx hint [0m [0m (conditionning) [0m [3;31m 	 Unworthy hint, Forced it. [0m
[1;37m integrate approx hint [0m [0m (conditionning) [0m [3;31m 	 Unworthy hint, Forced it. [0m
[1;37m integrate approx hint [0m [0m (conditionning) [0m [3;31m 	 Unworthy hint, Forced it. [0m
[1;37m integrate approx hint [0m [0m (conditionning) [0m [3;31m 	 Unworthy hint, Forced it. [0m
[1;37m integrate approx hint [0m [0m (conditionning) [0m [3;31m 	 Unworthy hint, Forced it. [0m
[1;37m integrate approx hint [0m [0m (conditionning) [0m [3;31m 	 Unworthy hint, Forced it. [0m
[1;37m integrate approx hint [0m [0m (conditionning) [0m [3;31m 	 Unworthy hint, Forced it. [0m
[1;37m integrate approx hint [0m [0m (conditionning) [0m [3;31m 	 Unworthy hint, Forced it. [0m
[1;37m integrate approx hint [0m [0m (conditionning) [0m [3;31m 	 Unworthy hint, Forced it. [0m
[1;37m integrate approx hint [0m [0m (conditionning) [0m [3;31m 	 Unworthy hint, Forced it. [0m
[1;37m integrate approx hint [0m [0m (conditionning) [0m [3;31m 	 Unworthy hint, Forced it. [0m
[1;37m integrate approx hint [0m [0m (conditionning) [0m [3;31m 	 Unworthy hint, Forced it. [0m
[1;37m integrate approx hint [0m [0m (conditionning) [0m [3;31m 	 Unworthy hint, Forced it. [0m
[1;37m integrate approx hint [0m [0m (conditionning) [0m [3;31m 	 Unworthy hint, Forced it. [0m
[3;31m 	 Unworthy hint, Forced it. [0m
[1;37m integrate approx hint [0m [0m (conditionning) [0m [1;37m integrate approx hint [0m [0m (conditionning) [0m [3;31m 	 Unworthy hint, Forced it. [0m
[1;37m integrate approx hint [0m [0m (conditionning) [0m [3;31m 	 Unworthy hint, Forced it. [0m
[1;37m integrate approx hint [0m [0m (conditionning) [0m [3;31m 	 Unworthy hint, Forced it. [0m
[1;37m integrate approx hint [0m [0m (conditionning) [0m [3;31m 	 Unworthy hint, Forced it. [0m
[1;37m integrate approx hint [0m [0m (conditionning) [0m [3;31m 	 Unworthy hint, Forced it. [0m
[1;37m integrate approx hint [0m [0m (conditionning) [0m [3;31m 	 Unworthy hint, Forced it. [0m
[1;37m integrate approx hint [0m [0m (conditionning) [0m [3;31m 	 Unworthy hint, Forced it. [0m
[1;37m integrate approx hint [0m [0m (conditionning) [0m [3;31m 	 Unworthy hint, Forced it. [0m
[1;37m integrate approx hint [0m [0m (conditionning) [0m [3;31m 	 Unworthy hint, Forced it. [0m
[1;37m integrate approx hint [0m [0m (conditionning) [0m [3;31m 	 Unworthy hint, Forced it. [0m
[1;37m integrate approx hint [0m [0m (conditionning) [0m [3;31m 	 Unworthy hint, Forced it. [0m
[1;37m integrate approx hint [0m [0m (conditionning) [0m [3;31m 	 Unworthy hint, Forced it. [0m
[1;37m integrate approx hint [0m [0m (conditionning) [0m [3;31m 	 Unworthy hint, Forced it. [0m
[1;37m integrate approx hint [0m [0m (conditionning) [0m [3;31m 	 Unworthy hint, Forced it. [0m
[1;37m integrate approx hint [0m [0m (conditionning) [0m [3;31m 	 Unworthy hint, Forced it. [0m
[1;37m integrate approx hint [0m [0m (conditionning) [0m [3;31m 	 Unworthy hint, Forced it. [0m
[1;37m integrate approx hint [0m [0m (conditionning) [0m [3;31m 	 Unworthy hint, Forced it. [0m
[1;37m integrate approx hint [0m [0m (conditionning) [0m [3;31m 	 Unworthy hint, Forced it. [0m
[1;37m integrate approx hint [0m [0m (conditionning) [0m [3;31m 	 Unworthy hint, Forced it. [0m
[1;37m integrate approx hint [0m [0m (conditionning) [0m [3;31m 	 Unworthy hint, Forced it. [0m
[1;37m integrate approx hint [0m [0m (conditionning) [0m [3;31m 	 Unworthy hint, Forced it. [0m
[1;37m integrate approx hint [0m [0m (conditionning) [0m [3;31m 	 Unworthy hint, Forced it. [0m
[3;31m 	 Unworthy hint, Forced it. [0m
[1;37m integrate approx hint [0m [0m (conditionning) [0m [1;37m integrate approx hint [0m [0m (conditionning) [0m [3;31m 	 Unworthy hint, Forced it. [0m
[1;37m integrate approx hint [0m [0m (conditionning) [0m [3;31m 	 Unworthy hint, Forced it. [0m
[1;37m integrate approx hint [0m [0m (conditionning) [0m [3;31m 	 Unworthy hint, Forced it. [0m
[1;37m integrate approx hint [0m [0m (conditionning) [0m [3;31m 	 Unworthy hint, Forced it. [0m
[1;37m integrate approx hint [0m [0m (conditionning) [0m [3;31m 	 Unworthy hint, Forced it. [0m
[1;37m integrate approx hint [0m [0m (conditionning) [0m [3;31m 	 Unworthy hint, Forced it. [0m
[1;37m integrate approx hint [0m [0m (conditionning) [0m [3;31m 	 Unworthy hint, Forced it. [0m
[1;37m integrate approx hint [0m [0m (conditionning) [0m [3;31m 	 Unworthy hint, Forced it. [0m
[1;37m integrate approx hint [0m [0m (conditionning) [0m [3;31m 	 Unworthy hint, Forced it. [0m
[1;37m integrate approx hint [0m [0m (conditionning) [0m [3;31m 	 Unworthy hint, Forced it. [0m
[1;37m integrate approx hint [0m [0m (conditionning) [0m [3;31m 	 Unworthy hint, Forced it. [0m
[1;37m integrate approx hint [0m [0m (conditionning) [0m [3;31m 	 Unworthy hint, Forced it. [0m
[1;37m integrate approx hint [0m [0m (conditionning) [0m [3;31m 	 Unworthy hint, Forced it. [0m
[1;37m integrate approx hint [0m [0m (conditionning) [0m [3;31m 	 Unworthy hint, Forced it. [0m
[1;37m integrate approx hint [0m [0m (conditionning) [0m [3;31m 	 Unworthy hint, Forced it. [0m
[1;37m integrate approx hint [0m [0m (conditionning) [0m [3;31m 	 Unworthy hint, Forced it. [0m
[1;37m integrate approx hint [0m [0m (conditionning) [0m [3;31m 	 Unworthy hint, Forced it. [0m
[1;37m integrate approx hint [0m [0m (conditionning) [0m [3;31m 	 Unworthy hint, Forced it. [0m
[1;37m integrate approx hint [0m [0m (conditionning) [0m [3;31m 	 Unworthy hint, Forced it. [0m
[1;37m integrate approx hint [0m [0m (conditionning) [0m [3;31m 	 Unworthy hint, Forced it. [0m
[1;37m integrate approx hint [0m [0m (conditionning) [0m [3;31m 	 Unworthy hint, Forced it. [0m
[3;31m 	 Unworthy hint, Forced it. [0m
[1;37m integrate approx hint [0m [0m (conditionning) [0m [1;37m integrate approx hint [0m [0m (conditionning) [0m [3;31m 	 Unworthy hint, Forced it. [0m
[1;37m integrate approx hint [0m [0m (conditionning) [0m [3;31m 	 Unworthy hint, Forced it. [0m
[1;37m integrate approx hint [0m [0m (conditionning) [0m [3;31m 	 Unworthy hint, Forced it. [0m
[1;37m integrate approx hint [0m [0m (conditionning) [0m [3;31m 	 Unworthy hint, Forced it. [0m
[1;37m integrate approx hint [0m [0m (conditionning) [0m [3;31m 	 Unworthy hint, Forced it. [0m
[1;37m integrate approx hint [0m [0m (conditionning) [0m [3;31m 	 Unworthy hint, Forced it. [0m
[1;37m integrate approx hint [0m [0m (conditionning) [0m [3;31m 	 Unworthy hint, Forced it. [0m
[1;37m integrate approx hint [0m [0m (conditionning) [0m [3;31m 	 Unworthy hint, Forced it. [0m
[3;31m 	 Unworthy hint, Forced it. [0m
[1;37m integrate approx hint [0m [0m (conditionning) [0m [1;37m integrate approx hint [0m [0m (conditionning) [0m [3;31m 	 Unworthy hint, Forced it. [0m
[1;37m integrate approx hint [0m [0m (conditionning) [0m [3;31m 	 Unworthy hint, Forced it. [0m
[1;37m integrate approx hint [0m [0m (conditionning) [0m [3;31m 	 Unworthy hint, Forced it. [0m
[1;37m integrate approx hint [0m [0m (conditionning) [0m [3;31m 	 Unworthy hint, Forced it. [0m
[1;37m integrate approx hint [0m [0m (conditionning) [0m [3;31m 	 Unworthy hint, Forced it. [0m
[1;37m integrate approx hint [0m [0m (conditionning) [0m [3;31m 	 Unworthy hint, Forced it. [0m
[1;37m integrate approx hint [0m [0m (conditionning) [0m [3;31m 	 Unworthy hint, Forced it. [0m
[1;37m integrate approx hint [0m [0m (conditionning) [0m [3;31m 	 Unworthy hint, Forced it. [0m
[1;37m integrate approx hint [0m [0m (conditionning) [0m [3;31m 	 Unworthy hint, Forced it. [0m
[1;37m integrate approx hint [0m [0m (conditionning) [0m [3;31m 	 Unworthy hint, Forced it. [0m
[1;37m integrate approx hint [0m [0m (conditionning) [0m [3;31m 	 Unworthy hint, Forced it. [0m
[3;31m 	 Unworthy hint, Forced it. [0m
[1;37m integrate approx hint [0m [0m (conditionning) [0m [1;37m integrate approx hint [0m [0m (conditionning) [0m [3;31m 	 Unworthy hint, Forced it. [0m
[1;37m integrate approx hint [0m [0m (conditionning) [0m [3;31m 	 Unworthy hint, Forced it. [0m
[1;37m integrate approx hint [0m [0m (conditionning) [0m [3;31m 	 Unworthy hint, Forced it. [0m
[1;37m integrate approx hint [0m [0m (conditionning) [0m [3;31m 	 Unworthy hint, Forced it. [0m
[1;37m integrate approx hint [0m [0m (conditionning) [0m [3;31m 	 Unworthy hint, Forced it. [0m
[1;37m integrate approx hint [0m [0m (conditionning) [0m [3;31m 	 Unworthy hint, Forced it. [0m
[1;37m integrate approx hint [0m [0m (conditionning) [0m [3;31m 	 Unworthy hint, Forced it. [0m
[1;37m integrate approx hint [0m [0m (conditionning) [0m [3;31m 	 Unworthy hint, Forced it. [0m
[1;37m integrate approx hint [0m [0m (conditionning) [0m [3;31m 	 Unworthy hint, Forced it. [0m
[1;37m integrate approx hint [0m [0m (conditionning) [0m [3;31m 	 Unworthy hint, Forced it. [0m
[1;37m integrate approx hint [0m [0m (conditionning) [0m [3;31m 	 Unworthy hint, Forced it. [0m
[1;37m integrate approx hint [0m [0m (conditionning) [0m [3;31m 	 Unworthy hint, Forced it. [0m
[1;37m integrate approx hint [0m [0m (conditionning) [0m [3;31m 	 Unworthy hint, Forced it. [0m
[1;37m integrate approx hint [0m [0m (conditionning) [0m [3;31m 	 Unworthy hint, Forced it. [0m
[1;37m integrate approx hint [0m [0m (conditionning) [0m [3;31m 	 Unworthy hint, Forced it. [0m
[1;37m integrate approx hint [0m [0m (conditionning) [0m [3;31m 	 Unworthy hint, Forced it. [0m
[1;37m integrate approx hint [0m [0m (conditionning) [0m [3;31m 	 Unworthy hint, Forced it. [0m
[1;37m integrate approx hint [0m [0m (conditionning) [0m [3;31m 	 Unworthy hint, Forced it. [0m
[1;37m integrate approx hint [0m [0m (conditionning) [0m [3;31m 	 Unworthy hint, Forced it. [0m
[1;37m integrate approx hint [0m [0m (conditionning) [0m [3;31m 	 Unworthy hint, Forced it. [0m
[3;31m 	 Unworthy hint, Forced it. [0m
[1;37m integrate approx hint [0m [0m (conditionning) [0m [1;37m integrate approx hint [0m [0m (conditionning) [0m [3;31m 	 Unworthy hint, Forced it. [0m
[1;37m integrate approx hint [0m [0m (conditionning) [0m [3;31m 	 Unworthy hint, Forced it. [0m
[1;37m integrate approx hint [0m [0m (conditionning) [0m [3;31m 	 Unworthy hint, Forced it. [0m
[1;37m integrate approx hint [0m [0m (conditionning) [0m [3;31m 	 Unworthy hint, Forced it. [0m
[1;37m integrate approx hint [0m [0m (conditionning) [0m [3;31m 	 Unworthy hint, Forced it. [0m
[1;37m integrate approx hint [0m [0m (conditionning) [0m [3;31m 	 Unworthy hint, Forced it. [0m
[1;37m integrate approx hint [0m [0m (conditionning) [0m [3;31m 	 Unworthy hint, Forced it. [0m
[1;37m integrate approx hint [0m [0m (conditionning) [0m [3;31m 	 Unworthy hint, Forced it. [0m
[1;37m integrate approx hint [0m [0m (conditionning) [0m [3;31m 	 Unworthy hint, Forced it. [0m
[1;37m integrate approx hint [0m [0m (conditionning) [0m [3;31m 	 Unworthy hint, Forced it. [0m
[3;31m 	 Unworthy hint, Forced it. [0m
[1;37m integrate approx hint [0m [0m (conditionning) [0m [1;37m integrate approx hint [0m [0m (conditionning) [0m [3;31m 	 Unworthy hint, Forced it. [0m
[1;37m integrate approx hint [0m [0m (conditionning) [0m [3;31m 	 Unworthy hint, Forced it. [0m
[1;37m integrate approx hint [0m [0m (conditionning) [0m [3;31m 	 Unworthy hint, Forced it. [0m
[1;37m integrate approx hint [0m [0m (conditionning) [0m [3;31m 	 Unworthy hint, Forced it. [0m
[1;37m integrate approx hint [0m [0m (conditionning) [0m [3;31m 	 Unworthy hint, Forced it. [0m
[1;37m integrate approx hint [0m [0m (conditionning) [0m [3;31m 	 Unworthy hint, Forced it. [0m
[1;37m integrate approx hint [0m [0m (conditionning) [0m [3;31m 	 Unworthy hint, Forced it. [0m
[1;37m integrate approx hint [0m [0m (conditionning) [0m [3;31m 	 Unworthy hint, Forced it. [0m
[1;37m integrate approx hint [0m [0m (conditionning) [0m [3;31m 	 Unworthy hint, Forced it. [0m
[1;37m integrate approx hint [0m [0m (conditionning) [0m [3;31m 	 Unworthy hint, Forced it. [0m
[1;37m integrate approx hint [0m [0m (conditionning) [0m [3;31m 	 Unworthy hint, Forced it. [0m
[1;37m integrate approx hint [0m [0m (conditionning) [0m [3;31m 	 Unworthy hint, Forced it. [0m
[1;37m integrate approx hint [0m [0m (conditionning) [0m [3;31m 	 Unworthy hint, Forced it. [0m
[1;37m integrate approx hint [0m [0m (conditionning) [0m [3;31m 	 Unworthy hint, Forced it. [0m
[1;37m integrate approx hint [0m [0m (conditionning) [0m [3;31m 	 Unworthy hint, Forced it. [0m
[1;37m integrate approx hint [0m [0m (conditionning) [0m [3;31m 	 Unworthy hint, Forced it. [0m
[1;37m integrate approx hint [0m [0m (conditionning) [0m [3;31m 	 Unworthy hint, Forced it. [0m
[1;37m integrate approx hint [0m [0m (conditionning) [0m [3;31m 	 Unworthy hint, Forced it. [0m
[1;37m integrate approx hint [0m [0m (conditionning) [0m [3;31m 	 Unworthy hint, Forced it. [0m
[1;37m integrate approx hint [0m [0m (conditionning) [0m [3;31m 	 Unworthy hint, Forced it. [0m
[1;37m integrate approx hint [0m [0m (conditionning) [0m [3;31m 	 Unworthy hint, Forced it. [0m
[1;37m integrate approx hint [0m [0m (conditionning) [0m [3;31m 	 Unworthy hint, Forced it. [0m
[1;37m integrate approx hint [0m [0m (conditionning) [0m [3;31m 	 Unworthy hint, Forced it. [0m
[1;37m integrate approx hint [0m [0m (conditionning) [0m [3;31m 	 Unworthy hint, Forced it. [0m
[1;37m integrate approx hint [0m [0m (conditionning) [0m [3;31m 	 Unworthy hint, Forced it. [0m
[1;37m integrate approx hint [0m [0m (conditionning) [0m [3;31m 	 Unworthy hint, Forced it. [0m
[1;37m integrate approx hint [0m [0m (conditionning) [0m [3;31m 	 Unworthy hint, Forced it. [0m
[1;37m integrate approx hint [0m [0m (conditionning) [0m [3;31m 	 Unworthy hint, Forced it. [0m
[1;37m integrate approx hint [0m [0m (conditionning) [0m [3;31m 	 Unworthy hint, Forced it. [0m
[1;37m integrate approx hint [0m [0m (conditionning) [0m [3;31m 	 Unworthy hint, Forced it. [0m
[1;37m integrate approx hint [0m [0m (conditionning) [0m [3;31m 	 Unworthy hint, Forced it. [0m
[1;37m integrate approx hint [0m [0m (conditionning) [0m [3;31m 	 Unworthy hint, Forced it. [0m
[1;37m integrate approx hint [0m [0m (conditionning) [0m [3;31m 	 Unworthy hint, Forced it. [0m
[1;37m integrate approx hint [0m [0m (conditionning) [0m [3;31m 	 Unworthy hint, Forced it. [0m
[1;37m integrate approx hint [0m [0m (conditionning) [0m [3;31m 	 Unworthy hint, Forced it. [0m
[1;37m integrate approx hint [0m [0m (conditionning) [0m [3;31m 	 Unworthy hint, Forced it. [0m
[1;37m integrate approx hint [0m [0m (conditionning) [0m [3;31m 	 Unworthy hint, Forced it. [0m
[1;37m integrate approx hint [0m [0m (conditionning) [0m [3;31m 	 Unworthy hint, Forced it. [0m
[1;37m integrate approx hint [0m [0m (conditionning) [0m [3;31m 	 Unworthy hint, Forced it. [0m
[1;37m integrate approx hint [0m [0m (conditionning) [0m [3;31m 	 Unworthy hint, Forced it. [0m
[1;37m integrate approx hint [0m [0m (conditionning) [0m [3;31m 	 Unworthy hint, Forced it. [0m
[1;37m integrate approx hint [0m [0m (conditionning) [0m [3;31m 	 Unworthy hint, Forced it. [0m
[1;37m integrate approx hint [0m [0m (conditionning) [0m [3;31m 	 Unworthy hint, Forced it. [0m
[1;37m integrate approx hint [0m [0m (conditionning) [0m [3;31m 	 Unworthy hint, Forced it. [0m
[1;37m integrate approx hint [0m [0m (conditionning) [0m [3;31m 	 Unworthy hint, Forced it. [0m
[1;37m integrate approx hint [0m [0m (conditionning) [0m [3;31m 	 Unworthy hint, Forced it. [0m
[1;37m integrate approx hint [0m [0m (conditionning) [0m [3;31m 	 Unworthy hint, Forced it. [0m
[3;31m 	 Unworthy hint, Forced it. [0m
[1;37m integrate approx hint [0m [0m (conditionning) [0m [1;37m integrate approx hint [0m [0m (conditionning) [0m [3;31m 	 Unworthy hint, Forced it. [0m
[1;37m integrate approx hint [0m [0m (conditionning) [0m [3;31m 	 Unworthy hint, Forced it. [0m
[1;37m integrate approx hint [0m [0m (conditionning) [0m [3;31m 	 Unworthy hint, Forced it. [0m
[1;37m integrate approx hint [0m [0m (conditionning) [0m [3;31m 	 Unworthy hint, Forced it. [0m
[1;37m integrate approx hint [0m [0m (conditionning) [0m [3;31m 	 Unworthy hint, Forced it. [0m
[1;37m integrate approx hint [0m [0m (conditionning) [0m [3;31m 	 Unworthy hint, Forced it. [0m
[1;37m integrate approx hint [0m [0m (conditionning) [0m [3;31m 	 Unworthy hint, Forced it. [0m
[1;37m integrate approx hint [0m [0m (conditionning) [0m [3;31m 	 Unworthy hint, Forced it. [0m
[1;37m integrate approx hint [0m [0m (conditionning) [0m [3;31m 	 Unworthy hint, Forced it. [0m
[1;37m integrate approx hint [0m [0m (conditionning) [0m [3;31m 	 Unworthy hint, Forced it. [0m
[1;37m integrate approx hint [0m [0m (conditionning) [0m [3;31m 	 Unworthy hint, Forced it. [0m
[1;37m integrate approx hint [0m [0m (conditionning) [0m [3;31m 	 Unworthy hint, Forced it. [0m
[1;37m integrate approx hint [0m [0m (conditionning) [0m [3;31m 	 Unworthy hint, Forced it. [0m
[1;37m integrate approx hint [0m [0m (conditionning) [0m [3;31m 	 Unworthy hint, Forced it. [0m
[3;31m 	 Unworthy hint, Forced it. [0m
[1;37m integrate approx hint [0m [0m (conditionning) [0m [1;37m integrate approx hint [0m [0m (conditionning) [0m [3;31m 	 Unworthy hint, Forced it. [0m
[1;37m integrate approx hint [0m [0m (conditionning) [0m [3;31m 	 Unworthy hint, Forced it. [0m
[1;37m integrate approx hint [0m [0m (conditionning) [0m [3;31m 	 Unworthy hint, Forced it. [0m
[1;37m integrate approx hint [0m [0m (conditionning) [0m [3;31m 	 Unworthy hint, Forced it. [0m
[1;37m integrate approx hint [0m [0m (conditionning) [0m [3;31m 	 Unworthy hint, Forced it. [0m
[1;37m integrate approx hint [0m [0m (conditionning) [0m [3;31m 	 Unworthy hint, Forced it. [0m
[1;37m integrate approx hint [0m [0m (conditionning) [0m [3;31m 	 Unworthy hint, Forced it. [0m
[1;37m integrate approx hint [0m [0m (conditionning) [0m [3;31m 	 Unworthy hint, Forced it. [0m
[1;37m integrate approx hint [0m [0m (conditionning) [0m [3;31m 	 Unworthy hint, Forced it. [0m
[1;37m integrate approx hint [0m [0m (conditionning) [0m [3;31m 	 Unworthy hint, Forced it. [0m
[1;37m integrate approx hint [0m [0m (conditionning) [0m [3;31m 	 Unworthy hint, Forced it. [0m
[3;31m 	 Unworthy hint, Forced it. [0m
[1;37m integrate approx hint [0m [0m (conditionning) [0m [1;37m integrate approx hint [0m [0m (conditionning) [0m [3;31m 	 Unworthy hint, Forced it. [0m
[1;37m integrate approx hint [0m [0m (conditionning) [0m [3;31m 	 Unworthy hint, Forced it. [0m
[1;37m integrate approx hint [0m [0m (conditionning) [0m [3;31m 	 Unworthy hint, Forced it. [0m
[1;37m integrate approx hint [0m [0m (conditionning) [0m [3;31m 	 Unworthy hint, Forced it. [0m
[1;37m integrate approx hint [0m [0m (conditionning) [0m [3;31m 	 Unworthy hint, Forced it. [0m
[1;37m integrate approx hint [0m [0m (conditionning) [0m [3;31m 	 Unworthy hint, Forced it. [0m
[1;37m integrate approx hint [0m [0m (conditionning) [0m [3;31m 	 Unworthy hint, Forced it. [0m
[1;37m integrate approx hint [0m [0m (conditionning) [0m [3;31m 	 Unworthy hint, Forced it. [0m
[1;37m integrate approx hint [0m [0m (conditionning) [0m [3;31m 	 Unworthy hint, Forced it. [0m
[1;37m integrate approx hint [0m [0m (conditionning) [0m [3;31m 	 Unworthy hint, Forced it. [0m
[1;37m integrate approx hint [0m [0m (conditionning) [0m [3;31m 	 Unworthy hint, Forced it. [0m
[1;37m integrate approx hint [0m [0m (conditionning) [0m [3;31m 	 Unworthy hint, Forced it. [0m
[1;37m integrate approx hint [0m [0m (conditionning) [0m [3;31m 	 Unworthy hint, Forced it. [0m
[1;37m integrate approx hint [0m [0m (conditionning) [0m [3;31m 	 Unworthy hint, Forced it. [0m
[1;37m integrate approx hint [0m [0m (conditionning) [0m [3;31m 	 Unworthy hint, Forced it. [0m
[1;37m integrate approx hint [0m [0m (conditionning) [0m [3;31m 	 Unworthy hint, Forced it. [0m
[1;37m integrate approx hint [0m [0m (conditionning) [0m [3;31m 	 Unworthy hint, Forced it. [0m
[1;37m integrate approx hint [0m [0m (conditionning) [0m [3;31m 	 Unworthy hint, Forced it. [0m
[1;37m integrate approx hint [0m [0m (conditionning) [0m [3;31m 	 Unworthy hint, Forced it. [0m
[1;37m integrate approx hint [0m [0m (conditionning) [0m [3;31m 	 Unworthy hint, Forced it. [0m
[1;37m integrate approx hint [0m [0m (conditionning) [0m [3;31m 	 Unworthy hint, Forced it. [0m
[1;37m integrate approx hint [0m [0m (conditionning) [0m [3;31m 	 Unworthy hint, Forced it. [0m
[1;37m integrate approx hint [0m [0m (conditionning) [0m [3;31m 	 Unworthy hint, Forced it. [0m
[1;37m integrate approx hint [0m [0m (conditionning) [0m [3;31m 	 Unworthy hint, Forced it. [0m
[1;37m integrate approx hint [0m [0m (conditionning) [0m [3;31m 	 Unworthy hint, Forced it. [0m
[1;37m integrate approx hint [0m [0m (conditionning) [0m [3;31m 	 Unworthy hint, Forced it. [0m
[1;37m integrate approx hint [0m [0m (conditionning) [0m [3;31m 	 Unworthy hint, Forced it. [0m
[1;37m integrate approx hint [0m [0m (conditionning) [0m [3;31m 	 Unworthy hint, Forced it. [0m
[1;37m integrate approx hint [0m [0m (conditionning) [0m [3;31m 	 Unworthy hint, Forced it. [0m
[1;37m integrate approx hint [0m [0m (conditionning) [0m [3;31m 	 Unworthy hint, Forced it. [0m
[1;37m integrate approx hint [0m [0m (conditionning) [0m [3;31m 	 Unworthy hint, Forced it. [0m
[1;37m integrate approx hint [0m [0m (conditionning) [0m [3;31m 	 Unworthy hint, Forced it. [0m
[3;31m 	 Unworthy hint, Forced it. [0m
[1;37m integrate approx hint [0m [0m (conditionning) [0m [1;37m integrate approx hint [0m [0m (conditionning) [0m [3;31m 	 Unworthy hint, Forced it. [0m
[1;37m integrate approx hint [0m [0m (conditionning) [0m [3;31m 	 Unworthy hint, Forced it. [0m
[1;37m integrate approx hint [0m [0m (conditionning) [0m [3;31m 	 Unworthy hint, Forced it. [0m
[1;37m integrate approx hint [0m [0m (conditionning) [0m [3;31m 	 Unworthy hint, Forced it. [0m
[1;37m integrate approx hint [0m [0m (conditionning) [0m [3;31m 	 Unworthy hint, Forced it. [0m
[1;37m integrate approx hint [0m [0m (conditionning) [0m [3;31m 	 Unworthy hint, Forced it. [0m
[1;37m integrate approx hint [0m [0m (conditionning) [0m [3;31m 	 Unworthy hint, Forced it. [0m
[1;37m integrate approx hint [0m [0m (conditionning) [0m [3;31m 	 Unworthy hint, Forced it. [0m
[1;37m integrate approx hint [0m [0m (conditionning) [0m [3;31m 	 Unworthy hint, Forced it. [0m
[1;37m integrate approx hint [0m [0m (conditionning) [0m [3;31m 	 Unworthy hint, Forced it. [0m
[1;37m integrate approx hint [0m [0m (conditionning) [0m [3;31m 	 Unworthy hint, Forced it. [0m
[1;37m integrate approx hint [0m [0m (conditionning) [0m [3;31m 	 Unworthy hint, Forced it. [0m
[1;37m integrate approx hint [0m [0m (conditionning) [0m [3;31m 	 Unworthy hint, Forced it. [0m
[1;37m integrate approx hint [0m [0m (conditionning) [0m [3;31m 	 Unworthy hint, Forced it. [0m
[1;37m integrate approx hint [0m [0m (conditionning) [0m [3;31m 	 Unworthy hint, Forced it. [0m
[1;37m integrate approx hint [0m [0m (conditionning) [0m [3;31m 	 Unworthy hint, Forced it. [0m
[1;37m integrate approx hint [0m [0m (conditionning) [0m [3;31m 	 Unworthy hint, Forced it. [0m
[1;37m integrate approx hint [0m [0m (conditionning) [0m [3;31m 	 Unworthy hint, Forced it. [0m
[3;31m 	 Unworthy hint, Forced it. [0m
[1;37m integrate approx hint [0m [0m (conditionning) [0m [3;31m 	 Unworthy hint, Forced it. [0m
[1;37m integrate approx hint [0m [0m (conditionning) [0m [1;37m integrate approx hint [0m [0m (conditionning) [0m [3;32m 	 Worthy hint ! [0m [1;33m dim=256, δ=1.00540390, β=253.88 [0m
[1;37m integrate approx hint [0m [0m (conditionning) [0m [3;31m 	 Unworthy hint, Forced it. [0m
[1;37m integrate approx hint [0m [0m (conditionning) [0m [3;31m 	 Unworthy hint, Forced it. [0m
[1;37m integrate approx hint [0m [0m (conditionning) [0m [3;31m 	 Unworthy hint, Forced it. [0m
[1;37m integrate approx hint [0m [0m (conditionning) [0m [3;31m 	 Unworthy hint, Forced it. [0m
[1;37m integrate approx hint [0m [0m (conditionning) [0m [3;31m 	 Unworthy hint, Forced it. [0m
[1;37m integrate approx hint [0m [0m (conditionning) [0m [3;31m 	 Unworthy hint, Forced it. [0m
[1;37m integrate approx hint [0m [0m (conditionning) [0m [3;31m 	 Unworthy hint, Forced it. [0m
[1;37m integrate approx hint [0m [0m (conditionning) [0m [3;31m 	 Unworthy hint, Forced it. [0m
[1;37m integrate approx hint [0m [0m (conditionning) [0m [3;31m 	 Unworthy hint, Forced it. [0m
[1;37m integrate approx hint [0m [0m (conditionning) [0m [3;31m 	 Unworthy hint, Forced it. [0m
[1;37m integrate approx hint [0m [0m (conditionning) [0m [3;31m 	 Unworthy hint, Forced it. [0m
[1;37m integrate approx hint [0m [0m (conditionning) [0m [3;31m 	 Unworthy hint, Forced it. [0m
[3;31m 	 Unworthy hint, Forced it. [0m
[1;37m integrate approx hint [0m [0m (conditionning) [0m [1;37m integrate approx hint [0m [0m (conditionning) [0m [3;31m 	 Unworthy hint, Forced it. [0m
[1;37m integrate approx hint [0m [0m (conditionning) [0m [3;31m 	 Unworthy hint, Forced it. [0m
[1;37m integrate approx hint [0m [0m (conditionning) [0m [3;31m 	 Unworthy hint, Forced it. [0m
[1;37m integrate approx hint [0m [0m (conditionning) [0m [3;31m 	 Unworthy hint, Forced it. [0m
[1;37m integrate approx hint [0m [0m (conditionning) [0m [3;31m 	 Unworthy hint, Forced it. [0m
[1;37m integrate approx hint [0m [0m (conditionning) [0m [3;31m 	 Unworthy hint, Forced it. [0m
[1;37m integrate approx hint [0m [0m (conditionning) [0m [3;31m 	 Unworthy hint, Forced it. [0m
[1;37m integrate approx hint [0m [0m (conditionning) [0m [3;31m 	 Unworthy hint, Forced it. [0m
[1;37m integrate approx hint [0m [0m (conditionning) [0m [3;32m 	 Worthy hint ! [0m [1;33m dim=256, δ=1.00550630, β=247.04 [0m
[1;37m integrate approx hint [0m [0m (conditionning) [0m [3;31m 	 Unworthy hint, Forced it. [0m
[1;37m integrate approx hint [0m [0m (conditionning) [0m [3;31m 	 Unworthy hint, Forced it. [0m
[1;37m integrate approx hint [0m [0m (conditionning) [0m [3;31m 	 Unworthy hint, Forced it. [0m
[1;37m integrate approx hint [0m [0m (conditionning) [0m [3;31m 	 Unworthy hint, Forced it. [0m
[3;31m 	 Unworthy hint, Forced it. [0m
[1;37m integrate approx hint [0m [0m (conditionning) [0m [1;37m integrate approx hint [0m [0m (conditionning) [0m [3;31m 	 Unworthy hint, Forced it. [0m
[1;37m integrate approx hint [0m [0m (conditionning) [0m [3;31m 	 Unworthy hint, Forced it. [0m
[1;37m integrate approx hint [0m [0m (conditionning) [0m [3;31m 	 Unworthy hint, Forced it. [0m
[1;37m integrate approx hint [0m [0m (conditionning) [0m [3;31m 	 Unworthy hint, Forced it. [0m
[1;37m integrate approx hint [0m [0m (conditionning) [0m [3;31m 	 Unworthy hint, Forced it. [0m
[1;37m integrate approx hint [0m [0m (conditionning) [0m [3;31m 	 Unworthy hint, Forced it. [0m
[1;37m integrate approx hint [0m [0m (conditionning) [0m [3;31m 	 Unworthy hint, Forced it. [0m
[1;37m integrate approx hint [0m [0m (conditionning) [0m [3;31m 	 Unworthy hint, Forced it. [0m
[1;37m integrate approx hint [0m [0m (conditionning) [0m [3;31m 	 Unworthy hint, Forced it. [0m
[1;37m integrate approx hint [0m [0m (conditionning) [0m [3;31m 	 Unworthy hint, Forced it. [0m
[1;37m integrate approx hint [0m [0m (conditionning) [0m [3;31m 	 Unworthy hint, Forced it. [0m
[3;31m 	 Unworthy hint, Forced it. [0m
[1;37m integrate approx hint [0m [0m (conditionning) [0m [1;37m integrate approx hint [0m [0m (conditionning) [0m [3;31m 	 Unworthy hint, Forced it. [0m
[1;37m integrate approx hint [0m [0m (conditionning) [0m [3;32m 	 Worthy hint ! [0m [1;33m dim=256, δ=1.00540698, β=254.08 [0m
[1;37m integrate approx hint [0m [0m (conditionning) [0m [3;31m 	 Unworthy hint, Forced it. [0m
[3;31m 	 Unworthy hint, Forced it. [0m
[1;37m integrate approx hint [0m [0m (conditionning) [0m [1;37m integrate approx hint [0m [0m (conditionning) [0m [3;31m 	 Unworthy hint, Forced it. [0m
[1;37m integrate approx hint [0m [0m (conditionning) [0m [3;31m 	 Unworthy hint, Forced it. [0m
[1;37m integrate approx hint [0m [0m (conditionning) [0m [3;31m 	 Unworthy hint, Forced it. [0m
[1;37m integrate approx hint [0m [0m (conditionning) [0m [3;31m 	 Unworthy hint, Forced it. [0m
[1;37m integrate approx hint [0m [0m (conditionning) [0m [3;31m 	 Unworthy hint, Forced it. [0m
[1;37m integrate approx hint [0m [0m (conditionning) [0m [3;31m 	 Unworthy hint, Forced it. [0m
[1;37m integrate approx hint [0m [0m (conditionning) [0m [3;31m 	 Unworthy hint, Forced it. [0m
[1;37m integrate approx hint [0m [0m (conditionning) [0m [3;31m 	 Unworthy hint, Forced it. [0m
[1;37m integrate approx hint [0m [0m (conditionning) [0m [3;31m 	 Unworthy hint, Forced it. [0m
[1;37m integrate approx hint [0m [0m (conditionning) [0m [3;31m 	 Unworthy hint, Forced it. [0m
[1;37m integrate approx hint [0m [0m (conditionning) [0m [3;31m 	 Unworthy hint, Forced it. [0m
[1;37m integrate approx hint [0m [0m (conditionning) [0m [3;31m 	 Unworthy hint, Forced it. [0m
[1;37m integrate approx hint [0m [0m (conditionning) [0m [3;31m 	 Unworthy hint, Forced it. [0m
[1;37m integrate approx hint [0m [0m (conditionning) [0m [3;31m 	 Unworthy hint, Forced it. [0m
[1;37m integrate approx hint [0m [0m (conditionning) [0m [3;32m 	 Worthy hint ! [0m [1;33m dim=256, δ=1.00550193, β=247.24 [0m
[1;37m integrate approx hint [0m [0m (conditionning) [0m [3;32m 	 Worthy hint ! [0m [1;33m dim=256, δ=1.00541600, β=252.96 [0m
[1;37m integrate approx hint [0m [0m (conditionning) [0m [3;31m 	 Unworthy hint, Forced it. [0m
[1;37m integrate approx hint [0m [0m (conditionning) [0m [3;31m 	 Unworthy hint, Forced it. [0m
[1;37m integrate approx hint [0m [0m (conditionning) [0m [3;31m 	 Unworthy hint, Forced it. [0m
[1;37m integrate approx hint [0m [0m (conditionning) [0m [3;31m 	 Unworthy hint, Forced it. [0m
[1;37m integrate approx hint [0m [0m (conditionning) [0m [3;31m 	 Unworthy hint, Forced it. [0m
[1;37m integrate approx hint [0m [0m (conditionning) [0m [3;31m 	 Unworthy hint, Forced it. [0m
[1;37m integrate approx hint [0m [0m (conditionning) [0m [3;31m 	 Unworthy hint, Forced it. [0m
[1;37m integrate approx hint [0m [0m (conditionning) [0m [3;31m 	 Unworthy hint, Forced it. [0m
[1;37m integrate approx hint [0m [0m (conditionning) [0m [3;31m 	 Unworthy hint, Forced it. [0m
[1;37m integrate approx hint [0m [0m (conditionning) [0m [3;31m 	 Unworthy hint, Forced it. [0m
[1;37m integrate approx hint [0m [0m (conditionning) [0m [3;31m 	 Unworthy hint, Forced it. [0m
[1;37m integrate approx hint [0m [0m (conditionning) [0m [3;31m 	 Unworthy hint, Forced it. [0m
[3;31m 	 Unworthy hint, Forced it. [0m
[1;37m integrate approx hint [0m [0m (conditionning) [0m [1;37m integrate approx hint [0m [0m (conditionning) [0m [3;31m 	 Unworthy hint, Forced it. [0m
[1;37m integrate approx hint [0m [0m (conditionning) [0m [3;32m 	 Worthy hint ! [0m [1;33m dim=256, δ=1.00559546, β=240.64 [0m
[1;37m integrate approx hint [0m [0m (conditionning) [0m [3;32m 	 Worthy hint ! [0m [1;33m dim=256, δ=1.00551842, β=246.15 [0m
[1;37m integrate approx hint [0m [0m (conditionning) [0m [3;31m 	 Unworthy hint, Forced it. [0m
[1;37m integrate approx hint [0m [0m (conditionning) [0m [3;31m 	 Unworthy hint, Forced it. [0m
[1;37m integrate approx hint [0m [0m (conditionning) [0m [3;31m 	 Unworthy hint, Forced it. [0m
[1;37m integrate approx hint [0m [0m (conditionning) [0m [3;32m 	 Worthy hint ! [0m [1;33m dim=256, δ=1.00542257, β=252.65 [0m
[1;37m integrate approx hint [0m [0m (conditionning) [0m [3;31m 	 Unworthy hint, Forced it. [0m
[1;37m integrate approx hint [0m [0m (conditionning) [0m [3;31m 	 Unworthy hint, Forced it. [0m
[1;37m integrate approx hint [0m [0m (conditionning) [0m [3;31m 	 Unworthy hint, Forced it. [0m
[1;37m integrate approx hint [0m [0m (conditionning) [0m [3;31m 	 Unworthy hint, Forced it. [0m
[1;37m integrate approx hint [0m [0m (conditionning) [0m [3;31m 	 Unworthy hint, Forced it. [0m
[3;31m 	 Unworthy hint, Forced it. [0m
[1;37m integrate approx hint [0m [0m (conditionning) [0m [1;37m integrate approx hint [0m [0m (conditionning) [0m [3;31m 	 Unworthy hint, Forced it. [0m
[3;32m 	 Worthy hint ! [0m [1;33m dim=256, δ=1.00542594, β=252.50 [0m
[1;37m integrate approx hint [0m [0m (conditionning) [0m [1;37m integrate approx hint [0m [0m (conditionning) [0m [3;31m 	 Unworthy hint, Forced it. [0m
[1;37m integrate approx hint [0m [0m (conditionning) [0m [3;31m 	 Unworthy hint, Forced it. [0m
[1;37m integrate approx hint [0m [0m (conditionning) [0m [3;31m 	 Unworthy hint, Forced it. [0m
[1;37m integrate approx hint [0m [0m (conditionning) [0m [3;32m 	 Worthy hint ! [0m [1;33m dim=256, δ=1.00569542, β=234.26 [0m
[1;37m integrate approx hint [0m [0m (conditionning) [0m [3;31m 	 Unworthy hint, Forced it. [0m
[1;37m integrate approx hint [0m [0m (conditionning) [0m [3;32m 	 Worthy hint ! [0m [1;33m dim=256, δ=1.00561205, β=239.57 [0m
[1;37m integrate approx hint [0m [0m (conditionning) [0m [3;31m 	 Unworthy hint, Forced it. [0m
[1;37m integrate approx hint [0m [0m (conditionning) [0m [3;31m 	 Unworthy hint, Forced it. [0m
[1;37m integrate approx hint [0m [0m (conditionning) [0m [3;31m 	 Unworthy hint, Forced it. [0m
[3;32m 	 Worthy hint ! [0m [1;33m dim=256, δ=1.00551748, β=245.85 [0m
[1;37m integrate approx hint [0m [0m (conditionning) [0m [1;37m integrate approx hint [0m [0m (conditionning) [0m [3;31m 	 Unworthy hint, Forced it. [0m
[1;37m integrate approx hint [0m [0m (conditionning) [0m [3;31m 	 Unworthy hint, Forced it. [0m
[1;37m integrate approx hint [0m [0m (conditionning) [0m [3;32m 	 Worthy hint ! [0m [1;33m dim=256, δ=1.00559997, β=240.44 [0m
[1;37m integrate approx hint [0m [0m (conditionning) [0m [3;32m 	 Worthy hint ! [0m [1;33m dim=256, δ=1.00552098, β=245.69 [0m
[1;37m integrate approx hint [0m [0m (conditionning) [0m [3;31m 	 Unworthy hint, Forced it. [0m
[1;37m integrate approx hint [0m [0m (conditionning) [0m [3;31m 	 Unworthy hint, Forced it. [0m
[3;31m 	 Unworthy hint, Forced it. [0m
[1;37m integrate approx hint [0m [0m (conditionning) [0m [1;37m integrate approx hint [0m [0m (conditionning) [0m [3;31m 	 Unworthy hint, Forced it. [0m
[1;37m integrate approx hint [0m [0m (conditionning) [0m [3;31m 	 Unworthy hint, Forced it. [0m
[1;37m integrate approx hint [0m [0m (conditionning) [0m [3;31m 	 Unworthy hint, Forced it. [0m
[1;37m integrate approx hint [0m [0m (conditionning) [0m [3;32m 	 Worthy hint ! [0m [1;33m dim=256, δ=1.00542025, β=253.11 [0m
[1;37m integrate approx hint [0m [0m (conditionning) [0m [3;32m 	 Worthy hint ! [0m [1;33m dim=256, δ=1.00579422, β=228.09 [0m
[1;37m integrate approx hint [0m [0m (conditionning) [0m [3;31m 	 Unworthy hint, Forced it. [0m
[1;37m integrate approx hint [0m [0m (conditionning) [0m [3;32m 	 Worthy hint ! [0m [1;33m dim=256, δ=1.00571213, β=233.21 [0m
[1;37m integrate approx hint [0m [0m (conditionning) [0m [3;32m 	 Worthy hint ! [0m [1;33m dim=256, δ=1.00561871, β=239.27 [0m
[1;37m integrate approx hint [0m [0m (conditionning) [0m [3;31m 	 Unworthy hint, Forced it. [0m
[1;37m integrate approx hint [0m [0m (conditionning) [0m [3;31m 	 Unworthy hint, Forced it. [0m
[1;37m integrate approx hint [0m [0m (conditionning) [0m [3;31m 	 Unworthy hint, Forced it. [0m
[1;37m integrate approx hint [0m [0m (conditionning) [0m [3;31m 	 Unworthy hint, Forced it. [0m
[1;37m integrate approx hint [0m [0m (conditionning) [0m [3;31m 	 Unworthy hint, Forced it. [0m
[1;37m integrate approx hint [0m [0m (conditionning) [0m [3;31m 	 Unworthy hint, Forced it. [0m
[1;37m integrate approx hint [0m [0m (conditionning) [0m [3;32m 	 Worthy hint ! [0m [1;33m dim=256, δ=1.00562231, β=239.11 [0m
[1;37m integrate approx hint [0m [0m (conditionning) [0m [3;31m 	 Unworthy hint, Forced it. [0m
[1;37m integrate approx hint [0m [0m (conditionning) [0m [3;31m 	 Unworthy hint, Forced it. [0m
[1;37m integrate approx hint [0m [0m (conditionning) [0m [3;32m 	 Worthy hint ! [0m [1;33m dim=256, δ=1.00551532, β=246.29 [0m
[1;37m integrate approx hint [0m [0m (conditionning) [0m [3;32m 	 Worthy hint ! [0m [1;33m dim=256, δ=1.00589181, β=222.13 [0m
[1;37m integrate approx hint [0m [0m (conditionning) [0m [3;31m 	 Unworthy hint, Forced it. [0m
[1;37m integrate approx hint [0m [0m (conditionning) [0m [3;32m 	 Worthy hint ! [0m [1;33m dim=256, δ=1.00581104, β=227.06 [0m
[1;37m integrate approx hint [0m [0m (conditionning) [0m [3;31m 	 Unworthy hint, Forced it. [0m
[1;37m integrate approx hint [0m [0m (conditionning) [0m [3;32m 	 Worthy hint ! [0m [1;33m dim=256, δ=1.00571087, β=232.92 [0m
[1;37m integrate approx hint [0m [0m (conditionning) [0m [3;31m 	 Unworthy hint, Forced it. [0m
[1;37m integrate approx hint [0m [0m (conditionning) [0m [3;31m 	 Unworthy hint, Forced it. [0m
[1;37m integrate approx hint [0m [0m (conditionning) [0m [3;31m 	 Unworthy hint, Forced it. [0m
[1;37m integrate approx hint [0m [0m (conditionning) [0m [3;31m 	 Unworthy hint, Forced it. [0m
[1;37m integrate approx hint [0m [0m (conditionning) [0m [3;31m 	 Unworthy hint, Forced it. [0m
[1;37m integrate approx hint [0m [0m (conditionning) [0m [3;32m 	 Worthy hint ! [0m [1;33m dim=256, δ=1.00571460, β=232.77 [0m
[1;37m integrate approx hint [0m [0m (conditionning) [0m [3;31m 	 Unworthy hint, Forced it. [0m
[1;37m integrate approx hint [0m [0m (conditionning) [0m [3;31m 	 Unworthy hint, Forced it. [0m
[3;31m 	 Unworthy hint, Forced it. [0m
[1;37m integrate approx hint [0m [0m (conditionning) [0m [1;37m integrate approx hint [0m [0m (conditionning) [0m [3;31m 	 Unworthy hint, Forced it. [0m
[1;37m integrate approx hint [0m [0m (conditionning) [0m [3;32m 	 Worthy hint ! [0m [1;33m dim=256, δ=1.00560898, β=239.70 [0m
[1;37m integrate approx hint [0m [0m (conditionning) [0m [3;32m 	 Worthy hint ! [0m [1;33m dim=256, δ=1.00598812, β=216.36 [0m
[1;37m integrate approx hint [0m [0m (conditionning) [0m [3;32m 	 Worthy hint ! [0m [1;33m dim=256, δ=1.00540713, β=253.73 [0m
[1;37m integrate approx hint [0m [0m (conditionning) [0m [3;32m 	 Worthy hint ! [0m [1;33m dim=256, δ=1.00590874, β=221.12 [0m
[1;37m integrate approx hint [0m [0m (conditionning) [0m [3;32m 	 Worthy hint ! [0m [1;33m dim=256, δ=1.00580963, β=226.79 [0m
[1;37m integrate approx hint [0m [0m (conditionning) [0m [3;31m 	 Unworthy hint, Forced it. [0m
[1;37m integrate approx hint [0m [0m (conditionning) [0m [3;31m 	 Unworthy hint, Forced it. [0m
[1;37m integrate approx hint [0m [0m (conditionning) [0m [3;31m 	 Unworthy hint, Forced it. [0m
[1;37m integrate approx hint [0m [0m (conditionning) [0m [3;31m 	 Unworthy hint, Forced it. [0m
[1;37m integrate approx hint [0m [0m (conditionning) [0m [3;31m 	 Unworthy hint, Forced it. [0m
[1;37m integrate approx hint [0m [0m (conditionning) [0m [3;31m 	 Unworthy hint, Forced it. [0m
[1;37m integrate approx hint [0m [0m (conditionning) [0m [3;31m 	 Unworthy hint, Forced it. [0m
[1;37m integrate approx hint [0m [0m (conditionning) [0m [3;31m 	 Unworthy hint, Forced it. [0m
[1;37m integrate approx hint [0m [0m (conditionning) [0m [3;31m 	 Unworthy hint, Forced it. [0m
[1;37m integrate approx hint [0m [0m (conditionning) [0m [3;32m 	 Worthy hint ! [0m [1;33m dim=256, δ=1.00581344, β=226.63 [0m
[1;37m integrate approx hint [0m [0m (conditionning) [0m [3;32m 	 Worthy hint ! [0m [1;33m dim=256, δ=1.00570906, β=233.34 [0m
[1;37m integrate approx hint [0m [0m (conditionning) [0m [3;32m 	 Worthy hint ! [0m [1;33m dim=256, δ=1.00550193, β=246.90 [0m
[3;32m 	 Worthy hint ! [0m [1;33m dim=256, δ=1.00608309, β=210.79 [0m
[1;37m integrate approx hint [0m [0m (conditionning) [0m [1;37m integrate approx hint [0m [0m (conditionning) [0m [3;32m 	 Worthy hint ! [0m [1;33m dim=256, δ=1.00600515, β=215.38 [0m
[1;37m integrate approx hint [0m [0m (conditionning) [0m [3;31m 	 Unworthy hint, Forced it. [0m
[1;37m integrate approx hint [0m [0m (conditionning) [0m [3;31m 	 Unworthy hint, Forced it. [0m
[1;37m integrate approx hint [0m [0m (conditionning) [0m [3;32m 	 Worthy hint ! [0m [1;33m dim=256, δ=1.00570003, β=234.06 [0m
[1;37m integrate approx hint [0m [0m (conditionning) [0m [3;32m 	 Worthy hint ! [0m [1;33m dim=256, δ=1.00590716, β=220.85 [0m
[1;37m integrate approx hint [0m [0m (conditionning) [0m [3;31m 	 Unworthy hint, Forced it. [0m
[1;37m integrate approx hint [0m [0m (conditionning) [0m [3;31m 	 Unworthy hint, Forced it. [0m
[1;37m integrate approx hint [0m [0m (conditionning) [0m [3;31m 	 Unworthy hint, Forced it. [0m
[1;37m integrate approx hint [0m [0m (conditionning) [0m [3;31m 	 Unworthy hint, Forced it. [0m
[1;37m integrate approx hint [0m [0m (conditionning) [0m [3;31m 	 Unworthy hint, Forced it. [0m
[1;37m integrate approx hint [0m [0m (conditionning) [0m [3;31m 	 Unworthy hint, Forced it. [0m
[1;37m integrate approx hint [0m [0m (conditionning) [0m [3;31m 	 Unworthy hint, Forced it. [0m
[1;37m integrate approx hint [0m [0m (conditionning) [0m [3;32m 	 Worthy hint ! [0m [1;33m dim=256, δ=1.00591106, β=220.70 [0m
[1;37m integrate approx hint [0m [0m (conditionning) [0m [3;32m 	 Worthy hint ! [0m [1;33m dim=256, δ=1.00618562, β=205.39 [0m
[1;37m integrate approx hint [0m [0m (conditionning) [0m [3;32m 	 Worthy hint ! [0m [1;33m dim=256, δ=1.00580799, β=227.19 [0m
[1;37m integrate approx hint [0m [0m (conditionning) [0m [3;32m 	 Worthy hint ! [0m [1;33m dim=256, δ=1.00560303, β=240.30 [0m
[1;37m integrate approx hint [0m [0m (conditionning) [0m [3;32m 	 Worthy hint ! [0m [1;33m dim=256, δ=1.00610022, β=209.82 [0m
[1;37m integrate approx hint [0m [0m (conditionning) [0m [3;32m 	 Worthy hint ! [0m [1;33m dim=256, δ=1.00579082, β=227.90 [0m
[1;37m integrate approx hint [0m [0m (conditionning) [0m [3;31m 	 Unworthy hint, Forced it. [0m
[1;37m integrate approx hint [0m [0m (conditionning) [0m [3;32m 	 Worthy hint ! [0m [1;33m dim=256, δ=1.00601198, β=215.12 [0m
[1;37m integrate approx hint [0m [0m (conditionning) [0m [3;31m 	 Unworthy hint, Forced it. [0m
[1;37m integrate approx hint [0m [0m (conditionning) [0m [3;31m 	 Unworthy hint, Forced it. [0m
[1;37m integrate approx hint [0m [0m (conditionning) [0m [3;31m 	 Unworthy hint, Forced it. [0m
[1;37m integrate approx hint [0m [0m (conditionning) [0m [3;31m 	 Unworthy hint, Forced it. [0m
[1;37m integrate approx hint [0m [0m (conditionning) [0m [3;31m 	 Unworthy hint, Forced it. [0m
[1;37m integrate approx hint [0m [0m (conditionning) [0m [3;31m 	 Unworthy hint, Forced it. [0m
[1;37m integrate approx hint [0m [0m (conditionning) [0m [3;31m 	 Unworthy hint, Forced it. [0m
[1;37m integrate approx hint [0m [0m (conditionning) [0m [3;31m 	 Unworthy hint, Forced it. [0m
[1;37m integrate approx hint [0m [0m (conditionning) [0m [3;32m 	 Worthy hint ! [0m [1;33m dim=256, δ=1.00600738, β=214.96 [0m
[1;37m integrate approx hint [0m [0m (conditionning) [0m [3;32m 	 Worthy hint ! [0m [1;33m dim=256, δ=1.00628713, β=200.16 [0m
[1;37m integrate approx hint [0m [0m (conditionning) [0m [3;32m 	 Worthy hint ! [0m [1;33m dim=256, δ=1.00569512, β=233.93 [0m
[1;37m integrate approx hint [0m [0m (conditionning) [0m [3;32m 	 Worthy hint ! [0m [1;33m dim=256, δ=1.00590570, β=221.24 [0m
[1;37m integrate approx hint [0m [0m (conditionning) [0m [3;32m 	 Worthy hint ! [0m [1;33m dim=256, δ=1.00620286, β=204.44 [0m
[1;37m integrate approx hint [0m [0m (conditionning) [0m [3;31m 	 Unworthy hint, Forced it. [0m
[1;37m integrate approx hint [0m [0m (conditionning) [0m [3;31m 	 Unworthy hint, Forced it. [0m
[1;37m integrate approx hint [0m [0m (conditionning) [0m [3;32m 	 Worthy hint ! [0m [1;33m dim=256, δ=1.00610709, β=209.57 [0m
[1;37m integrate approx hint [0m [0m (conditionning) [0m [3;31m 	 Unworthy hint, Forced it. [0m
[1;37m integrate approx hint [0m [0m (conditionning) [0m [3;31m 	 Unworthy hint, Forced it. [0m
[1;37m integrate approx hint [0m [0m (conditionning) [0m [3;31m 	 Unworthy hint, Forced it. [0m
[1;37m integrate approx hint [0m [0m (conditionning) [0m [3;31m 	 Unworthy hint, Forced it. [0m
[1;37m integrate approx hint [0m [0m (conditionning) [0m [3;31m 	 Unworthy hint, Forced it. [0m
[1;37m integrate approx hint [0m [0m (conditionning) [0m [3;31m 	 Unworthy hint, Forced it. [0m
[1;37m integrate approx hint [0m [0m (conditionning) [0m [3;32m 	 Worthy hint ! [0m [1;33m dim=256, δ=1.00540486, β=253.84 [0m
[1;37m integrate approx hint [0m [0m (conditionning) [0m [3;32m 	 Worthy hint ! [0m [1;33m dim=256, δ=1.00611113, β=209.42 [0m
[1;37m integrate approx hint [0m [0m (conditionning) [0m [3;32m 	 Worthy hint ! [0m [1;33m dim=256, δ=1.00638755, β=195.10 [0m
[1;37m integrate approx hint [0m [0m (conditionning) [0m [3;32m 	 Worthy hint ! [0m [1;33m dim=256, δ=1.00579377, β=227.77 [0m
[1;37m integrate approx hint [0m [0m (conditionning) [0m [3;31m 	 Unworthy hint, Forced it. [0m
[1;37m integrate approx hint [0m [0m (conditionning) [0m [3;31m 	 Unworthy hint, Forced it. [0m
[1;37m integrate approx hint [0m [0m (conditionning) [0m [3;32m 	 Worthy hint ! [0m [1;33m dim=256, δ=1.00630447, β=199.24 [0m
[1;37m integrate approx hint [0m [0m (conditionning) [0m [3;32m 	 Worthy hint ! [0m [1;33m dim=256, δ=1.00600212, β=215.50 [0m
[1;37m integrate approx hint [0m [0m (conditionning) [0m [3;31m 	 Unworthy hint, Forced it. [0m
[1;37m integrate approx hint [0m [0m (conditionning) [0m [3;31m 	 Unworthy hint, Forced it. [0m
[1;37m integrate approx hint [0m [0m (conditionning) [0m [3;32m 	 Worthy hint ! [0m [1;33m dim=256, δ=1.00620980, β=204.19 [0m
[1;37m integrate approx hint [0m [0m (conditionning) [0m [3;31m 	 Unworthy hint, Forced it. [0m
[1;37m integrate approx hint [0m [0m (conditionning) [0m [3;31m 	 Unworthy hint, Forced it. [0m
[1;37m integrate approx hint [0m [0m (conditionning) [0m [3;31m 	 Unworthy hint, Forced it. [0m
[1;37m integrate approx hint [0m [0m (conditionning) [0m [3;32m 	 Worthy hint ! [0m [1;33m dim=256, δ=1.00542816, β=252.39 [0m
[1;37m integrate approx hint [0m [0m (conditionning) [0m [3;32m 	 Worthy hint ! [0m [1;33m dim=256, δ=1.00621390, β=204.05 [0m
[1;37m integrate approx hint [0m [0m (conditionning) [0m [3;32m 	 Worthy hint ! [0m [1;33m dim=256, δ=1.00648685, β=190.20 [0m
[1;37m integrate approx hint [0m [0m (conditionning) [0m [3;32m 	 Worthy hint ! [0m [1;33m dim=256, δ=1.00589119, β=221.82 [0m
[1;37m integrate approx hint [0m [0m (conditionning) [0m [3;31m 	 Unworthy hint, Forced it. [0m
[1;37m integrate approx hint [0m [0m (conditionning) [0m [3;32m 	 Worthy hint ! [0m [1;33m dim=256, δ=1.00640498, β=194.20 [0m
[1;37m integrate approx hint [0m [0m (conditionning) [0m [3;32m 	 Worthy hint ! [0m [1;33m dim=256, δ=1.00609718, β=209.93 [0m
[1;37m integrate approx hint [0m [0m (conditionning) [0m [3;31m 	 Unworthy hint, Forced it. [0m
[1;37m integrate approx hint [0m [0m (conditionning) [0m [3;31m 	 Unworthy hint, Forced it. [0m
[1;37m integrate approx hint [0m [0m (conditionning) [0m [3;31m 	 Unworthy hint, Forced it. [0m
[1;37m integrate approx hint [0m [0m (conditionning) [0m [3;32m 	 Worthy hint ! [0m [1;33m dim=256, δ=1.00588832, β=221.94 [0m
[1;37m integrate approx hint [0m [0m (conditionning) [0m [3;32m 	 Worthy hint ! [0m [1;33m dim=256, δ=1.00630220, β=198.99 [0m
[1;37m integrate approx hint [0m [0m (conditionning) [0m [3;31m 	 Unworthy hint, Forced it. [0m
[1;37m integrate approx hint [0m [0m (conditionning) [0m [3;31m 	 Unworthy hint, Forced it. [0m
[1;37m integrate approx hint [0m [0m (conditionning) [0m [3;32m 	 Worthy hint ! [0m [1;33m dim=256, δ=1.00552332, β=245.58 [0m
[1;37m integrate approx hint [0m [0m (conditionning) [0m [3;31m 	 Unworthy hint, Forced it. [0m
[1;37m integrate approx hint [0m [0m (conditionning) [0m [3;32m 	 Worthy hint ! [0m [1;33m dim=256, δ=1.00549974, β=247.00 [0m
[1;37m integrate approx hint [0m [0m (conditionning) [0m [3;31m 	 Unworthy hint, Forced it. [0m
[1;37m integrate approx hint [0m [0m (conditionning) [0m [3;31m 	 Unworthy hint, Forced it. [0m
[1;37m integrate approx hint [0m [0m (conditionning) [0m [3;32m 	 Worthy hint ! [0m [1;33m dim=256, δ=1.00630640, β=198.85 [0m
[1;37m integrate approx hint [0m [0m (conditionning) [0m [3;32m 	 Worthy hint ! [0m [1;33m dim=256, δ=1.00658496, β=185.45 [0m
[1;37m integrate approx hint [0m [0m (conditionning) [0m [3;31m 	 Unworthy hint, Forced it. [0m
[1;37m integrate approx hint [0m [0m (conditionning) [0m [3;32m 	 Worthy hint ! [0m [1;33m dim=256, δ=1.00599587, β=216.06 [0m
[1;37m integrate approx hint [0m [0m (conditionning) [0m [3;32m 	 Worthy hint ! [0m [1;33m dim=256, δ=1.00650425, β=189.32 [0m
[1;37m integrate approx hint [0m [0m (conditionning) [0m [3;32m 	 Worthy hint ! [0m [1;33m dim=256, δ=1.00619984, β=204.55 [0m
[1;37m integrate approx hint [0m [0m (conditionning) [0m [3;31m 	 Unworthy hint, Forced it. [0m
[1;37m integrate approx hint [0m [0m (conditionning) [0m [3;32m 	 Worthy hint ! [0m [1;33m dim=256, δ=1.00541736, β=253.25 [0m
[1;37m integrate approx hint [0m [0m (conditionning) [0m [3;32m 	 Worthy hint ! [0m [1;33m dim=256, δ=1.00640253, β=193.96 [0m
[1;37m integrate approx hint [0m [0m (conditionning) [0m [3;31m 	 Unworthy hint, Forced it. [0m
[1;37m integrate approx hint [0m [0m (conditionning) [0m [3;31m 	 Unworthy hint, Forced it. [0m
[1;37m integrate approx hint [0m [0m (conditionning) [0m [3;31m 	 Unworthy hint, Forced it. [0m
[1;37m integrate approx hint [0m [0m (conditionning) [0m [3;32m 	 Worthy hint ! [0m [1;33m dim=256, δ=1.00562481, β=239.01 [0m
[1;37m integrate approx hint [0m [0m (conditionning) [0m [3;31m 	 Unworthy hint, Forced it. [0m
[1;37m integrate approx hint [0m [0m (conditionning) [0m [3;32m 	 Worthy hint ! [0m [1;33m dim=256, δ=1.00640681, β=193.82 [0m
[1;37m integrate approx hint [0m [0m (conditionning) [0m [3;32m 	 Worthy hint ! [0m [1;33m dim=256, δ=1.00609085, β=210.50 [0m
[1;37m integrate approx hint [0m [0m (conditionning) [0m [3;32m 	 Worthy hint ! [0m [1;33m dim=256, δ=1.00668182, β=180.85 [0m
[1;37m integrate approx hint [0m [0m (conditionning) [0m [3;32m 	 Worthy hint ! [0m [1;33m dim=256, δ=1.00660233, β=184.59 [0m
[1;37m integrate approx hint [0m [0m (conditionning) [0m [3;31m 	 Unworthy hint, Forced it. [0m
[1;37m integrate approx hint [0m [0m (conditionning) [0m [3;32m 	 Worthy hint ! [0m [1;33m dim=256, δ=1.00630145, β=199.34 [0m
[1;37m integrate approx hint [0m [0m (conditionning) [0m [3;31m 	 Unworthy hint, Forced it. [0m
[1;37m integrate approx hint [0m [0m (conditionning) [0m [3;31m 	 Unworthy hint, Forced it. [0m
[1;37m integrate approx hint [0m [0m (conditionning) [0m [3;32m 	 Worthy hint ! [0m [1;33m dim=256, δ=1.00551234, β=246.42 [0m
[1;37m integrate approx hint [0m [0m (conditionning) [0m [3;32m 	 Worthy hint ! [0m [1;33m dim=256, δ=1.00651141, β=189.08 [0m
[1;37m integrate approx hint [0m [0m (conditionning) [0m [3;32m 	 Worthy hint ! [0m [1;33m dim=256, δ=1.00599308, β=216.17 [0m
[1;37m integrate approx hint [0m [0m (conditionning) [0m [3;31m 	 Unworthy hint, Forced it. [0m
[1;37m integrate approx hint [0m [0m (conditionning) [0m [3;31m 	 Unworthy hint, Forced it. [0m
[1;37m integrate approx hint [0m [0m (conditionning) [0m [3;32m 	 Worthy hint ! [0m [1;33m dim=256, δ=1.00571724, β=232.65 [0m
[1;37m integrate approx hint [0m [0m (conditionning) [0m [3;31m 	 Unworthy hint, Forced it. [0m
[1;37m integrate approx hint [0m [0m (conditionning) [0m [3;31m 	 Unworthy hint, Forced it. [0m
[1;37m integrate approx hint [0m [0m (conditionning) [0m [3;32m 	 Worthy hint ! [0m [1;33m dim=256, δ=1.00650607, β=188.94 [0m
[1;37m integrate approx hint [0m [0m (conditionning) [0m [3;32m 	 Worthy hint ! [0m [1;33m dim=256, δ=1.00678774, β=176.38 [0m
[1;37m integrate approx hint [0m [0m (conditionning) [0m [3;32m 	 Worthy hint ! [0m [1;33m dim=256, δ=1.00619338, β=205.11 [0m
[1;37m integrate approx hint [0m [0m (conditionning) [0m [3;32m 	 Worthy hint ! [0m [1;33m dim=256, δ=1.00669915, β=180.00 [0m
[1;37m integrate approx hint [0m [0m (conditionning) [0m [3;32m 	 Worthy hint ! [0m [1;33m dim=256, δ=1.00640197, β=194.30 [0m
[1;37m integrate approx hint [0m [0m (conditionning) [0m [3;31m 	 Unworthy hint, Forced it. [0m
[1;37m integrate approx hint [0m [0m (conditionning) [0m [3;32m 	 Worthy hint ! [0m [1;33m dim=256, δ=1.00560093, β=240.40 [0m
[1;37m integrate approx hint [0m [0m (conditionning) [0m [3;31m 	 Unworthy hint, Forced it. [0m
[1;37m integrate approx hint [0m [0m (conditionning) [0m [3;32m 	 Worthy hint ! [0m [1;33m dim=256, δ=1.00560590, β=239.84 [0m
[1;37m integrate approx hint [0m [0m (conditionning) [0m [3;31m 	 Unworthy hint, Forced it. [0m
[1;37m integrate approx hint [0m [0m (conditionning) [0m [3;31m 	 Unworthy hint, Forced it. [0m
[1;37m integrate approx hint [0m [0m (conditionning) [0m [3;32m 	 Worthy hint ! [0m [1;33m dim=256, δ=1.00660963, β=184.35 [0m
[1;37m integrate approx hint [0m [0m (conditionning) [0m [3;31m 	 Unworthy hint, Forced it. [0m
[1;37m integrate approx hint [0m [0m (conditionning) [0m [3;31m 	 Unworthy hint, Forced it. [0m
[1;37m integrate approx hint [0m [0m (conditionning) [0m [3;31m 	 Unworthy hint, Forced it. [0m
[1;37m integrate approx hint [0m [0m (conditionning) [0m [3;32m 	 Worthy hint ! [0m [1;33m dim=256, δ=1.00581626, β=226.52 [0m
[1;37m integrate approx hint [0m [0m (conditionning) [0m [3;31m 	 Unworthy hint, Forced it. [0m
[1;37m integrate approx hint [0m [0m (conditionning) [0m [3;32m 	 Worthy hint ! [0m [1;33m dim=256, δ=1.00661407, β=184.21 [0m
[1;37m integrate approx hint [0m [0m (conditionning) [0m [3;32m 	 Worthy hint ! [0m [1;33m dim=256, δ=1.00689278, β=172.05 [0m
[3;32m 	 Worthy hint ! [0m [1;33m dim=256, δ=1.00628569, β=199.89 [0m
[1;37m integrate approx hint [0m [0m (conditionning) [0m [1;37m integrate approx hint [0m [0m (conditionning) [0m [3;32m 	 Worthy hint ! [0m [1;33m dim=256, δ=1.00680505, β=175.55 [0m
[1;37m integrate approx hint [0m [0m (conditionning) [0m [3;31m 	 Unworthy hint, Forced it. [0m
[1;37m integrate approx hint [0m [0m (conditionning) [0m [3;32m 	 Worthy hint ! [0m [1;33m dim=256, δ=1.00650133, β=189.41 [0m
[1;37m integrate approx hint [0m [0m (conditionning) [0m [3;31m 	 Unworthy hint, Forced it. [0m
[1;37m integrate approx hint [0m [0m (conditionning) [0m [3;31m 	 Unworthy hint, Forced it. [0m
[1;37m integrate approx hint [0m [0m (conditionning) [0m [3;32m 	 Worthy hint ! [0m [1;33m dim=256, δ=1.00570587, β=233.47 [0m
[1;37m integrate approx hint [0m [0m (conditionning) [0m [3;32m 	 Worthy hint ! [0m [1;33m dim=256, δ=1.00670657, β=179.77 [0m
[1;37m integrate approx hint [0m [0m (conditionning) [0m [3;32m 	 Worthy hint ! [0m [1;33m dim=256, δ=1.00544979, β=250.69 [0m
[1;37m integrate approx hint [0m [0m (conditionning) [0m [3;31m 	 Unworthy hint, Forced it. [0m
[1;37m integrate approx hint [0m [0m (conditionning) [0m [3;32m 	 Worthy hint ! [0m [1;33m dim=256, δ=1.00591405, β=220.58 [0m
[1;37m integrate approx hint [0m [0m (conditionning) [0m [3;31m 	 Unworthy hint, Forced it. [0m
[1;37m integrate approx hint [0m [0m (conditionning) [0m [3;31m 	 Unworthy hint, Forced it. [0m
[1;37m integrate approx hint [0m [0m (conditionning) [0m [3;32m 	 Worthy hint ! [0m [1;33m dim=256, δ=1.00671110, β=179.63 [0m
[1;37m integrate approx hint [0m [0m (conditionning) [0m [3;32m 	 Worthy hint ! [0m [1;33m dim=256, δ=1.00638590, β=194.84 [0m
[1;37m integrate approx hint [0m [0m (conditionning) [0m [3;32m 	 Worthy hint ! [0m [1;33m dim=256, δ=1.00698605, β=167.85 [0m
[1;37m integrate approx hint [0m [0m (conditionning) [0m [3;32m 	 Worthy hint ! [0m [1;33m dim=256, δ=1.00691004, β=171.24 [0m
[1;37m integrate approx hint [0m [0m (conditionning) [0m [3;32m 	 Worthy hint ! [0m [1;33m dim=256, δ=1.00659948, β=184.68 [0m
[1;37m integrate approx hint [0m [0m (conditionning) [0m [3;31m 	 Unworthy hint, Forced it. [0m
[1;37m integrate approx hint [0m [0m (conditionning) [0m [3;31m 	 Unworthy hint, Forced it. [0m
[1;37m integrate approx hint [0m [0m (conditionning) [0m [3;32m 	 Worthy hint ! [0m [1;33m dim=256, δ=1.00570102, β=234.02 [0m
[1;37m integrate approx hint [0m [0m (conditionning) [0m [3;32m 	 Worthy hint ! [0m [1;33m dim=256, δ=1.00580468, β=227.32 [0m
[1;37m integrate approx hint [0m [0m (conditionning) [0m [3;32m 	 Worthy hint ! [0m [1;33m dim=256, δ=1.00608817, β=210.60 [0m
[1;37m integrate approx hint [0m [0m (conditionning) [0m [3;31m 	 Unworthy hint, Forced it. [0m
[1;37m integrate approx hint [0m [0m (conditionning) [0m [3;32m 	 Worthy hint ! [0m [1;33m dim=256, δ=1.00681261, β=175.33 [0m
[1;37m integrate approx hint [0m [0m (conditionning) [0m [3;31m 	 Unworthy hint, Forced it. [0m
[1;37m integrate approx hint [0m [0m (conditionning) [0m [3;32m 	 Worthy hint ! [0m [1;33m dim=256, δ=1.00554505, β=243.91 [0m
[3;31m 	 Unworthy hint, Forced it. [0m
[1;37m integrate approx hint [0m [0m (conditionning) [0m [1;37m integrate approx hint [0m [0m (conditionning) [0m [3;32m 	 Worthy hint ! [0m [1;33m dim=256, δ=1.00601055, β=214.84 [0m
[1;37m integrate approx hint [0m [0m (conditionning) [0m [3;32m 	 Worthy hint ! [0m [1;33m dim=256, δ=1.00681724, β=175.19 [0m
[1;37m integrate approx hint [0m [0m (conditionning) [0m [3;32m 	 Worthy hint ! [0m [1;33m dim=256, δ=1.00648496, β=189.95 [0m
[1;37m integrate approx hint [0m [0m (conditionning) [0m [3;32m 	 Worthy hint ! [0m [1;33m dim=256, δ=1.00708896, β=163.77 [0m
[1;37m integrate approx hint [0m [0m (conditionning) [0m [3;31m 	 Unworthy hint, Forced it. [0m
[1;37m integrate approx hint [0m [0m (conditionning) [0m [3;31m 	 Unworthy hint, Forced it. [0m
[1;37m integrate approx hint [0m [0m (conditionning) [0m [3;32m 	 Worthy hint ! [0m [1;33m dim=256, δ=1.00701411, β=167.06 [0m
[1;37m integrate approx hint [0m [0m (conditionning) [0m [3;32m 	 Worthy hint ! [0m [1;33m dim=256, δ=1.00670654, β=180.08 [0m
[1;37m integrate approx hint [0m [0m (conditionning) [0m [3;31m 	 Unworthy hint, Forced it. [0m
[1;37m integrate approx hint [0m [0m (conditionning) [0m [3;32m 	 Worthy hint ! [0m [1;33m dim=256, δ=1.00590221, β=221.38 [0m
[1;37m integrate approx hint [0m [0m (conditionning) [0m [3;32m 	 Worthy hint ! [0m [1;33m dim=256, δ=1.00691776, β=171.02 [0m
[1;37m integrate approx hint [0m [0m (conditionning) [0m [3;32m 	 Worthy hint ! [0m [1;33m dim=256, δ=1.00564665, β=237.37 [0m
[1;37m integrate approx hint [0m [0m (conditionning) [0m [3;31m 	 Unworthy hint, Forced it. [0m
[1;37m integrate approx hint [0m [0m (conditionning) [0m [3;32m 	 Worthy hint ! [0m [1;33m dim=256, δ=1.00611448, β=209.29 [0m
[1;37m integrate approx hint [0m [0m (conditionning) [0m [3;31m 	 Unworthy hint, Forced it. [0m
[1;37m integrate approx hint [0m [0m (conditionning) [0m [3;32m 	 Worthy hint ! [0m [1;33m dim=256, δ=1.00691183, β=170.88 [0m
[1;37m integrate approx hint [0m [0m (conditionning) [0m [3;32m 	 Worthy hint ! [0m [1;33m dim=256, δ=1.00579185, β=227.85 [0m
[1;37m integrate approx hint [0m [0m (conditionning) [0m [3;32m 	 Worthy hint ! [0m [1;33m dim=256, δ=1.00659272, β=185.20 [0m
[1;37m integrate approx hint [0m [0m (conditionning) [0m [3;32m 	 Worthy hint ! [0m [1;33m dim=256, δ=1.00719085, β=159.80 [0m
[1;37m integrate approx hint [0m [0m (conditionning) [0m [3;32m 	 Worthy hint ! [0m [1;33m dim=256, δ=1.00541969, β=253.14 [0m
[1;37m integrate approx hint [0m [0m (conditionning) [0m [3;32m 	 Worthy hint ! [0m [1;33m dim=256, δ=1.00710603, β=162.99 [0m
[1;37m integrate approx hint [0m [0m (conditionning) [0m [3;31m 	 Unworthy hint, Forced it. [0m
[1;37m integrate approx hint [0m [0m (conditionning) [0m [3;32m 	 Worthy hint ! [0m [1;33m dim=256, δ=1.00680233, β=175.63 [0m
[1;37m integrate approx hint [0m [0m (conditionning) [0m [3;32m 	 Worthy hint ! [0m [1;33m dim=256, δ=1.00619083, β=205.20 [0m
[1;37m integrate approx hint [0m [0m (conditionning) [0m [3;31m 	 Unworthy hint, Forced it. [0m
[1;37m integrate approx hint [0m [0m (conditionning) [0m [3;32m 	 Worthy hint ! [0m [1;33m dim=256, δ=1.00599847, β=215.64 [0m
[1;37m integrate approx hint [0m [0m (conditionning) [0m [3;31m 	 Unworthy hint, Forced it. [0m
[1;37m integrate approx hint [0m [0m (conditionning) [0m [3;32m 	 Worthy hint ! [0m [1;33m dim=256, δ=1.00701107, β=166.84 [0m
[1;37m integrate approx hint [0m [0m (conditionning) [0m [3;32m 	 Worthy hint ! [0m [1;33m dim=256, δ=1.00574710, β=231.06 [0m
[1;37m integrate approx hint [0m [0m (conditionning) [0m [3;32m 	 Worthy hint ! [0m [1;33m dim=256, δ=1.00542142, β=253.05 [0m
[1;37m integrate approx hint [0m [0m (conditionning) [0m [3;32m 	 Worthy hint ! [0m [1;33m dim=256, δ=1.00620840, β=203.92 [0m
[1;37m integrate approx hint [0m [0m (conditionning) [0m [3;31m 	 Unworthy hint, Forced it. [0m
[1;37m integrate approx hint [0m [0m (conditionning) [0m [3;31m 	 Unworthy hint, Forced it. [0m
[1;37m integrate approx hint [0m [0m (conditionning) [0m [3;32m 	 Worthy hint ! [0m [1;33m dim=256, δ=1.00701591, β=166.70 [0m
[1;37m integrate approx hint [0m [0m (conditionning) [0m [3;31m 	 Unworthy hint, Forced it. [0m
[3;32m 	 Worthy hint ! [0m [1;33m dim=256, δ=1.00729161, β=155.96 [0m
[1;37m integrate approx hint [0m [0m (conditionning) [0m [1;37m integrate approx hint [0m [0m (conditionning) [0m [3;32m 	 Worthy hint ! [0m [1;33m dim=256, δ=1.00668954, β=180.61 [0m
[1;37m integrate approx hint [0m [0m (conditionning) [0m [3;32m 	 Worthy hint ! [0m [1;33m dim=256, δ=1.00551478, β=246.31 [0m
[1;37m integrate approx hint [0m [0m (conditionning) [0m [3;32m 	 Worthy hint ! [0m [1;33m dim=256, δ=1.00721927, β=159.05 [0m
[1;37m integrate approx hint [0m [0m (conditionning) [0m [3;32m 	 Worthy hint ! [0m [1;33m dim=256, δ=1.00690735, β=171.32 [0m
[1;37m integrate approx hint [0m [0m (conditionning) [0m [3;32m 	 Worthy hint ! [0m [1;33m dim=256, δ=1.00628325, β=199.98 [0m
[1;37m integrate approx hint [0m [0m (conditionning) [0m [3;31m 	 Unworthy hint, Forced it. [0m
[1;37m integrate approx hint [0m [0m (conditionning) [0m [3;32m 	 Worthy hint ! [0m [1;33m dim=256, δ=1.00610211, β=210.08 [0m
[1;37m integrate approx hint [0m [0m (conditionning) [0m [3;32m 	 Worthy hint ! [0m [1;33m dim=256, δ=1.00711407, β=162.78 [0m
[1;37m integrate approx hint [0m [0m (conditionning) [0m [3;32m 	 Worthy hint ! [0m [1;33m dim=256, δ=1.00583816, β=224.95 [0m
[1;37m integrate approx hint [0m [0m (conditionning) [0m [3;32m 	 Worthy hint ! [0m [1;33m dim=256, δ=1.00551656, β=246.23 [0m
[1;37m integrate approx hint [0m [0m (conditionning) [0m [3;32m 	 Worthy hint ! [0m [1;33m dim=256, δ=1.00631010, β=198.72 [0m
[1;37m integrate approx hint [0m [0m (conditionning) [0m [3;31m 	 Unworthy hint, Forced it. [0m
[1;37m integrate approx hint [0m [0m (conditionning) [0m [3;32m 	 Worthy hint ! [0m [1;33m dim=256, δ=1.00711902, β=162.64 [0m
[1;37m integrate approx hint [0m [0m (conditionning) [0m [3;32m 	 Worthy hint ! [0m [1;33m dim=256, δ=1.00679543, β=176.15 [0m
[3;32m 	 Worthy hint ! [0m [1;33m dim=256, δ=1.00740317, β=152.22 [0m
[1;37m integrate approx hint [0m [0m (conditionning) [0m [1;37m integrate approx hint [0m [0m (conditionning) [0m [3;32m 	 Worthy hint ! [0m [1;33m dim=256, δ=1.00560845, β=239.72 [0m
[1;37m integrate approx hint [0m [0m (conditionning) [0m [3;31m 	 Unworthy hint, Forced it. [0m
[3;32m 	 Worthy hint ! [0m [1;33m dim=256, δ=1.00732028, β=155.22 [0m
[1;37m integrate approx hint [0m [0m (conditionning) [0m [1;37m integrate approx hint [0m [0m (conditionning) [0m [3;32m 	 Worthy hint ! [0m [1;33m dim=256, δ=1.00701142, β=167.13 [0m
[1;37m integrate approx hint [0m [0m (conditionning) [0m [3;31m 	 Unworthy hint, Forced it. [0m
[1;37m integrate approx hint [0m [0m (conditionning) [0m [3;32m 	 Worthy hint ! [0m [1;33m dim=256, δ=1.00619580, β=204.70 [0m
[1;37m integrate approx hint [0m [0m (conditionning) [0m [3;31m 	 Unworthy hint, Forced it. [0m
[1;37m integrate approx hint [0m [0m (conditionning) [0m [3;32m 	 Worthy hint ! [0m [1;33m dim=256, δ=1.00721604, β=158.83 [0m
[1;37m integrate approx hint [0m [0m (conditionning) [0m [3;32m 	 Worthy hint ! [0m [1;33m dim=256, δ=1.00594440, β=219.05 [0m
[1;37m integrate approx hint [0m [0m (conditionning) [0m [3;32m 	 Worthy hint ! [0m [1;33m dim=256, δ=1.00561027, β=239.64 [0m
[1;37m integrate approx hint [0m [0m (conditionning) [0m [3;31m 	 Unworthy hint, Forced it. [0m
[3;31m 	 Unworthy hint, Forced it. [0m
[1;37m integrate approx hint [0m [0m (conditionning) [0m [3;32m 	 Worthy hint ! [0m [1;33m dim=256, δ=1.00641070, β=193.69 [0m
[1;37m integrate approx hint [0m [0m (conditionning) [0m [1;37m integrate approx hint [0m [0m (conditionning) [0m [3;32m 	 Worthy hint ! [0m [1;33m dim=256, δ=1.00722107, β=158.70 [0m
[1;37m integrate approx hint [0m [0m (conditionning) [0m [3;31m 	 Unworthy hint, Forced it. [0m
[1;37m integrate approx hint [0m [0m (conditionning) [0m [3;31m 	 Unworthy hint, Forced it. [0m
[1;37m integrate approx hint [0m [0m (conditionning) [0m [3;32m 	 Worthy hint ! [0m [1;33m dim=256, δ=1.00750194, β=148.59 [0m
[3;32m 	 Worthy hint ! [0m [1;33m dim=256, δ=1.00688983, β=171.83 [0m
[1;37m integrate approx hint [0m [0m (conditionning) [0m [1;37m integrate approx hint [0m [0m (conditionning) [0m [3;32m 	 Worthy hint ! [0m [1;33m dim=256, δ=1.00570855, β=233.36 [0m
[1;37m integrate approx hint [0m [0m (conditionning) [0m [3;32m 	 Worthy hint ! [0m [1;33m dim=256, δ=1.00742014, β=151.50 [0m
[1;37m integrate approx hint [0m [0m (conditionning) [0m [3;32m 	 Worthy hint ! [0m [1;33m dim=256, δ=1.00711446, β=163.07 [0m
[1;37m integrate approx hint [0m [0m (conditionning) [0m [3;32m 	 Worthy hint ! [0m [1;33m dim=256, δ=1.00588935, β=221.89 [0m
[1;37m integrate approx hint [0m [0m (conditionning) [0m [3;31m 	 Unworthy hint, Forced it. [0m
[1;37m integrate approx hint [0m [0m (conditionning) [0m [3;32m 	 Worthy hint ! [0m [1;33m dim=256, δ=1.00629722, β=199.49 [0m
[1;37m integrate approx hint [0m [0m (conditionning) [0m [3;32m 	 Worthy hint ! [0m [1;33m dim=256, δ=1.00732863, β=155.01 [0m
[1;37m integrate approx hint [0m [0m (conditionning) [0m [3;32m 	 Worthy hint ! [0m [1;33m dim=256, δ=1.00604113, β=213.35 [0m
[1;37m integrate approx hint [0m [0m (conditionning) [0m [3;32m 	 Worthy hint ! [0m [1;33m dim=256, δ=1.00571043, β=233.28 [0m
[1;37m integrate approx hint [0m [0m (conditionning) [0m [3;31m 	 Unworthy hint, Forced it. [0m
[3;32m 	 Worthy hint ! [0m [1;33m dim=256, δ=1.00651014, β=188.81 [0m
[1;37m integrate approx hint [0m [0m (conditionning) [0m [1;37m integrate approx hint [0m [0m (conditionning) [0m [3;32m 	 Worthy hint ! [0m [1;33m dim=256, δ=1.00732204, β=154.87 [0m
[1;37m integrate approx hint [0m [0m (conditionning) [0m [3;32m 	 Worthy hint ! [0m [1;33m dim=256, δ=1.00761196, β=145.06 [0m
[1;37m integrate approx hint [0m [0m (conditionning) [0m [3;32m 	 Worthy hint ! [0m [1;33m dim=256, δ=1.00699368, β=167.63 [0m
[1;37m integrate approx hint [0m [0m (conditionning) [0m [3;32m 	 Worthy hint ! [0m [1;33m dim=256, δ=1.00580750, β=227.21 [0m
[1;37m integrate approx hint [0m [0m (conditionning) [0m [3;31m 	 Unworthy hint, Forced it. [0m
[1;37m integrate approx hint [0m [0m (conditionning) [0m [3;32m 	 Worthy hint ! [0m [1;33m dim=256, δ=1.00751882, β=147.88 [0m
[1;37m integrate approx hint [0m [0m (conditionning) [0m [3;32m 	 Worthy hint ! [0m [1;33m dim=256, δ=1.00721650, β=159.12 [0m
[1;37m integrate approx hint [0m [0m (conditionning) [0m [3;31m 	 Unworthy hint, Forced it. [0m
[1;37m integrate approx hint [0m [0m (conditionning) [0m [3;32m 	 Worthy hint ! [0m [1;33m dim=256, δ=1.00638356, β=194.92 [0m
[1;37m integrate approx hint [0m [0m (conditionning) [0m [3;32m 	 Worthy hint ! [0m [1;33m dim=256, δ=1.00639756, β=194.45 [0m
[1;37m integrate approx hint [0m [0m (conditionning) [0m [3;31m 	 Unworthy hint, Forced it. [0m
[1;37m integrate approx hint [0m [0m (conditionning) [0m [3;32m 	 Worthy hint ! [0m [1;33m dim=256, δ=1.00742867, β=151.29 [0m
[1;37m integrate approx hint [0m [0m (conditionning) [0m [3;32m 	 Worthy hint ! [0m [1;33m dim=256, δ=1.00613647, β=207.83 [0m
[1;37m integrate approx hint [0m [0m (conditionning) [0m [3;31m 	 Unworthy hint, Forced it. [0m
[1;37m integrate approx hint [0m [0m (conditionning) [0m [3;32m 	 Worthy hint ! [0m [1;33m dim=256, δ=1.00580942, β=227.13 [0m
[1;37m integrate approx hint [0m [0m (conditionning) [0m [3;32m 	 Worthy hint ! [0m [1;33m dim=256, δ=1.00661832, β=184.08 [0m
[1;37m integrate approx hint [0m [0m (conditionning) [0m [3;32m 	 Worthy hint ! [0m [1;33m dim=256, δ=1.00743388, β=151.16 [0m
[1;37m integrate approx hint [0m [0m (conditionning) [0m [3;31m 	 Unworthy hint, Forced it. [0m
[1;37m integrate approx hint [0m [0m (conditionning) [0m [3;32m 	 Worthy hint ! [0m [1;33m dim=256, δ=1.00709654, β=163.56 [0m
[1;37m integrate approx hint [0m [0m (conditionning) [0m [3;32m 	 Worthy hint ! [0m [1;33m dim=256, δ=1.00770856, β=141.62 [0m
[1;37m integrate approx hint [0m [0m (conditionning) [0m [3;32m 	 Worthy hint ! [0m [1;33m dim=256, δ=1.00590522, β=221.26 [0m
[1;37m integrate approx hint [0m [0m (conditionning) [0m [3;32m 	 Worthy hint ! [0m [1;33m dim=256, δ=1.00762879, β=144.37 [0m
[1;37m integrate approx hint [0m [0m (conditionning) [0m [3;32m 	 Worthy hint ! [0m [1;33m dim=256, δ=1.00731747, β=155.29 [0m
[1;37m integrate approx hint [0m [0m (conditionning) [0m [3;31m 	 Unworthy hint, Forced it. [0m
[1;37m integrate approx hint [0m [0m (conditionning) [0m [3;32m 	 Worthy hint ! [0m [1;33m dim=256, δ=1.00649677, β=189.56 [0m
[1;37m integrate approx hint [0m [0m (conditionning) [0m [3;31m 	 Unworthy hint, Forced it. [0m
[1;37m integrate approx hint [0m [0m (conditionning) [0m [3;32m 	 Worthy hint ! [0m [1;33m dim=256, δ=1.00752752, β=147.67 [0m
[1;37m integrate approx hint [0m [0m (conditionning) [0m [3;32m 	 Worthy hint ! [0m [1;33m dim=256, δ=1.00649238, β=190.02 [0m
[1;37m integrate approx hint [0m [0m (conditionning) [0m [3;31m 	 Unworthy hint, Forced it. [0m
[1;37m integrate approx hint [0m [0m (conditionning) [0m [3;32m 	 Worthy hint ! [0m [1;33m dim=256, δ=1.00590718, β=221.19 [0m
[1;37m integrate approx hint [0m [0m (conditionning) [0m [3;32m 	 Worthy hint ! [0m [1;33m dim=256, δ=1.00671552, β=179.50 [0m
[1;37m integrate approx hint [0m [0m (conditionning) [0m [3;32m 	 Worthy hint ! [0m [1;33m dim=256, δ=1.00753282, β=147.54 [0m
[1;37m integrate approx hint [0m [0m (conditionning) [0m [3;32m 	 Worthy hint ! [0m [1;33m dim=256, δ=1.00599412, β=216.13 [0m
[1;37m integrate approx hint [0m [0m (conditionning) [0m [3;32m 	 Worthy hint ! [0m [1;33m dim=256, δ=1.00623946, β=202.49 [0m
[1;37m integrate approx hint [0m [0m (conditionning) [0m [3;32m 	 Worthy hint ! [0m [3;32m 	 Worthy hint ! [0m [1;33m dim=256, δ=1.00600166, β=215.51 [0m
[1;33m dim=256, δ=1.00719838, β=159.60 [0m
[1;37m integrate approx hint [0m [1;37m integrate approx hint [0m [0m (conditionning) [0m [0m (conditionning) [0m [3;32m 	 Worthy hint ! [0m [1;33m dim=256, δ=1.00781684, β=138.28 [0m
[1;37m integrate approx hint [0m [0m (conditionning) [0m [3;31m 	 Unworthy hint, Forced it. [0m
[1;37m integrate approx hint [0m [0m (conditionning) [0m [3;32m 	 Worthy hint ! [0m [1;33m dim=256, δ=1.00772527, β=140.95 [0m
[1;37m integrate approx hint [0m [0m (conditionning) [0m [3;32m 	 Worthy hint ! [0m [1;33m dim=256, δ=1.00741733, β=151.57 [0m
[3;31m 	 Unworthy hint, Forced it. [0m
[1;37m integrate approx hint [0m [0m (conditionning) [0m [1;37m integrate approx hint [0m [0m (conditionning) [0m [3;32m 	 Worthy hint ! [0m [1;33m dim=256, δ=1.00659477, β=184.82 [0m
[1;37m integrate approx hint [0m [0m (conditionning) [0m [3;31m 	 Unworthy hint, Forced it. [0m
[1;37m integrate approx hint [0m [0m (conditionning) [0m [3;32m 	 Worthy hint ! [0m [1;33m dim=256, δ=1.00763766, β=144.16 [0m
[1;37m integrate approx hint [0m [0m (conditionning) [0m [3;32m 	 Worthy hint ! [0m [1;33m dim=256, δ=1.00659059, β=185.27 [0m
[1;37m integrate approx hint [0m [0m (conditionning) [0m [3;32m 	 Worthy hint ! [0m [1;33m dim=256, δ=1.00600367, β=215.44 [0m
[1;37m integrate approx hint [0m [0m (conditionning) [0m [3;32m 	 Worthy hint ! [0m [1;33m dim=256, δ=1.00682183, β=175.05 [0m
[1;37m integrate approx hint [0m [0m (conditionning) [0m [3;31m 	 Unworthy hint, Forced it. [0m
[1;37m integrate approx hint [0m [0m (conditionning) [0m [3;32m 	 Worthy hint ! [0m [1;33m dim=256, δ=1.00764298, β=144.03 [0m
[1;37m integrate approx hint [0m [0m (conditionning) [0m [3;31m 	 Unworthy hint, Forced it. [0m
[1;37m integrate approx hint [0m [0m (conditionning) [0m [3;32m 	 Worthy hint ! [0m [1;33m dim=256, δ=1.00729917, β=155.76 [0m
[1;37m integrate approx hint [0m [0m (conditionning) [0m [3;32m 	 Worthy hint ! [0m [1;33m dim=256, δ=1.00609675, β=209.95 [0m
[1;37m integrate approx hint [0m [0m (conditionning) [0m [3;32m 	 Worthy hint ! [0m [1;33m dim=256, δ=1.00792433, β=135.03 [0m
[1;37m integrate approx hint [0m [0m (conditionning) [0m [3;32m 	 Worthy hint ! [0m [1;33m dim=256, δ=1.00783352, β=137.62 [0m
[1;37m integrate approx hint [0m [0m (conditionning) [0m [3;32m 	 Worthy hint ! [0m [1;33m dim=256, δ=1.00751601, β=147.95 [0m
[1;37m integrate approx hint [0m [0m (conditionning) [0m [3;31m 	 Unworthy hint, Forced it. [0m
[1;37m integrate approx hint [0m [0m (conditionning) [0m [3;32m 	 Worthy hint ! [0m [1;33m dim=256, δ=1.00670167, β=180.23 [0m
[1;37m integrate approx hint [0m [0m (conditionning) [0m [3;32m 	 Worthy hint ! [0m [1;33m dim=256, δ=1.00773430, β=140.74 [0m
[1;37m integrate approx hint [0m [0m (conditionning) [0m [3;32m 	 Worthy hint ! [0m [1;33m dim=256, δ=1.00668755, β=180.67 [0m
[1;37m integrate approx hint [0m [0m (conditionning) [0m [3;31m 	 Unworthy hint, Forced it. [0m
[1;37m integrate approx hint [0m [0m (conditionning) [0m [3;31m 	 Unworthy hint, Forced it. [0m
[1;37m integrate approx hint [0m [0m (conditionning) [0m [3;32m 	 Worthy hint ! [0m [1;33m dim=256, δ=1.00609881, β=209.87 [0m
[1;37m integrate approx hint [0m [0m (conditionning) [0m [3;32m 	 Worthy hint ! [0m [1;33m dim=256, δ=1.00691659, β=170.75 [0m
[1;37m integrate approx hint [0m [0m (conditionning) [0m [3;32m 	 Worthy hint ! [0m [1;33m dim=256, δ=1.00773960, β=140.62 [0m
[1;37m integrate approx hint [0m [0m (conditionning) [0m [3;32m 	 Worthy hint ! [0m [1;33m dim=256, δ=1.00619942, β=204.57 [0m
[1;37m integrate approx hint [0m [0m (conditionning) [0m [3;31m 	 Unworthy hint, Forced it. [0m
[3;32m 	 Worthy hint ! [0m [1;33m dim=256, δ=1.00741075, β=152.03 [0m
[1;37m integrate approx hint [0m [0m (conditionning) [0m [1;37m integrate approx hint [0m [0m (conditionning) [0m [3;32m 	 Worthy hint ! [0m [1;33m dim=256, δ=1.00801740, β=131.87 [0m
[1;37m integrate approx hint [0m [0m (conditionning) [0m [3;32m 	 Worthy hint ! [0m [1;33m dim=256, δ=1.00794097, β=134.38 [0m
[1;37m integrate approx hint [0m [0m (conditionning) [0m [3;31m 	 Unworthy hint, Forced it. [0m
[1;37m integrate approx hint [0m [0m (conditionning) [0m [3;32m 	 Worthy hint ! [0m [1;33m dim=256, δ=1.00762598, β=144.43 [0m
[1;37m integrate approx hint [0m [0m (conditionning) [0m [3;32m 	 Worthy hint ! [0m [1;33m dim=256, δ=1.00679731, β=175.78 [0m
[1;37m integrate approx hint [0m [0m (conditionning) [0m [3;31m 	 Unworthy hint, Forced it. [0m
[1;37m integrate approx hint [0m [0m (conditionning) [0m [3;32m 	 Worthy hint ! [0m [1;33m dim=256, δ=1.00784269, β=137.41 [0m
[1;37m integrate approx hint [0m [0m (conditionning) [0m [3;32m 	 Worthy hint ! [0m [1;33m dim=256, δ=1.00679355, β=176.21 [0m
[1;37m integrate approx hint [0m [0m (conditionning) [0m [3;31m 	 Unworthy hint, Forced it. [0m
[1;37m integrate approx hint [0m [0m (conditionning) [0m [3;32m 	 Worthy hint ! [0m [1;33m dim=256, δ=1.00620153, β=204.49 [0m
[1;37m integrate approx hint [0m [0m (conditionning) [0m [3;32m 	 Worthy hint ! [0m [1;33m dim=256, δ=1.00702085, β=166.56 [0m
[1;37m integrate approx hint [0m [0m (conditionning) [0m [3;31m 	 Unworthy hint, Forced it. [0m
[1;37m integrate approx hint [0m [0m (conditionning) [0m [3;32m 	 Worthy hint ! [0m [1;33m dim=256, δ=1.00784799, β=137.30 [0m
[1;37m integrate approx hint [0m [0m (conditionning) [0m [3;31m 	 Unworthy hint, Forced it. [0m
[1;37m integrate approx hint [0m [0m (conditionning) [0m [3;31m 	 Unworthy hint, Forced it. [0m
[1;37m integrate approx hint [0m [0m (conditionning) [0m [3;32m 	 Worthy hint ! [0m [1;33m dim=256, δ=1.00630106, β=199.36 [0m
[1;37m integrate approx hint [0m [0m (conditionning) [0m [3;32m 	 Worthy hint ! [0m [1;33m dim=256, δ=1.00812294, β=128.79 [0m
[1;37m integrate approx hint [0m [0m (conditionning) [0m [3;32m 	 Worthy hint ! [0m [1;33m dim=256, δ=1.00750954, β=148.40 [0m
[1;37m integrate approx hint [0m [0m (conditionning) [0m [3;32m 	 Worthy hint ! [0m [1;33m dim=256, δ=1.00804760, β=131.23 [0m
[1;37m integrate approx hint [0m [0m (conditionning) [0m [3;31m 	 Unworthy hint, Forced it. [0m
[1;37m integrate approx hint [0m [0m (conditionning) [0m [3;32m 	 Worthy hint ! [0m [1;33m dim=256, δ=1.00773525, β=141.01 [0m
[1;37m integrate approx hint [0m [0m (conditionning) [0m [3;32m 	 Worthy hint ! [0m [1;33m dim=256, δ=1.00634139, β=197.32 [0m
[1;37m integrate approx hint [0m [0m (conditionning) [0m [3;32m 	 Worthy hint ! [0m [1;33m dim=256, δ=1.00690223, β=171.47 [0m
[1;37m integrate approx hint [0m [0m (conditionning) [0m [3;32m 	 Worthy hint ! [0m [1;33m dim=256, δ=1.00795030, β=134.18 [0m
[1;37m integrate approx hint [0m [0m (conditionning) [0m [3;32m 	 Worthy hint ! [0m [1;33m dim=256, δ=1.00688807, β=171.88 [0m
[1;37m integrate approx hint [0m [0m (conditionning) [0m [3;32m 	 Worthy hint ! [0m [1;33m dim=256, δ=1.00630322, β=199.28 [0m
[1;37m integrate approx hint [0m [0m (conditionning) [0m [3;32m 	 Worthy hint ! [0m [1;33m dim=256, δ=1.00712412, β=162.50 [0m
[1;37m integrate approx hint [0m [0m (conditionning) [0m [3;32m 	 Worthy hint ! [0m [1;33m dim=256, δ=1.00608921, β=210.56 [0m
[1;37m integrate approx hint [0m [0m (conditionning) [0m [3;31m 	 Unworthy hint, Forced it. [0m
[1;37m integrate approx hint [0m [0m (conditionning) [0m [3;32m 	 Worthy hint ! [0m [1;33m dim=256, δ=1.00795557, β=134.06 [0m
[1;37m integrate approx hint [0m [0m (conditionning) [0m [3;32m 	 Worthy hint ! [0m [1;33m dim=256, δ=1.00640158, β=194.31 [0m
[1;37m integrate approx hint [0m [0m (conditionning) [0m [3;32m 	 Worthy hint ! [0m [1;33m dim=256, δ=1.00822754, β=125.79 [0m
[1;37m integrate approx hint [0m [0m (conditionning) [0m [3;31m 	 Unworthy hint, Forced it. [0m
[3;32m 	 Worthy hint ! [0m [1;33m dim=256, δ=1.00760710, β=144.88 [0m
[1;37m integrate approx hint [0m [0m (conditionning) [0m [1;37m integrate approx hint [0m [0m (conditionning) [0m [3;32m 	 Worthy hint ! [0m [1;33m dim=256, δ=1.00815337, β=128.16 [0m
[1;37m integrate approx hint [0m [0m (conditionning) [0m [3;31m 	 Unworthy hint, Forced it. [0m
[1;37m integrate approx hint [0m [0m (conditionning) [0m [3;32m 	 Worthy hint ! [0m [1;33m dim=256, δ=1.00783070, β=137.68 [0m
[1;37m integrate approx hint [0m [0m (conditionning) [0m [3;32m 	 Worthy hint ! [0m [1;33m dim=256, δ=1.00700623, β=167.28 [0m
[1;37m integrate approx hint [0m [0m (conditionning) [0m [3;31m 	 Unworthy hint, Forced it. [0m
[1;37m integrate approx hint [0m [0m (conditionning) [0m [3;32m 	 Worthy hint ! [0m [1;33m dim=256, δ=1.00805708, β=131.03 [0m
[1;37m integrate approx hint [0m [0m (conditionning) [0m [3;32m 	 Worthy hint ! [0m [1;33m dim=256, δ=1.00699204, β=167.68 [0m
[1;37m integrate approx hint [0m [0m (conditionning) [0m [3;32m 	 Worthy hint ! [0m [1;33m dim=256, δ=1.00640381, β=194.24 [0m
[1;37m integrate approx hint [0m [0m (conditionning) [0m [3;32m 	 Worthy hint ! [0m [1;33m dim=256, δ=1.00644217, β=192.31 [0m
[1;37m integrate approx hint [0m [0m (conditionning) [0m [3;31m 	 Unworthy hint, Forced it. [0m
[1;37m integrate approx hint [0m [0m (conditionning) [0m [3;32m 	 Worthy hint ! [0m [1;33m dim=256, δ=1.00619187, β=205.16 [0m
[1;37m integrate approx hint [0m [0m (conditionning) [0m [3;32m 	 Worthy hint ! [0m [1;33m dim=256, δ=1.00804863, β=130.92 [0m
[1;37m integrate approx hint [0m [0m (conditionning) [0m [3;31m 	 Unworthy hint, Forced it. [0m
[1;37m integrate approx hint [0m [0m (conditionning) [0m [3;32m 	 Worthy hint ! [0m [1;33m dim=256, δ=1.00722638, β=158.56 [0m
[1;37m integrate approx hint [0m [0m (conditionning) [0m [3;32m 	 Worthy hint ! [0m [1;33m dim=256, δ=1.00650096, β=189.42 [0m
[1;37m integrate approx hint [0m [0m (conditionning) [0m [3;32m 	 Worthy hint ! [0m [1;33m dim=256, δ=1.00833119, β=122.87 [0m
[3;32m 	 Worthy hint ! [0m [1;33m dim=256, δ=1.00771612, β=141.45 [0m
[1;37m integrate approx hint [0m [0m (conditionning) [0m [1;37m integrate approx hint [0m [0m (conditionning) [0m [3;32m 	 Worthy hint ! [0m [1;33m dim=256, δ=1.00825822, β=125.17 [0m
[1;37m integrate approx hint [0m [0m (conditionning) [0m [3;32m 	 Worthy hint ! [0m [1;33m dim=256, δ=1.00793816, β=134.44 [0m
[1;37m integrate approx hint [0m [0m (conditionning) [0m [3;32m 	 Worthy hint ! [0m [1;33m dim=256, δ=1.00542376, β=252.60 [0m
[1;37m integrate approx hint [0m [0m (conditionning) [0m [3;32m 	 Worthy hint ! [0m [1;33m dim=256, δ=1.00710925, β=163.21 [0m
[1;37m integrate approx hint [0m [0m (conditionning) [0m [3;32m 	 Worthy hint ! [0m [1;33m dim=256, δ=1.00814897, β=127.96 [0m
[1;37m integrate approx hint [0m [0m (conditionning) [0m [3;31m 	 Unworthy hint, Forced it. [0m
[3;32m 	 Worthy hint ! [0m [1;33m dim=256, δ=1.00650325, β=189.35 [0m
[1;37m integrate approx hint [0m [0m (conditionning) [0m [1;37m integrate approx hint [0m [0m (conditionning) [0m [3;32m 	 Worthy hint ! [0m [1;33m dim=256, δ=1.00654178, β=187.47 [0m
[1;37m integrate approx hint [0m [0m (conditionning) [0m [3;32m 	 Worthy hint ! [0m [1;33m dim=256, δ=1.00628430, β=199.94 [0m
[1;37m integrate approx hint [0m [0m (conditionning) [0m [3;31m 	 Unworthy hint, Forced it. [0m
[1;37m integrate approx hint [0m [0m (conditionning) [0m [3;32m 	 Worthy hint ! [0m [1;33m dim=256, δ=1.00815423, β=127.86 [0m
[1;37m integrate approx hint [0m [0m (conditionning) [0m [3;32m 	 Worthy hint ! [0m [1;33m dim=256, δ=1.00659913, β=184.69 [0m
[1;37m integrate approx hint [0m [0m (conditionning) [0m [3;31m 	 Unworthy hint, Forced it. [0m
[1;37m integrate approx hint [0m [0m (conditionning) [0m [3;32m 	 Worthy hint ! [0m [1;33m dim=256, δ=1.00782440, β=138.11 [0m
[1;37m integrate approx hint [0m [0m (conditionning) [0m [3;32m 	 Worthy hint ! [0m [1;33m dim=256, δ=1.00844871, β=120.02 [0m
[1;37m integrate approx hint [0m [0m (conditionning) [0m [3;32m 	 Worthy hint ! [0m [1;33m dim=256, δ=1.00836213, β=122.26 [0m
[1;37m integrate approx hint [0m [0m (conditionning) [0m [3;31m 	 Unworthy hint, Forced it. [0m
[1;37m integrate approx hint [0m [0m (conditionning) [0m [3;32m 	 Worthy hint ! [0m [1;33m dim=256, δ=1.00804480, β=131.29 [0m
[1;37m integrate approx hint [0m [0m (conditionning) [0m [3;32m 	 Worthy hint ! [0m [1;33m dim=256, δ=1.00721125, β=159.26 [0m
[1;37m integrate approx hint [0m [0m (conditionning) [0m [3;31m 	 Unworthy hint, Forced it. [0m
[1;37m integrate approx hint [0m [0m (conditionning) [0m [3;32m 	 Worthy hint ! [0m [1;33m dim=256, δ=1.00825365, β=124.98 [0m
[1;37m integrate approx hint [0m [0m (conditionning) [0m [3;32m 	 Worthy hint ! [0m [1;33m dim=256, δ=1.00660148, β=184.61 [0m
[1;37m integrate approx hint [0m [0m (conditionning) [0m [3;32m 	 Worthy hint ! [0m [1;33m dim=256, δ=1.00664017, β=182.77 [0m
[1;37m integrate approx hint [0m [0m (conditionning) [0m [3;32m 	 Worthy hint ! [0m [1;33m dim=256, δ=1.00638463, β=194.88 [0m
[1;37m integrate approx hint [0m [0m (conditionning) [0m [3;31m 	 Unworthy hint, Forced it. [0m
[1;37m integrate approx hint [0m [0m (conditionning) [0m [3;32m 	 Worthy hint ! [0m [1;33m dim=256, δ=1.00825893, β=124.87 [0m
[1;37m integrate approx hint [0m [0m (conditionning) [0m [3;32m 	 Worthy hint ! [0m [1;33m dim=256, δ=1.00670618, β=180.10 [0m
[3;31m 	 Unworthy hint, Forced it. [0m
[1;37m integrate approx hint [0m [0m (conditionning) [0m [1;37m integrate approx hint [0m [0m (conditionning) [0m [3;31m 	 Unworthy hint, Forced it. [0m
[1;37m integrate approx hint [0m [0m (conditionning) [0m [3;32m 	 Worthy hint ! [0m [1;33m dim=256, δ=1.00791854, β=134.87 [0m
[1;37m integrate approx hint [0m [0m (conditionning) [0m [3;32m 	 Worthy hint ! [0m [1;33m dim=256, δ=1.00855070, β=117.24 [0m
[1;37m integrate approx hint [0m [0m (conditionning) [0m [3;32m 	 Worthy hint ! [0m [1;33m dim=256, δ=1.00846505, β=119.42 [0m
[1;37m integrate approx hint [0m [0m (conditionning) [0m [3;32m 	 Worthy hint ! [0m [1;33m dim=256, δ=1.00551876, β=245.79 [0m
[1;37m integrate approx hint [0m [0m (conditionning) [0m [3;32m 	 Worthy hint ! [0m [1;33m dim=256, δ=1.00815057, β=128.22 [0m
[1;37m integrate approx hint [0m [0m (conditionning) [0m [3;32m 	 Worthy hint ! [0m [1;33m dim=256, δ=1.00731219, β=155.43 [0m
[1;37m integrate approx hint [0m [0m (conditionning) [0m [3;32m 	 Worthy hint ! [0m [1;33m dim=256, δ=1.00837200, β=122.07 [0m
[1;37m integrate approx hint [0m [0m (conditionning) [0m [3;32m 	 Worthy hint ! [0m [1;33m dim=256, δ=1.00670860, β=180.02 [0m
[1;37m integrate approx hint [0m [0m (conditionning) [0m [3;32m 	 Worthy hint ! [0m [1;33m dim=256, δ=1.00674754, β=178.21 [0m
[1;37m integrate approx hint [0m [0m (conditionning) [0m [3;32m 	 Worthy hint ! [0m [1;33m dim=256, δ=1.00648383, β=189.98 [0m
[1;37m integrate approx hint [0m [0m (conditionning) [0m [3;31m 	 Unworthy hint, Forced it. [0m
[1;37m integrate approx hint [0m [0m (conditionning) [0m [3;32m 	 Worthy hint ! [0m [1;33m dim=256, δ=1.00836267, β=121.96 [0m
[1;37m integrate approx hint [0m [0m (conditionning) [0m [3;32m 	 Worthy hint ! [0m [1;33m dim=256, δ=1.00680201, β=175.64 [0m
[1;37m integrate approx hint [0m [0m (conditionning) [0m [3;32m 	 Worthy hint ! [0m [1;33m dim=256, δ=1.00732754, β=154.73 [0m
[3;31m 	 Unworthy hint, Forced it. [0m
[3;32m 	 Worthy hint ! [0m [1;33m dim=256, δ=1.00802491, β=131.71 [0m
[1;37m integrate approx hint [0m [0m (conditionning) [0m [1;37m integrate approx hint [0m [0m (conditionning) [0m [3;32m 	 Worthy hint ! [0m [1;33m dim=256, δ=1.00865161, β=114.53 [0m
[1;37m integrate approx hint [0m [0m (conditionning) [0m [3;32m 	 Worthy hint ! [0m [1;33m dim=256, δ=1.00856695, β=116.65 [0m
[1;37m integrate approx hint [0m [0m (conditionning) [0m [1;37m integrate approx hint [0m [0m (conditionning) [0m [3;31m 	 Unworthy hint, Forced it. [0m
[1;37m integrate approx hint [0m [0m (conditionning) [0m [3;31m 	 Unworthy hint, Forced it. [0m
[1;37m integrate approx hint [0m [0m (conditionning) [0m [3;32m 	 Worthy hint ! [0m [1;33m dim=256, δ=1.00825544, β=125.23 [0m
[1;37m integrate approx hint [0m [0m (conditionning) [0m [3;32m 	 Worthy hint ! [0m [1;33m dim=256, δ=1.00741198, β=151.70 [0m
[1;37m integrate approx hint [0m [0m (conditionning) [0m [3;32m 	 Worthy hint ! [0m [1;33m dim=256, δ=1.00540947, β=253.62 [0m
[1;37m integrate approx hint [0m [0m (conditionning) [0m [3;32m 	 Worthy hint ! [0m [1;33m dim=256, δ=1.00709504, β=163.60 [0m
[1;37m integrate approx hint [0m [0m (conditionning) [0m [3;32m 	 Worthy hint ! [0m [1;33m dim=256, δ=1.00847506, β=119.23 [0m
[1;37m integrate approx hint [0m [0m (conditionning) [0m [3;32m 	 Worthy hint ! [0m [1;33m dim=256, δ=1.00680448, β=175.57 [0m
[1;37m integrate approx hint [0m [0m (conditionning) [0m [3;32m 	 Worthy hint ! [0m [1;33m dim=256, δ=1.00684353, β=173.80 [0m
[1;37m integrate approx hint [0m [0m (conditionning) [0m [3;31m 	 Unworthy hint, Forced it. [0m
[3;32m 	 Worthy hint ! [0m [1;33m dim=256, δ=1.00659172, β=185.24 [0m
[1;37m integrate approx hint [0m [0m (conditionning) [0m [1;37m integrate approx hint [0m [0m (conditionning) [0m [3;31m 	 Unworthy hint, Forced it. [0m
[1;37m integrate approx hint [0m [0m (conditionning) [0m [3;32m 	 Worthy hint ! [0m [1;33m dim=256, δ=1.00848039, β=119.13 [0m
[1;37m integrate approx hint [0m [0m (conditionning) [0m [3;32m 	 Worthy hint ! [0m [1;33m dim=256, δ=1.00690710, β=171.33 [0m
[1;37m integrate approx hint [0m [0m (conditionning) [0m [3;32m 	 Worthy hint ! [0m [3;32m 	 Worthy hint ! [0m [1;33m dim=256, δ=1.00875140, β=111.89 [0m
[1;33m dim=256, δ=1.00813041, β=128.64 [0m
[1;37m integrate approx hint [0m [0m (conditionning) [0m [1;37m integrate approx hint [0m [0m (conditionning) [0m [3;32m 	 Worthy hint ! [0m [1;33m dim=256, δ=1.00866777, β=113.95 [0m
[1;37m integrate approx hint [0m [0m (conditionning) [0m [3;31m 	 Unworthy hint, Forced it. [0m
[3;32m 	 Worthy hint ! [0m [1;33m dim=256, δ=1.00562005, β=239.21 [0m
[1;37m integrate approx hint [0m [0m (conditionning) [0m [3;32m 	 Worthy hint ! [0m [1;33m dim=256, δ=1.00835939, β=122.31 [0m
[1;37m integrate approx hint [0m [0m (conditionning) [0m [1;37m integrate approx hint [0m [0m (conditionning) [0m [3;32m 	 Worthy hint ! [0m [1;33m dim=256, δ=1.00752281, β=148.08 [0m
[1;37m integrate approx hint [0m [0m (conditionning) [0m [3;32m 	 Worthy hint ! [0m [1;33m dim=256, δ=1.00857709, β=116.47 [0m
[1;37m integrate approx hint [0m [0m (conditionning) [0m [3;32m 	 Worthy hint ! [0m [1;33m dim=256, δ=1.00690963, β=171.25 [0m
[1;37m integrate approx hint [0m [0m (conditionning) [0m [3;32m 	 Worthy hint ! [0m [1;33m dim=256, δ=1.00694889, β=169.51 [0m
[1;37m integrate approx hint [0m [0m (conditionning) [0m [3;32m 	 Worthy hint ! [0m [1;33m dim=256, δ=1.00668870, β=180.63 [0m
[1;37m integrate approx hint [0m [0m (conditionning) [0m [3;31m 	 Unworthy hint, Forced it. [0m
[1;37m integrate approx hint [0m [0m (conditionning) [0m [3;32m 	 Worthy hint ! [0m [1;33m dim=256, δ=1.00858245, β=116.37 [0m
[1;37m integrate approx hint [0m [0m (conditionning) [0m [3;32m 	 Worthy hint ! [0m [1;33m dim=256, δ=1.00719702, β=159.64 [0m
[1;37m integrate approx hint [0m [0m (conditionning) [0m [3;32m 	 Worthy hint ! [0m [1;33m dim=256, δ=1.00701126, β=167.14 [0m
[1;37m integrate approx hint [0m [0m (conditionning) [0m [3;31m 	 Unworthy hint, Forced it. [0m
[1;37m integrate approx hint [0m [0m (conditionning) [0m [3;32m 	 Worthy hint ! [0m [1;33m dim=256, δ=1.00823501, β=125.64 [0m
[1;37m integrate approx hint [0m [0m (conditionning) [0m [3;32m 	 Worthy hint ! [0m [1;33m dim=256, δ=1.00878342, β=111.32 [0m
[1;37m integrate approx hint [0m [0m (conditionning) [0m [3;31m 	 Unworthy hint, Forced it. [0m
[1;37m integrate approx hint [0m [0m (conditionning) [0m [3;32m 	 Worthy hint ! [0m [1;33m dim=256, δ=1.00846234, β=119.47 [0m
[1;37m integrate approx hint [0m [0m (conditionning) [0m [3;32m 	 Worthy hint ! [0m [1;33m dim=256, δ=1.00762049, β=144.56 [0m
[1;37m integrate approx hint [0m [0m (conditionning) [0m [3;32m 	 Worthy hint ! [0m [1;33m dim=256, δ=1.00886626, β=109.31 [0m
[1;37m integrate approx hint [0m [0m (conditionning) [0m [3;32m 	 Worthy hint ! [0m [1;33m dim=256, δ=1.00550431, β=246.79 [0m
[1;37m integrate approx hint [0m [0m (conditionning) [0m [3;32m 	 Worthy hint ! [0m [1;33m dim=256, δ=1.00867804, β=113.77 [0m
[1;37m integrate approx hint [0m [0m (conditionning) [0m [3;32m 	 Worthy hint ! [0m [1;33m dim=256, δ=1.00701386, β=167.06 [0m
[1;37m integrate approx hint [0m [0m (conditionning) [0m [3;32m 	 Worthy hint ! [0m [1;33m dim=256, δ=1.00705328, β=165.36 [0m
[1;37m integrate approx hint [0m [0m (conditionning) [0m [3;32m 	 Worthy hint ! [0m [1;33m dim=256, δ=1.00679475, β=176.17 [0m
[1;37m integrate approx hint [0m [0m (conditionning) [0m [3;32m 	 Worthy hint ! [0m [1;33m dim=256, δ=1.00541729, β=252.90 [0m
[1;37m integrate approx hint [0m [0m (conditionning) [0m [3;31m 	 Unworthy hint, Forced it. [0m
[1;37m integrate approx hint [0m [0m (conditionning) [0m [3;32m 	 Worthy hint ! [0m [1;33m dim=256, δ=1.00868343, β=113.67 [0m
[1;37m integrate approx hint [0m [0m (conditionning) [0m [3;32m 	 Worthy hint ! [0m [1;33m dim=256, δ=1.00743958, β=151.01 [0m
[1;37m integrate approx hint [0m [0m (conditionning) [0m [3;32m 	 Worthy hint ! [0m [1;33m dim=256, δ=1.00711446, β=163.07 [0m
[1;37m integrate approx hint [0m [0m (conditionning) [0m [3;32m 	 Worthy hint ! [0m [1;33m dim=256, δ=1.00833866, β=122.72 [0m
[1;37m integrate approx hint [0m [0m (conditionning) [0m [3;32m 	 Worthy hint ! [0m [1;33m dim=256, δ=1.00571229, β=232.86 [0m
[1;37m integrate approx hint [0m [0m (conditionning) [0m [3;32m 	 Worthy hint ! [0m [1;33m dim=256, δ=1.00856427, β=116.70 [0m
[1;37m integrate approx hint [0m [0m (conditionning) [0m [3;32m 	 Worthy hint ! [0m [1;33m dim=256, δ=1.00772967, β=141.14 [0m
[1;37m integrate approx hint [0m [0m (conditionning) [0m [3;32m 	 Worthy hint ! [0m [1;33m dim=256, δ=1.00896407, β=106.79 [0m
[1;37m integrate approx hint [0m [0m (conditionning) [0m [3;32m 	 Worthy hint ! [0m [1;33m dim=256, δ=1.00888233, β=108.75 [0m
[1;37m integrate approx hint [0m [0m (conditionning) [0m [3;31m 	 Unworthy hint, Forced it. [0m
[1;37m integrate approx hint [0m [0m (conditionning) [0m [3;32m 	 Worthy hint ! [0m [1;33m dim=256, δ=1.00879382, β=111.14 [0m
[1;37m integrate approx hint [0m [0m (conditionning) [0m [3;32m 	 Worthy hint ! [0m [1;33m dim=256, δ=1.00729794, β=155.79 [0m
[1;37m integrate approx hint [0m [0m (conditionning) [0m [3;32m 	 Worthy hint ! [0m [1;33m dim=256, δ=1.00710596, β=163.00 [0m
[1;37m integrate approx hint [0m [0m (conditionning) [0m [3;32m 	 Worthy hint ! [0m [1;33m dim=256, δ=1.00715669, β=161.32 [0m
[1;37m integrate approx hint [0m [0m (conditionning) [0m [3;32m 	 Worthy hint ! [0m [1;33m dim=256, δ=1.00688930, β=171.84 [0m
[1;37m integrate approx hint [0m [0m (conditionning) [0m [3;31m 	 Unworthy hint, Forced it. [0m
[1;37m integrate approx hint [0m [0m (conditionning) [0m [3;32m 	 Worthy hint ! [0m [1;33m dim=256, δ=1.00879925, β=111.04 [0m
[1;37m integrate approx hint [0m [0m (conditionning) [0m [3;32m 	 Worthy hint ! [0m [1;33m dim=256, δ=1.00721662, β=159.12 [0m
[1;37m integrate approx hint [0m [0m (conditionning) [0m [3;31m 	 Unworthy hint, Forced it. [0m
[1;37m integrate approx hint [0m [0m (conditionning) [0m [3;32m 	 Worthy hint ! [0m [1;33m dim=256, δ=1.00844132, β=119.87 [0m
[1;37m integrate approx hint [0m [0m (conditionning) [0m [3;31m 	 Unworthy hint, Forced it. [0m
[1;37m integrate approx hint [0m [0m (conditionning) [0m [3;32m 	 Worthy hint ! [0m [1;33m dim=256, δ=1.00868068, β=114.00 [0m
[1;37m integrate approx hint [0m [0m (conditionning) [0m [3;32m 	 Worthy hint ! [0m [1;33m dim=256, δ=1.00782504, β=137.81 [0m
[1;37m integrate approx hint [0m [0m (conditionning) [0m [3;32m 	 Worthy hint ! [0m [1;33m dim=256, δ=1.00907756, β=104.33 [0m
[1;37m integrate approx hint [0m [0m (conditionning) [0m [3;32m 	 Worthy hint ! [0m [1;33m dim=256, δ=1.00899666, β=106.24 [0m
[1;37m integrate approx hint [0m [0m (conditionning) [0m [3;32m 	 Worthy hint ! [0m [1;33m dim=256, δ=1.00560545, β=240.20 [0m
[1;37m integrate approx hint [0m [0m (conditionning) [0m [3;32m 	 Worthy hint ! [0m [1;33m dim=256, δ=1.00889282, β=108.57 [0m
[1;37m integrate approx hint [0m [0m (conditionning) [0m [3;32m 	 Worthy hint ! [0m [1;33m dim=256, δ=1.00721936, β=159.05 [0m
[1;37m integrate approx hint [0m [0m (conditionning) [0m [3;32m 	 Worthy hint ! [0m [1;33m dim=256, δ=1.00725906, β=157.40 [0m
[1;37m integrate approx hint [0m [0m (conditionning) [0m [3;32m 	 Worthy hint ! [0m [1;33m dim=256, δ=1.00699331, β=167.64 [0m
[1;37m integrate approx hint [0m [0m (conditionning) [0m [3;32m 	 Worthy hint ! [0m [1;33m dim=256, δ=1.00551985, β=246.08 [0m
[1;37m integrate approx hint [0m [0m (conditionning) [0m [3;31m 	 Unworthy hint, Forced it. [0m
[1;37m integrate approx hint [0m [0m (conditionning) [0m [3;32m 	 Worthy hint ! [0m [1;33m dim=256, δ=1.00731771, β=155.29 [0m
[1;37m integrate approx hint [0m [0m (conditionning) [0m [3;32m 	 Worthy hint ! [0m [1;33m dim=256, δ=1.00855816, β=117.10 [0m
[1;37m integrate approx hint [0m [0m (conditionning) [0m [3;32m 	 Worthy hint ! [0m [1;33m dim=256, δ=1.00889828, β=108.48 [0m
[1;37m integrate approx hint [0m [0m (conditionning) [0m [3;32m 	 Worthy hint ! [0m [1;33m dim=256, δ=1.00581112, β=226.73 [0m
[1;37m integrate approx hint [0m [0m (conditionning) [0m [3;32m 	 Worthy hint ! [0m [1;33m dim=256, δ=1.00878075, β=111.37 [0m
[1;37m integrate approx hint [0m [0m (conditionning) [0m [3;32m 	 Worthy hint ! [0m [1;33m dim=256, δ=1.00793241, β=134.57 [0m
[1;37m integrate approx hint [0m [0m (conditionning) [0m [3;32m 	 Worthy hint ! [0m [1;33m dim=256, δ=1.00917320, β=101.93 [0m
[1;37m integrate approx hint [0m [0m (conditionning) [0m [3;32m 	 Worthy hint ! [0m [1;33m dim=256, δ=1.00909345, β=103.79 [0m
[1;37m integrate approx hint [0m [0m (conditionning) [0m [3;31m 	 Unworthy hint, Forced it. [0m
[1;37m integrate approx hint [0m [0m (conditionning) [0m [3;32m 	 Worthy hint ! [0m [1;33m dim=256, δ=1.00900725, β=106.06 [0m
[1;37m integrate approx hint [0m [0m (conditionning) [0m [3;32m 	 Worthy hint ! [0m [1;33m dim=256, δ=1.00732055, β=155.21 [0m
[1;37m integrate approx hint [0m [0m (conditionning) [0m [3;32m 	 Worthy hint ! [0m [1;33m dim=256, δ=1.00736034, β=153.60 [0m
[1;37m integrate approx hint [0m [0m (conditionning) [0m [3;32m 	 Worthy hint ! [0m [1;33m dim=256, δ=1.00709635, β=163.56 [0m
[1;37m integrate approx hint [0m [0m (conditionning) [0m [3;32m 	 Worthy hint ! [0m [1;33m dim=256, δ=1.00740965, β=152.06 [0m
[1;37m integrate approx hint [0m [0m (conditionning) [0m [3;31m 	 Unworthy hint, Forced it. [0m
[1;37m integrate approx hint [0m [0m (conditionning) [0m [3;32m 	 Worthy hint ! [0m [1;33m dim=256, δ=1.00741768, β=151.56 [0m
[1;37m integrate approx hint [0m [0m (conditionning) [0m [3;31m 	 Unworthy hint, Forced it. [0m
[1;37m integrate approx hint [0m [0m (conditionning) [0m [3;32m 	 Worthy hint ! [0m [1;33m dim=256, δ=1.00865908, β=114.40 [0m
[1;37m integrate approx hint [0m [0m (conditionning) [0m [3;31m 	 Unworthy hint, Forced it. [0m
[1;37m integrate approx hint [0m [0m (conditionning) [0m [3;32m 	 Worthy hint ! [0m [1;33m dim=256, δ=1.00899608, β=105.97 [0m
[1;37m integrate approx hint [0m [0m (conditionning) [0m [3;32m 	 Worthy hint ! [0m [1;33m dim=256, δ=1.00803896, β=131.41 [0m
[1;37m integrate approx hint [0m [0m (conditionning) [0m [3;32m 	 Worthy hint ! [0m [1;33m dim=256, δ=1.00569758, β=233.83 [0m
[1;37m integrate approx hint [0m [0m (conditionning) [0m [3;32m 	 Worthy hint ! [0m [1;33m dim=256, δ=1.00928518, β=99.58 [0m
[1;37m integrate approx hint [0m [0m (conditionning) [0m [3;32m 	 Worthy hint ! [0m [1;33m dim=256, δ=1.00920631, β=101.40 [0m
[1;37m integrate approx hint [0m [0m (conditionning) [0m [3;32m 	 Worthy hint ! [0m [1;33m dim=256, δ=1.00753872, β=147.40 [0m
[1;37m integrate approx hint [0m [0m (conditionning) [0m [3;32m 	 Worthy hint ! [0m [1;33m dim=256, δ=1.00887965, β=108.80 [0m
[1;37m integrate approx hint [0m [0m (conditionning) [0m [3;32m 	 Worthy hint ! [0m [1;33m dim=256, δ=1.00910416, β=103.61 [0m
[1;37m integrate approx hint [0m [0m (conditionning) [0m [3;32m 	 Worthy hint ! [0m [1;33m dim=256, δ=1.00742060, β=151.49 [0m
[1;37m integrate approx hint [0m [0m (conditionning) [0m [3;32m 	 Worthy hint ! [0m [1;33m dim=256, δ=1.00746047, β=149.90 [0m
[1;37m integrate approx hint [0m [0m (conditionning) [0m [3;31m 	 Unworthy hint, Forced it. [0m
[1;37m integrate approx hint [0m [0m (conditionning) [0m [3;32m 	 Worthy hint ! [0m [1;33m dim=256, δ=1.00719838, β=159.60 [0m
[1;37m integrate approx hint [0m [0m (conditionning) [0m [3;32m 	 Worthy hint ! [0m [1;33m dim=256, δ=1.00561364, β=239.50 [0m
[1;37m integrate approx hint [0m [0m (conditionning) [0m [3;32m 	 Worthy hint ! [0m [1;33m dim=256, δ=1.00751648, β=147.94 [0m
[1;37m integrate approx hint [0m [0m (conditionning) [0m [3;32m 	 Worthy hint ! [0m [1;33m dim=256, δ=1.00875885, β=111.76 [0m
[1;37m integrate approx hint [0m [0m (conditionning) [0m [3;32m 	 Worthy hint ! [0m [1;33m dim=256, δ=1.00910968, β=103.52 [0m
[1;37m integrate approx hint [0m [0m (conditionning) [0m [3;31m 	 Unworthy hint, Forced it. [0m
[3;32m 	 Worthy hint ! [0m [1;33m dim=256, δ=1.00590871, β=220.79 [0m
[1;37m integrate approx hint [0m [0m (conditionning) [0m [1;37m integrate approx hint [0m [0m (conditionning) [0m [3;32m 	 Worthy hint ! [0m [1;33m dim=256, δ=1.00814466, β=128.34 [0m
[1;37m integrate approx hint [0m [0m (conditionning) [0m [3;32m 	 Worthy hint ! [0m [1;33m dim=256, δ=1.00939652, β=97.29 [0m
[1;37m integrate approx hint [0m [0m (conditionning) [0m [3;32m 	 Worthy hint ! [0m [1;33m dim=256, δ=1.00931854, β=99.06 [0m
[1;37m integrate approx hint [0m [0m (conditionning) [0m [3;32m 	 Worthy hint ! [0m [1;33m dim=256, δ=1.00899391, β=106.29 [0m
[1;37m integrate approx hint [0m [0m (conditionning) [0m [3;32m 	 Worthy hint ! [0m [1;33m dim=256, δ=1.00921714, β=101.22 [0m
[1;37m integrate approx hint [0m [0m (conditionning) [0m [3;32m 	 Worthy hint ! [0m [1;33m dim=256, δ=1.00751949, β=147.87 [0m
[1;37m integrate approx hint [0m [0m (conditionning) [0m [3;32m 	 Worthy hint ! [0m [1;33m dim=256, δ=1.00763663, β=143.89 [0m
[1;37m integrate approx hint [0m [0m (conditionning) [0m [3;32m 	 Worthy hint ! [0m [1;33m dim=256, δ=1.00757176, β=146.31 [0m
[1;37m integrate approx hint [0m [0m (conditionning) [0m [3;32m 	 Worthy hint ! [0m [1;33m dim=256, δ=1.00729934, β=155.76 [0m
[1;37m integrate approx hint [0m [0m (conditionning) [0m [3;31m 	 Unworthy hint, Forced it. [0m
[1;37m integrate approx hint [0m [0m (conditionning) [0m [3;32m 	 Worthy hint ! [0m [1;33m dim=256, δ=1.00762658, β=144.42 [0m
[1;37m integrate approx hint [0m [0m (conditionning) [0m [3;31m 	 Unworthy hint, Forced it. [0m
[1;37m integrate approx hint [0m [0m (conditionning) [0m [3;31m 	 Unworthy hint, Forced it. [0m
[1;37m integrate approx hint [0m [0m (conditionning) [0m [3;32m 	 Worthy hint ! [0m [1;33m dim=256, δ=1.00922268, β=101.13 [0m
[1;37m integrate approx hint [0m [0m (conditionning) [0m [3;32m 	 Worthy hint ! [0m [1;33m dim=256, δ=1.00542807, β=252.40 [0m
[1;37m integrate approx hint [0m [0m (conditionning) [0m [3;32m 	 Worthy hint ! [0m [1;33m dim=256, δ=1.00824944, β=125.35 [0m
[1;37m integrate approx hint [0m [0m (conditionning) [0m [3;32m 	 Worthy hint ! [0m [1;33m dim=256, δ=1.00579627, β=227.67 [0m
[1;37m integrate approx hint [0m [0m (conditionning) [0m [3;32m 	 Worthy hint ! [0m [1;33m dim=256, δ=1.00950720, β=95.04 [0m
[1;37m integrate approx hint [0m [0m (conditionning) [0m [3;32m 	 Worthy hint ! [0m [1;33m dim=256, δ=1.00941204, β=96.77 [0m
[1;37m integrate approx hint [0m [0m (conditionning) [0m [3;32m 	 Worthy hint ! [0m [1;33m dim=256, δ=1.00887370, β=109.18 [0m
[1;37m integrate approx hint [0m [0m (conditionning) [0m [3;32m 	 Worthy hint ! [0m [1;33m dim=256, δ=1.00909065, β=103.84 [0m
[1;37m integrate approx hint [0m [0m (conditionning) [0m [3;32m 	 Worthy hint ! [0m [1;33m dim=256, δ=1.00931174, β=98.88 [0m
[1;37m integrate approx hint [0m [0m (conditionning) [0m [3;32m 	 Worthy hint ! [0m [1;33m dim=256, δ=1.00762968, β=144.35 [0m
[1;37m integrate approx hint [0m [0m (conditionning) [0m [3;32m 	 Worthy hint ! [0m [1;33m dim=256, δ=1.00766970, β=142.82 [0m
[1;37m integrate approx hint [0m [0m (conditionning) [0m [3;32m 	 Worthy hint ! [0m [1;33m dim=256, δ=1.00741110, β=152.02 [0m
[1;37m integrate approx hint [0m [0m (conditionning) [0m [3;32m 	 Worthy hint ! [0m [1;33m dim=256, δ=1.00571386, β=233.13 [0m
[1;37m integrate approx hint [0m [0m (conditionning) [0m [3;32m 	 Worthy hint ! [0m [1;33m dim=256, δ=1.00774610, β=140.47 [0m
[1;37m integrate approx hint [0m [0m (conditionning) [0m [3;32m 	 Worthy hint ! [0m [1;33m dim=256, δ=1.00772317, β=140.99 [0m
[1;37m integrate approx hint [0m [0m (conditionning) [0m [3;31m 	 Unworthy hint, Forced it. [0m
[3;32m 	 Worthy hint ! [0m [1;33m dim=256, δ=1.00601360, β=215.05 [0m
[3;32m 	 Worthy hint ! [0m [1;33m dim=256, δ=1.00931734, β=98.80 [0m
[1;37m integrate approx hint [0m [0m (conditionning) [0m [1;37m integrate approx hint [0m [0m (conditionning) [0m [1;37m integrate approx hint [0m [0m (conditionning) [0m [3;32m 	 Worthy hint ! [0m [1;33m dim=256, δ=1.00835327, β=122.43 [0m
[1;37m integrate approx hint [0m [0m (conditionning) [0m [3;32m 	 Worthy hint ! [0m [1;33m dim=256, δ=1.00959840, β=92.85 [0m
[3;32m 	 Worthy hint ! [0m [1;33m dim=256, δ=1.00952260, β=94.53 [0m
[1;37m integrate approx hint [0m [0m (conditionning) [0m [1;37m integrate approx hint [0m [0m (conditionning) [0m [3;32m 	 Worthy hint ! [0m [1;33m dim=256, δ=1.00897148, β=106.67 [0m
[1;37m integrate approx hint [0m [0m (conditionning) [0m [3;32m 	 Worthy hint ! [0m [1;33m dim=256, δ=1.00920345, β=101.44 [0m
[1;37m integrate approx hint [0m [0m (conditionning) [0m [3;32m 	 Worthy hint ! [0m [1;33m dim=256, δ=1.00750857, β=148.43 [0m
[1;37m integrate approx hint [0m [0m (conditionning) [0m [3;32m 	 Worthy hint ! [0m [1;33m dim=256, δ=1.00942310, β=96.60 [0m
[1;37m integrate approx hint [0m [0m (conditionning) [0m [3;32m 	 Worthy hint ! [0m [1;33m dim=256, δ=1.00772636, β=140.92 [0m
[1;37m integrate approx hint [0m [0m (conditionning) [0m [3;32m 	 Worthy hint ! [0m [1;33m dim=256, δ=1.00777923, β=139.42 [0m
[1;37m integrate approx hint [0m [0m (conditionning) [0m [3;32m 	 Worthy hint ! [0m [1;33m dim=256, δ=1.00751007, β=148.39 [0m
[1;37m integrate approx hint [0m [0m (conditionning) [0m [3;31m 	 Unworthy hint, Forced it. [0m
[1;37m integrate approx hint [0m [0m (conditionning) [0m [3;32m 	 Worthy hint ! [0m [1;33m dim=256, δ=1.00783155, β=137.66 [0m
[1;37m integrate approx hint [0m [0m (conditionning) [0m [3;32m 	 Worthy hint ! [0m [1;33m dim=256, δ=1.00540644, β=253.76 [0m
[1;37m integrate approx hint [0m [0m (conditionning) [0m [3;31m 	 Unworthy hint, Forced it. [0m
[1;37m integrate approx hint [0m [0m (conditionning) [0m [3;32m 	 Worthy hint ! [0m [1;33m dim=256, δ=1.00942876, β=96.51 [0m
[1;37m integrate approx hint [0m [0m (conditionning) [0m [3;32m 	 Worthy hint ! [0m [1;33m dim=256, δ=1.00589375, β=221.72 [0m
[1;37m integrate approx hint [0m [0m (conditionning) [0m [3;32m 	 Worthy hint ! [0m [1;33m dim=256, δ=1.00845612, β=119.59 [0m
[1;37m integrate approx hint [0m [0m (conditionning) [0m [3;32m 	 Worthy hint ! [0m [1;33m dim=256, δ=1.00963242, β=92.34 [0m
[1;37m integrate approx hint [0m [0m (conditionning) [0m [3;32m 	 Worthy hint ! [0m [1;33m dim=256, δ=1.00970729, β=90.70 [0m
[1;37m integrate approx hint [0m [0m (conditionning) [0m [3;32m 	 Worthy hint ! [0m [1;33m dim=256, δ=1.00908492, β=104.21 [0m
[1;37m integrate approx hint [0m [0m (conditionning) [0m [3;32m 	 Worthy hint ! [0m [1;33m dim=256, δ=1.00552322, β=245.59 [0m
[1;37m integrate approx hint [0m [0m (conditionning) [0m [3;32m 	 Worthy hint ! [0m [1;33m dim=256, δ=1.00931565, β=99.10 [0m
[1;37m integrate approx hint [0m [0m (conditionning) [0m [3;32m 	 Worthy hint ! [0m [1;33m dim=256, δ=1.00953379, β=94.36 [0m
[1;37m integrate approx hint [0m [0m (conditionning) [0m [3;32m 	 Worthy hint ! [0m [1;33m dim=256, δ=1.00783482, β=137.59 [0m
[1;37m integrate approx hint [0m [0m (conditionning) [0m [3;32m 	 Worthy hint ! [0m [1;33m dim=256, δ=1.00788800, β=136.12 [0m
[1;37m integrate approx hint [0m [0m (conditionning) [0m [3;32m 	 Worthy hint ! [0m [1;33m dim=256, δ=1.00760781, β=144.86 [0m
[1;37m integrate approx hint [0m [0m (conditionning) [0m [3;32m 	 Worthy hint ! [0m [1;33m dim=256, δ=1.00580479, β=226.99 [0m
[1;37m integrate approx hint [0m [0m (conditionning) [0m [3;31m 	 Unworthy hint, Forced it. [0m
[1;37m integrate approx hint [0m [0m (conditionning) [0m [3;32m 	 Worthy hint ! [0m [1;33m dim=256, δ=1.00793913, β=134.42 [0m
[1;37m integrate approx hint [0m [0m (conditionning) [0m [3;32m 	 Worthy hint ! [0m [1;33m dim=256, δ=1.00953948, β=94.28 [0m
[1;37m integrate approx hint [0m [0m (conditionning) [0m [3;32m 	 Worthy hint ! [0m [1;33m dim=256, δ=1.00610875, β=209.50 [0m
[1;37m integrate approx hint [0m [0m (conditionning) [0m [3;32m 	 Worthy hint ! [0m [1;33m dim=256, δ=1.00855793, β=116.82 [0m
[1;37m integrate approx hint [0m [0m (conditionning) [0m [3;32m 	 Worthy hint ! [0m [1;33m dim=256, δ=1.00974149, β=90.20 [0m
[1;37m integrate approx hint [0m [0m (conditionning) [0m [3;32m 	 Worthy hint ! [0m [1;33m dim=256, δ=1.00981541, β=88.59 [0m
[1;37m integrate approx hint [0m [0m (conditionning) [0m [3;32m 	 Worthy hint ! [0m [1;33m dim=256, δ=1.00918051, β=101.81 [0m
[1;37m integrate approx hint [0m [0m (conditionning) [0m [3;32m 	 Worthy hint ! [0m [1;33m dim=256, δ=1.00940913, β=96.81 [0m
[1;37m integrate approx hint [0m [0m (conditionning) [0m [3;32m 	 Worthy hint ! [0m [1;33m dim=256, δ=1.00760627, β=144.90 [0m
[1;37m integrate approx hint [0m [0m (conditionning) [0m [3;32m 	 Worthy hint ! [0m [1;33m dim=256, δ=1.00964378, β=92.18 [0m
[1;37m integrate approx hint [0m [0m (conditionning) [0m [3;32m 	 Worthy hint ! [0m [1;33m dim=256, δ=1.00794250, β=134.35 [0m
[1;37m integrate approx hint [0m [0m (conditionning) [0m [3;32m 	 Worthy hint ! [0m [1;33m dim=256, δ=1.00798247, β=132.91 [0m
[1;37m integrate approx hint [0m [0m (conditionning) [0m [3;32m 	 Worthy hint ! [0m [1;33m dim=256, δ=1.00771705, β=141.43 [0m
[1;37m integrate approx hint [0m [0m (conditionning) [0m [3;31m 	 Unworthy hint, Forced it. [0m
[1;37m integrate approx hint [0m [0m (conditionning) [0m [3;32m 	 Worthy hint ! [0m [1;33m dim=256, δ=1.00785481, β=137.15 [0m
[1;37m integrate approx hint [0m [0m (conditionning) [0m [3;32m 	 Worthy hint ! [0m [1;33m dim=256, δ=1.00804589, β=131.27 [0m
[1;37m integrate approx hint [0m [0m (conditionning) [0m [3;32m 	 Worthy hint ! [0m [1;33m dim=256, δ=1.00550132, β=246.93 [0m
[1;37m integrate approx hint [0m [0m (conditionning) [0m [3;31m 	 Unworthy hint, Forced it. [0m
[1;37m integrate approx hint [0m [0m (conditionning) [0m [3;32m 	 Worthy hint ! [0m [1;33m dim=256, δ=1.00964950, β=92.09 [0m
[1;37m integrate approx hint [0m [0m (conditionning) [0m [3;32m 	 Worthy hint ! [0m [1;33m dim=256, δ=1.00598994, β=215.96 [0m
[1;37m integrate approx hint [0m [0m (conditionning) [0m [3;32m 	 Worthy hint ! [0m [1;33m dim=256, δ=1.00867422, β=114.12 [0m
[1;37m integrate approx hint [0m [0m (conditionning) [0m [3;32m 	 Worthy hint ! [0m [1;33m dim=256, δ=1.00992275, β=86.53 [0m
[3;32m 	 Worthy hint ! [0m [1;33m dim=256, δ=1.00984979, β=88.10 [0m
[1;37m integrate approx hint [0m [0m (conditionning) [0m [1;37m integrate approx hint [0m [0m (conditionning) [0m [3;32m 	 Worthy hint ! [0m [1;33m dim=256, δ=1.00929244, β=99.47 [0m
[1;37m integrate approx hint [0m [0m (conditionning) [0m [3;32m 	 Worthy hint ! [0m [1;33m dim=256, δ=1.00951968, β=94.58 [0m
[1;37m integrate approx hint [0m [0m (conditionning) [0m [3;32m 	 Worthy hint ! [0m [1;33m dim=256, δ=1.00975302, β=90.04 [0m
[1;37m integrate approx hint [0m [0m (conditionning) [0m [3;32m 	 Worthy hint ! [0m [1;33m dim=256, δ=1.00804935, β=131.19 [0m
[1;37m integrate approx hint [0m [0m (conditionning) [0m [3;32m 	 Worthy hint ! [0m [1;33m dim=256, δ=1.00808928, β=129.78 [0m
[1;37m integrate approx hint [0m [0m (conditionning) [0m [3;31m 	 Unworthy hint, Forced it. [0m
[1;37m integrate approx hint [0m [0m (conditionning) [0m [3;32m 	 Worthy hint ! [0m [1;33m dim=256, δ=1.00782554, β=138.09 [0m
[1;37m integrate approx hint [0m [0m (conditionning) [0m [3;32m 	 Worthy hint ! [0m [1;33m dim=256, δ=1.00591079, β=221.04 [0m
[1;37m integrate approx hint [0m [0m (conditionning) [0m [3;32m 	 Worthy hint ! [0m [1;33m dim=256, δ=1.00562468, β=239.01 [0m
[1;37m integrate approx hint [0m [0m (conditionning) [0m [3;32m 	 Worthy hint ! [0m [1;33m dim=256, δ=1.00815178, β=128.19 [0m
[1;37m integrate approx hint [0m [0m (conditionning) [0m [3;31m 	 Unworthy hint, Forced it. [0m
[3;32m 	 Worthy hint ! [0m [1;33m dim=256, δ=1.00621150, β=204.13 [0m
[3;32m 	 Worthy hint ! [0m [1;33m dim=256, δ=1.00973943, β=89.95 [0m
[1;37m integrate approx hint [0m [0m (conditionning) [0m [1;37m integrate approx hint [0m [0m (conditionning) [0m [1;37m integrate approx hint [0m [0m (conditionning) [0m [3;32m 	 Worthy hint ! [0m [1;33m dim=256, δ=1.00877418, β=111.49 [0m
[1;37m integrate approx hint [0m [0m (conditionning) [0m [3;32m 	 Worthy hint ! [0m [1;33m dim=256, δ=1.01002925, β=84.51 [0m
[3;32m 	 Worthy hint ! [0m [1;33m dim=256, δ=1.00995728, β=86.05 [0m
[1;37m integrate approx hint [0m [0m (conditionning) [0m [3;32m 	 Worthy hint ! [0m [1;33m dim=256, δ=1.00940374, β=97.18 [0m
[1;37m integrate approx hint [0m [0m (conditionning) [0m [1;37m integrate approx hint [0m [0m (conditionning) [0m [3;32m 	 Worthy hint ! [0m [1;33m dim=256, δ=1.00962952, β=92.39 [0m
[1;37m integrate approx hint [0m [0m (conditionning) [0m [3;32m 	 Worthy hint ! [0m [1;33m dim=256, δ=1.00984174, β=87.94 [0m
[1;37m integrate approx hint [0m [0m (conditionning) [0m [3;32m 	 Worthy hint ! [0m [1;33m dim=256, δ=1.00815534, β=128.12 [0m
[1;37m integrate approx hint [0m [0m (conditionning) [0m [3;32m 	 Worthy hint ! [0m [1;33m dim=256, δ=1.00819522, β=126.73 [0m
[1;37m integrate approx hint [0m [0m (conditionning) [0m [3;32m 	 Worthy hint ! [0m [1;33m dim=256, δ=1.00791992, β=134.84 [0m
[1;37m integrate approx hint [0m [0m (conditionning) [0m [3;31m 	 Unworthy hint, Forced it. [0m
[1;37m integrate approx hint [0m [0m (conditionning) [0m [3;32m 	 Worthy hint ! [0m [1;33m dim=256, δ=1.00794932, β=133.91 [0m
[1;37m integrate approx hint [0m [0m (conditionning) [0m [3;32m 	 Worthy hint ! [0m [1;33m dim=256, δ=1.00825677, β=125.20 [0m
[1;37m integrate approx hint [0m [0m (conditionning) [0m [3;32m 	 Worthy hint ! [0m [1;33m dim=256, δ=1.00560251, β=240.33 [0m
[1;37m integrate approx hint [0m [0m (conditionning) [0m [3;32m 	 Worthy hint ! [0m [1;33m dim=256, δ=1.00541936, β=253.15 [0m
[1;37m integrate approx hint [0m [0m (conditionning) [0m [3;32m 	 Worthy hint ! [0m [1;33m dim=256, δ=1.00984756, β=87.86 [0m
[1;37m integrate approx hint [0m [0m (conditionning) [0m [3;32m 	 Worthy hint ! [0m [1;33m dim=256, δ=1.00609356, β=210.40 [0m
[1;37m integrate approx hint [0m [0m (conditionning) [0m [3;32m 	 Worthy hint ! [0m [1;33m dim=256, δ=1.01006393, β=84.04 [0m
[3;32m 	 Worthy hint ! [0m [1;33m dim=256, δ=1.01013482, β=82.53 [0m
[3;32m 	 Worthy hint ! [0m [1;33m dim=256, δ=1.00949595, β=94.93 [0m
[1;37m integrate approx hint [0m [0m (conditionning) [0m [1;37m integrate approx hint [0m [0m (conditionning) [0m [1;37m integrate approx hint [0m [0m (conditionning) [0m [3;32m 	 Worthy hint ! [0m [1;33m dim=256, δ=1.00771548, β=141.46 [0m
[1;37m integrate approx hint [0m [0m (conditionning) [0m [3;32m 	 Worthy hint ! [0m [1;33m dim=256, δ=1.00973864, β=90.24 [0m
[1;37m integrate approx hint [0m [0m (conditionning) [0m [3;32m 	 Worthy hint ! [0m [1;33m dim=256, δ=1.00887297, β=108.91 [0m
[1;37m integrate approx hint [0m [0m (conditionning) [0m [3;32m 	 Worthy hint ! [0m [1;33m dim=256, δ=1.00994901, β=85.89 [0m
[1;37m integrate approx hint [0m [0m (conditionning) [0m [3;32m 	 Worthy hint ! [0m [1;33m dim=256, δ=1.00826043, β=125.13 [0m
[1;37m integrate approx hint [0m [0m (conditionning) [0m [3;32m 	 Worthy hint ! [0m [1;33m dim=256, δ=1.00802653, β=131.68 [0m
[1;37m integrate approx hint [0m [0m (conditionning) [0m [3;32m 	 Worthy hint ! [0m [1;33m dim=256, δ=1.00600736, β=215.29 [0m
[1;37m integrate approx hint [0m [0m (conditionning) [0m [3;32m 	 Worthy hint ! [0m [1;33m dim=256, δ=1.00571709, β=232.66 [0m
[1;37m integrate approx hint [0m [0m (conditionning) [0m [3;31m 	 Unworthy hint, Forced it. [0m
[1;37m integrate approx hint [0m [0m (conditionning) [0m [3;32m 	 Worthy hint ! [0m [1;33m dim=256, δ=1.00836082, β=122.29 [0m
[1;37m integrate approx hint [0m [0m (conditionning) [0m [3;32m 	 Worthy hint ! [0m [1;33m dim=256, δ=1.00630398, β=198.93 [0m
[1;37m integrate approx hint [0m [0m (conditionning) [0m [3;32m 	 Worthy hint ! [0m [1;33m dim=256, δ=1.00995488, β=85.81 [0m
[1;37m integrate approx hint [0m [0m (conditionning) [0m [3;32m 	 Worthy hint ! [0m [1;33m dim=256, δ=1.01023949, β=80.58 [0m
[1;37m integrate approx hint [0m [0m (conditionning) [0m [3;32m 	 Worthy hint ! [0m [1;33m dim=256, δ=1.01016972, β=82.06 [0m
[3;32m 	 Worthy hint ! [0m [1;33m dim=256, δ=1.00960554, β=92.74 [0m
[1;37m integrate approx hint [0m [0m (conditionning) [0m [1;37m integrate approx hint [0m [0m (conditionning) [0m [3;32m 	 Worthy hint ! [0m [1;33m dim=256, δ=1.00830022, β=123.76 [0m
[1;37m integrate approx hint [0m [0m (conditionning) [0m [3;32m 	 Worthy hint ! [0m [1;33m dim=256, δ=1.00782393, β=138.12 [0m
[1;37m integrate approx hint [0m [0m (conditionning) [0m [3;32m 	 Worthy hint ! [0m [1;33m dim=256, δ=1.00898719, β=106.40 [0m
[1;37m integrate approx hint [0m [0m (conditionning) [0m [3;32m 	 Worthy hint ! [0m [1;33m dim=256, δ=1.00984700, β=88.14 [0m
[1;37m integrate approx hint [0m [0m (conditionning) [0m [3;32m 	 Worthy hint ! [0m [1;33m dim=256, δ=1.01005535, β=83.87 [0m
[1;37m integrate approx hint [0m [0m (conditionning) [0m [3;32m 	 Worthy hint ! [0m [1;33m dim=256, δ=1.00836459, β=122.21 [0m
[1;37m integrate approx hint [0m [0m (conditionning) [0m [3;32m 	 Worthy hint ! [0m [1;33m dim=256, δ=1.00813227, β=128.60 [0m
[1;37m integrate approx hint [0m [0m (conditionning) [0m [3;31m 	 Unworthy hint, Forced it. [0m
[1;37m integrate approx hint [0m [0m (conditionning) [0m [3;32m 	 Worthy hint ! [0m [1;33m dim=256, δ=1.00569467, β=233.95 [0m
[3;32m 	 Worthy hint ! [0m [1;33m dim=256, δ=1.00846388, β=119.44 [0m
[1;37m integrate approx hint [0m [0m (conditionning) [0m [1;37m integrate approx hint [0m [0m (conditionning) [0m [3;32m 	 Worthy hint ! [0m [1;33m dim=256, δ=1.01006135, β=83.79 [0m
[1;37m integrate approx hint [0m [0m (conditionning) [0m [3;32m 	 Worthy hint ! [0m [1;33m dim=256, δ=1.00551423, β=246.34 [0m
[1;37m integrate approx hint [0m [0m (conditionning) [0m [3;32m 	 Worthy hint ! [0m [1;33m dim=256, δ=1.00619620, β=205.01 [0m
[1;37m integrate approx hint [0m [0m (conditionning) [0m [3;32m 	 Worthy hint ! [0m [1;33m dim=256, δ=1.00805612, β=130.76 [0m
[1;37m integrate approx hint [0m [0m (conditionning) [0m [3;32m 	 Worthy hint ! [0m [1;33m dim=256, δ=1.01034320, β=78.68 [0m
[1;37m integrate approx hint [0m [0m (conditionning) [0m [3;32m 	 Worthy hint ! [0m [1;33m dim=256, δ=1.01027460, β=80.13 [0m
[1;37m integrate approx hint [0m [0m (conditionning) [0m [3;32m 	 Worthy hint ! [0m [1;33m dim=256, δ=1.00971436, β=90.59 [0m
[1;37m integrate approx hint [0m [0m (conditionning) [0m [3;32m 	 Worthy hint ! [0m [1;33m dim=256, δ=1.00791829, β=134.87 [0m
[1;37m integrate approx hint [0m [0m (conditionning) [0m [3;32m 	 Worthy hint ! [0m [1;33m dim=256, δ=1.00908390, β=103.95 [0m
[1;37m integrate approx hint [0m [0m (conditionning) [0m [3;32m 	 Worthy hint ! [0m [1;33m dim=256, δ=1.00995457, β=86.09 [0m
[1;37m integrate approx hint [0m [0m (conditionning) [0m [3;32m 	 Worthy hint ! [0m [1;33m dim=256, δ=1.01016081, β=81.90 [0m
[1;37m integrate approx hint [0m [0m (conditionning) [0m [3;32m 	 Worthy hint ! [0m [1;33m dim=256, δ=1.00846772, β=119.37 [0m
[1;37m integrate approx hint [0m [0m (conditionning) [0m [3;32m 	 Worthy hint ! [0m [1;33m dim=256, δ=1.00823711, β=125.60 [0m
[1;37m integrate approx hint [0m [0m (conditionning) [0m [3;31m 	 Unworthy hint, Forced it. [0m
[1;37m integrate approx hint [0m [0m (conditionning) [0m [3;32m 	 Worthy hint ! [0m [1;33m dim=256, δ=1.00610259, β=209.73 [0m
[1;37m integrate approx hint [0m [0m (conditionning) [0m [3;32m 	 Worthy hint ! [0m [1;33m dim=256, δ=1.00581605, β=226.52 [0m
[1;37m integrate approx hint [0m [0m (conditionning) [0m [3;32m 	 Worthy hint ! [0m [1;33m dim=256, δ=1.00856591, β=116.67 [0m
[1;37m integrate approx hint [0m [0m (conditionning) [0m [3;32m 	 Worthy hint ! [0m [1;33m dim=256, δ=1.00640438, β=193.90 [0m
[1;37m integrate approx hint [0m [0m (conditionning) [0m [3;32m 	 Worthy hint ! [0m [1;33m dim=256, δ=1.01016693, β=81.82 [0m
[1;37m integrate approx hint [0m [0m (conditionning) [0m [3;32m 	 Worthy hint ! [0m [1;33m dim=256, δ=1.01037852, β=78.22 [0m
[1;37m integrate approx hint [0m [0m (conditionning) [0m [3;32m 	 Worthy hint ! [0m [1;33m dim=256, δ=1.01044593, β=76.80 [0m
[3;32m 	 Worthy hint ! [0m [1;33m dim=256, δ=1.00982243, β=88.49 [0m
[1;37m integrate approx hint [0m [0m (conditionning) [0m [1;37m integrate approx hint [0m [0m (conditionning) [0m [3;32m 	 Worthy hint ! [0m [1;33m dim=256, δ=1.00919665, β=101.55 [0m
[1;37m integrate approx hint [0m [0m (conditionning) [0m [3;32m 	 Worthy hint ! [0m [1;33m dim=256, δ=1.00802488, β=131.71 [0m
[1;37m integrate approx hint [0m [0m (conditionning) [0m [3;32m 	 Worthy hint ! [0m [1;33m dim=256, δ=1.01006131, β=84.07 [0m
[1;37m integrate approx hint [0m [0m (conditionning) [0m [3;32m 	 Worthy hint ! [0m [1;33m dim=256, δ=1.00856980, β=116.60 [0m
[1;37m integrate approx hint [0m [0m (conditionning) [0m [3;32m 	 Worthy hint ! [0m [1;33m dim=256, δ=1.01026532, β=79.97 [0m
[1;37m integrate approx hint [0m [0m (conditionning) [0m [3;32m 	 Worthy hint ! [0m [1;33m dim=256, δ=1.00834102, β=122.67 [0m
[1;37m integrate approx hint [0m [0m (conditionning) [0m [3;32m 	 Worthy hint ! [0m [1;33m dim=256, δ=1.00816206, β=127.70 [0m
[3;31m 	 Unworthy hint, Forced it. [0m
[1;37m integrate approx hint [0m [0m (conditionning) [0m [1;37m integrate approx hint [0m [0m (conditionning) [0m [3;32m 	 Worthy hint ! [0m [1;33m dim=256, δ=1.00579340, β=227.79 [0m
[3;32m 	 Worthy hint ! [0m [1;33m dim=256, δ=1.00866686, β=113.97 [0m
[1;37m integrate approx hint [0m [0m (conditionning) [0m [1;37m integrate approx hint [0m [0m (conditionning) [0m [3;32m 	 Worthy hint ! [0m [1;33m dim=256, δ=1.01027158, β=79.88 [0m
[1;37m integrate approx hint [0m [0m (conditionning) [0m [3;32m 	 Worthy hint ! [0m [1;33m dim=256, δ=1.00560766, β=239.76 [0m
[1;37m integrate approx hint [0m [0m (conditionning) [0m [3;32m 	 Worthy hint ! [0m [1;33m dim=256, δ=1.00628861, β=199.79 [0m
[1;37m integrate approx hint [0m [0m (conditionning) [0m [3;32m 	 Worthy hint ! [0m [1;33m dim=256, δ=1.01048142, β=76.36 [0m
[1;37m integrate approx hint [0m [0m (conditionning) [0m [3;32m 	 Worthy hint ! [0m [1;33m dim=256, δ=1.01054761, β=74.96 [0m
[1;37m integrate approx hint [0m [0m (conditionning) [0m [3;32m 	 Worthy hint ! [0m [1;33m dim=256, δ=1.00992969, β=86.43 [0m
[1;37m integrate approx hint [0m [0m (conditionning) [0m [3;32m 	 Worthy hint ! [0m [1;33m dim=256, δ=1.00930878, β=99.21 [0m
[1;37m integrate approx hint [0m [0m (conditionning) [0m [3;32m 	 Worthy hint ! [0m [1;33m dim=256, δ=1.00813061, β=128.63 [0m
[1;37m integrate approx hint [0m [0m (conditionning) [0m [3;32m 	 Worthy hint ! [0m [1;33m dim=256, δ=1.01016718, β=82.10 [0m
[1;37m integrate approx hint [0m [0m (conditionning) [0m [3;31m 	 Unworthy hint, Forced it. [0m
[1;37m integrate approx hint [0m [0m (conditionning) [0m [3;32m 	 Worthy hint ! [0m [1;33m dim=256, δ=1.00867080, β=113.90 [0m
[1;37m integrate approx hint [0m [0m (conditionning) [0m [3;32m 	 Worthy hint ! [0m [1;33m dim=256, δ=1.01039089, β=78.07 [0m
[1;37m integrate approx hint [0m [0m (conditionning) [0m [3;32m 	 Worthy hint ! [0m [1;33m dim=256, δ=1.00840425, β=120.87 [0m
[1;37m integrate approx hint [0m [0m (conditionning) [0m [3;32m 	 Worthy hint ! [0m [1;33m dim=256, δ=1.00844394, β=119.82 [0m
[1;37m integrate approx hint [0m [0m (conditionning) [0m [3;32m 	 Worthy hint ! [0m [1;33m dim=256, δ=1.00620540, β=204.35 [0m
[1;37m integrate approx hint [0m [0m (conditionning) [0m [3;31m 	 Unworthy hint, Forced it. [0m
[1;37m integrate approx hint [0m [0m (conditionning) [0m [3;32m 	 Worthy hint ! [0m [1;33m dim=256, δ=1.00878264, β=111.34 [0m
[1;37m integrate approx hint [0m [0m (conditionning) [0m [3;32m 	 Worthy hint ! [0m [1;33m dim=256, δ=1.01037525, β=77.98 [0m
[1;37m integrate approx hint [0m [0m (conditionning) [0m [3;32m 	 Worthy hint ! [0m [1;33m dim=256, δ=1.00651332, β=189.02 [0m
[1;37m integrate approx hint [0m [0m (conditionning) [0m [3;32m 	 Worthy hint ! [0m [1;33m dim=256, δ=1.00826708, β=124.71 [0m
[1;37m integrate approx hint [0m [0m (conditionning) [0m [3;32m 	 Worthy hint ! [0m [1;33m dim=256, δ=1.01058327, β=74.52 [0m
[1;37m integrate approx hint [0m [0m (conditionning) [0m [3;32m 	 Worthy hint ! [0m [1;33m dim=256, δ=1.01067158, β=73.15 [0m
[1;37m integrate approx hint [0m [0m (conditionning) [0m [3;32m 	 Worthy hint ! [0m [1;33m dim=256, δ=1.01003611, β=84.41 [0m
[1;37m integrate approx hint [0m [0m (conditionning) [0m [3;32m 	 Worthy hint ! [0m [1;33m dim=256, δ=1.00823544, β=125.63 [0m
[3;32m 	 Worthy hint ! [0m [1;33m dim=256, δ=1.00940220, β=96.92 [0m
[1;37m integrate approx hint [0m [0m (conditionning) [0m [1;37m integrate approx hint [0m [0m (conditionning) [0m [3;32m 	 Worthy hint ! [0m [1;33m dim=256, δ=1.01027215, β=80.16 [0m
[1;37m integrate approx hint [0m [0m (conditionning) [0m [3;32m 	 Worthy hint ! [0m [1;33m dim=256, δ=1.00878654, β=111.27 [0m
[1;37m integrate approx hint [0m [0m (conditionning) [0m [3;32m 	 Worthy hint ! [0m [1;33m dim=256, δ=1.01049391, β=76.20 [0m
[1;37m integrate approx hint [0m [0m (conditionning) [0m [3;32m 	 Worthy hint ! [0m [1;33m dim=256, δ=1.00856105, β=117.05 [0m
[1;37m integrate approx hint [0m [0m (conditionning) [0m [3;31m 	 Unworthy hint, Forced it. [0m
[1;37m integrate approx hint [0m [0m (conditionning) [0m [3;32m 	 Worthy hint ! [0m [1;33m dim=256, δ=1.00589091, β=221.83 [0m
[1;37m integrate approx hint [0m [0m (conditionning) [0m [3;32m 	 Worthy hint ! [0m [1;33m dim=256, δ=1.01050046, β=76.12 [0m
[1;37m integrate approx hint [0m [0m (conditionning) [0m [3;32m 	 Worthy hint ! [0m [1;33m dim=256, δ=1.00570754, β=233.40 [0m
[1;37m integrate approx hint [0m [0m (conditionning) [0m [3;32m 	 Worthy hint ! [0m [1;33m dim=256, δ=1.00638892, β=194.74 [0m
[1;37m integrate approx hint [0m [0m (conditionning) [0m [3;32m 	 Worthy hint ! [0m [1;33m dim=256, δ=1.00888166, β=108.76 [0m
[1;37m integrate approx hint [0m [0m (conditionning) [0m [3;32m 	 Worthy hint ! [0m [1;33m dim=256, δ=1.01077160, β=71.38 [0m
[1;37m integrate approx hint [0m [0m (conditionning) [0m [3;32m 	 Worthy hint ! [0m [1;33m dim=256, δ=1.01068403, β=72.72 [0m
[1;37m integrate approx hint [0m [0m (conditionning) [0m [3;32m 	 Worthy hint ! [0m [1;33m dim=256, δ=1.01014164, β=82.44 [0m
[1;37m integrate approx hint [0m [0m (conditionning) [0m [3;32m 	 Worthy hint ! [0m [1;33m dim=256, δ=1.00833934, β=122.71 [0m
[1;37m integrate approx hint [0m [0m (conditionning) [0m [3;32m 	 Worthy hint ! [0m [1;33m dim=256, δ=1.00951268, β=94.68 [0m
[1;37m integrate approx hint [0m [0m (conditionning) [0m [3;32m 	 Worthy hint ! [0m [1;33m dim=256, δ=1.01037617, β=78.25 [0m
[1;37m integrate approx hint [0m [0m (conditionning) [0m [3;32m 	 Worthy hint ! [0m [1;33m dim=256, δ=1.01059590, β=74.37 [0m
[1;37m integrate approx hint [0m [0m (conditionning) [0m [3;32m 	 Worthy hint ! [0m [1;33m dim=256, δ=1.00866224, β=114.34 [0m
[1;37m integrate approx hint [0m [0m (conditionning) [0m [3;32m 	 Worthy hint ! [0m [1;33m dim=256, δ=1.00888553, β=108.70 [0m
[1;37m integrate approx hint [0m [0m (conditionning) [0m [3;32m 	 Worthy hint ! [0m [1;33m dim=256, δ=1.00630718, β=199.14 [0m
[1;37m integrate approx hint [0m [0m (conditionning) [0m [3;32m 	 Worthy hint ! [0m [1;33m dim=256, δ=1.00852235, β=118.05 [0m
[1;37m integrate approx hint [0m [0m (conditionning) [0m [3;31m 	 Unworthy hint, Forced it. [0m
[1;37m integrate approx hint [0m [0m (conditionning) [0m [3;32m 	 Worthy hint ! [0m [1;33m dim=256, δ=1.01060259, β=74.28 [0m
[1;37m integrate approx hint [0m [0m (conditionning) [0m [3;32m 	 Worthy hint ! [0m [1;33m dim=256, δ=1.00661159, β=184.29 [0m
[1;37m integrate approx hint [0m [0m (conditionning) [0m [3;32m 	 Worthy hint ! [0m [1;33m dim=256, δ=1.00591375, β=220.59 [0m
[1;37m integrate approx hint [0m [0m (conditionning) [0m [3;32m 	 Worthy hint ! [0m [1;33m dim=256, δ=1.00899610, β=106.25 [0m
[1;37m integrate approx hint [0m [0m (conditionning) [0m [3;32m 	 Worthy hint ! [0m [1;33m dim=256, δ=1.01078361, β=70.94 [0m
[1;37m integrate approx hint [0m [0m (conditionning) [0m [3;32m 	 Worthy hint ! [0m [1;33m dim=256, δ=1.01087044, β=69.62 [0m
[3;32m 	 Worthy hint ! [0m [1;33m dim=256, δ=1.01024626, β=80.50 [0m
[1;37m integrate approx hint [0m [0m (conditionning) [0m [1;37m integrate approx hint [0m [0m (conditionning) [0m [3;32m 	 Worthy hint ! [0m [1;33m dim=256, δ=1.00844225, β=119.86 [0m
[1;37m integrate approx hint [0m [0m (conditionning) [0m [3;32m 	 Worthy hint ! [0m [1;33m dim=256, δ=1.00962245, β=92.49 [0m
[1;37m integrate approx hint [0m [0m (conditionning) [0m [3;32m 	 Worthy hint ! [0m [1;33m dim=256, δ=1.01047919, β=76.39 [0m
[1;37m integrate approx hint [0m [0m (conditionning) [0m [3;32m 	 Worthy hint ! [0m [1;33m dim=256, δ=1.01069680, β=72.56 [0m
[1;37m integrate approx hint [0m [0m (conditionning) [0m [3;32m 	 Worthy hint ! [0m [1;33m dim=256, δ=1.00837115, β=121.80 [0m
[1;37m integrate approx hint [0m [0m (conditionning) [0m [3;32m 	 Worthy hint ! [0m [1;33m dim=256, δ=1.00876231, β=111.70 [0m
[1;37m integrate approx hint [0m [0m (conditionning) [0m [3;32m 	 Worthy hint ! [0m [1;33m dim=256, δ=1.00899994, β=106.19 [0m
[1;37m integrate approx hint [0m [0m (conditionning) [0m [3;31m 	 Unworthy hint, Forced it. [0m
[1;37m integrate approx hint [0m [0m (conditionning) [0m [3;32m 	 Worthy hint ! [0m [1;33m dim=256, δ=1.00599568, β=216.07 [0m
[1;37m integrate approx hint [0m [0m (conditionning) [0m [3;32m 	 Worthy hint ! [0m [1;33m dim=256, δ=1.01070360, β=72.48 [0m
[1;37m integrate approx hint [0m [0m (conditionning) [0m [3;32m 	 Worthy hint ! [0m [1;33m dim=256, δ=1.00580627, β=227.26 [0m
[1;37m integrate approx hint [0m [0m (conditionning) [0m [3;32m 	 Worthy hint ! [0m [1;33m dim=256, δ=1.00648803, β=189.85 [0m
[1;37m integrate approx hint [0m [0m (conditionning) [0m [3;32m 	 Worthy hint ! [0m [1;33m dim=256, δ=1.00909301, β=103.80 [0m
[1;37m integrate approx hint [0m [0m (conditionning) [0m [3;32m 	 Worthy hint ! [0m [1;33m dim=256, δ=1.01090658, β=69.20 [0m
[1;37m integrate approx hint [0m [0m (conditionning) [0m [3;32m 	 Worthy hint ! [0m [1;33m dim=256, δ=1.01096805, β=67.89 [0m
[1;37m integrate approx hint [0m [0m (conditionning) [0m [3;32m 	 Worthy hint ! [0m [1;33m dim=256, δ=1.01034994, β=78.59 [0m
[1;37m integrate approx hint [0m [0m (conditionning) [0m [3;32m 	 Worthy hint ! [0m [1;33m dim=256, δ=1.00855934, β=117.08 [0m
[1;37m integrate approx hint [0m [0m (conditionning) [0m [3;32m 	 Worthy hint ! [0m [1;33m dim=256, δ=1.00973149, β=90.35 [0m
[1;37m integrate approx hint [0m [0m (conditionning) [0m [3;32m 	 Worthy hint ! [0m [1;33m dim=256, δ=1.01058118, β=74.55 [0m
[1;37m integrate approx hint [0m [0m (conditionning) [0m [3;32m 	 Worthy hint ! [0m [1;33m dim=256, δ=1.01079651, β=70.79 [0m
[1;37m integrate approx hint [0m [0m (conditionning) [0m [3;32m 	 Worthy hint ! [0m [1;33m dim=256, δ=1.00601015, β=214.86 [0m
[1;37m integrate approx hint [0m [0m (conditionning) [0m [3;32m 	 Worthy hint ! [0m [1;33m dim=256, δ=1.00640785, β=194.10 [0m
[3;32m 	 Worthy hint ! [0m [1;33m dim=256, δ=1.00909681, β=103.74 [0m
[1;37m integrate approx hint [0m [0m (conditionning) [0m [1;37m integrate approx hint [0m [0m (conditionning) [0m [3;31m 	 Unworthy hint, Forced it. [0m
[1;37m integrate approx hint [0m [0m (conditionning) [0m [3;32m 	 Worthy hint ! [0m [1;33m dim=256, δ=1.00887745, β=109.12 [0m
[1;37m integrate approx hint [0m [0m (conditionning) [0m [3;32m 	 Worthy hint ! [0m [1;33m dim=256, δ=1.01080342, β=70.71 [0m
[1;37m integrate approx hint [0m [0m (conditionning) [0m [3;32m 	 Worthy hint ! [0m [1;33m dim=256, δ=1.00670860, β=179.71 [0m
[1;37m integrate approx hint [0m [0m (conditionning) [0m [3;32m 	 Worthy hint ! [0m [1;33m dim=256, δ=1.00920599, β=101.40 [0m
[1;37m integrate approx hint [0m [0m (conditionning) [0m [3;32m 	 Worthy hint ! [0m [1;33m dim=256, δ=1.01100433, β=67.47 [0m
[1;37m integrate approx hint [0m [0m (conditionning) [0m [3;32m 	 Worthy hint ! [0m [1;33m dim=256, δ=1.01108993, β=66.19 [0m
[1;37m integrate approx hint [0m [0m (conditionning) [0m [3;32m 	 Worthy hint ! [0m [1;33m dim=256, δ=1.01045261, β=76.72 [0m
[1;37m integrate approx hint [0m [0m (conditionning) [0m [3;32m 	 Worthy hint ! [0m [1;33m dim=256, δ=1.00866051, β=114.37 [0m
[1;37m integrate approx hint [0m [0m (conditionning) [0m [3;32m 	 Worthy hint ! [0m [1;33m dim=256, δ=1.00983977, β=88.25 [0m
[1;37m integrate approx hint [0m [0m (conditionning) [0m [3;32m 	 Worthy hint ! [0m [1;33m dim=256, δ=1.01068206, β=72.74 [0m
[1;37m integrate approx hint [0m [0m (conditionning) [0m [3;32m 	 Worthy hint ! [0m [1;33m dim=256, δ=1.00862466, β=115.31 [0m
[1;37m integrate approx hint [0m [0m (conditionning) [0m [3;32m 	 Worthy hint ! [0m [1;33m dim=256, δ=1.01091960, β=69.04 [0m
[1;37m integrate approx hint [0m [0m (conditionning) [0m [3;32m 	 Worthy hint ! [0m [1;33m dim=256, δ=1.00541980, β=252.78 [0m
[1;37m integrate approx hint [0m [0m (conditionning) [0m [3;32m 	 Worthy hint ! [0m [1;33m dim=256, δ=1.00920976, β=101.34 [0m
[1;37m integrate approx hint [0m [0m (conditionning) [0m [3;32m 	 Worthy hint ! [0m [1;33m dim=256, δ=1.00897553, β=106.60 [0m
[1;37m integrate approx hint [0m [0m (conditionning) [0m [3;32m 	 Worthy hint ! [0m [1;33m dim=256, δ=1.00609079, β=210.50 [0m
[1;37m integrate approx hint [0m [0m (conditionning) [0m [3;32m 	 Worthy hint ! [0m [1;33m dim=256, δ=1.01090202, β=68.96 [0m
[1;37m integrate approx hint [0m [0m (conditionning) [0m [3;32m 	 Worthy hint ! [0m [1;33m dim=256, δ=1.00659585, β=185.10 [0m
[1;37m integrate approx hint [0m [0m (conditionning) [0m [3;32m 	 Worthy hint ! [0m [1;33m dim=256, δ=1.00590377, β=221.32 [0m
[1;37m integrate approx hint [0m [0m (conditionning) [0m [3;32m 	 Worthy hint ! [0m [1;33m dim=256, δ=1.00931833, β=99.06 [0m
[1;37m integrate approx hint [0m [0m (conditionning) [0m [3;32m 	 Worthy hint ! [0m [1;33m dim=256, δ=1.01110078, β=65.77 [0m
[1;37m integrate approx hint [0m [0m (conditionning) [0m [3;32m 	 Worthy hint ! [0m [1;33m dim=256, δ=1.01118554, β=64.51 [0m
[1;37m integrate approx hint [0m [0m (conditionning) [0m [3;32m 	 Worthy hint ! [0m [1;33m dim=256, δ=1.01055424, β=74.88 [0m
[1;37m integrate approx hint [0m [0m (conditionning) [0m [3;32m 	 Worthy hint ! [0m [1;33m dim=256, δ=1.00876053, β=111.73 [0m
[1;37m integrate approx hint [0m [0m (conditionning) [0m [3;32m 	 Worthy hint ! [0m [1;33m dim=256, δ=1.00994724, β=86.19 [0m
[1;37m integrate approx hint [0m [0m (conditionning) [0m [3;31m 	 Unworthy hint, Forced it. [0m
[1;37m integrate approx hint [0m [0m (conditionning) [0m [3;32m 	 Worthy hint ! [0m [1;33m dim=256, δ=1.01078176, β=70.97 [0m
[1;37m integrate approx hint [0m [0m (conditionning) [0m [3;32m 	 Worthy hint ! [0m [1;33m dim=256, δ=1.01101748, β=67.32 [0m
[1;37m integrate approx hint [0m [0m (conditionning) [0m [3;32m 	 Worthy hint ! [0m [1;33m dim=256, δ=1.00932209, β=99.00 [0m
[1;37m integrate approx hint [0m [0m (conditionning) [0m [3;32m 	 Worthy hint ! [0m [1;33m dim=256, δ=1.00611393, β=209.31 [0m
[1;37m integrate approx hint [0m [0m (conditionning) [0m [3;32m 	 Worthy hint ! [0m [1;33m dim=256, δ=1.00650737, β=189.21 [0m
[1;37m integrate approx hint [0m [0m (conditionning) [0m [3;31m 	 Unworthy hint, Forced it. [0m
[1;37m integrate approx hint [0m [0m (conditionning) [0m [3;32m 	 Worthy hint ! [0m [1;33m dim=256, δ=1.00908929, β=104.14 [0m
[1;37m integrate approx hint [0m [0m (conditionning) [0m [3;32m 	 Worthy hint ! [0m [1;33m dim=256, δ=1.01102457, β=67.24 [0m
[1;37m integrate approx hint [0m [0m (conditionning) [0m [3;32m 	 Worthy hint ! [0m [1;33m dim=256, δ=1.00681471, β=175.27 [0m
[1;37m integrate approx hint [0m [0m (conditionning) [0m [3;32m 	 Worthy hint ! [0m [1;33m dim=256, δ=1.00941196, β=96.77 [0m
[1;37m integrate approx hint [0m [0m (conditionning) [0m [3;32m 	 Worthy hint ! [0m [1;33m dim=256, δ=1.01122212, β=64.09 [0m
[1;37m integrate approx hint [0m [0m (conditionning) [0m [3;32m 	 Worthy hint ! [0m [1;33m dim=256, δ=1.01127971, β=62.85 [0m
[1;37m integrate approx hint [0m [0m (conditionning) [0m [3;32m 	 Worthy hint ! [0m [1;33m dim=256, δ=1.01067816, β=73.07 [0m
[1;37m integrate approx hint [0m [0m (conditionning) [0m [3;32m 	 Worthy hint ! [0m [1;33m dim=256, δ=1.01005386, β=84.17 [0m
[1;37m integrate approx hint [0m [0m (conditionning) [0m [3;32m 	 Worthy hint ! [0m [1;33m dim=256, δ=1.01090485, β=69.22 [0m
[1;37m integrate approx hint [0m [0m (conditionning) [0m [3;32m 	 Worthy hint ! [0m [1;33m dim=256, δ=1.00847422, β=118.96 [0m
[1;37m integrate approx hint [0m [0m (conditionning) [0m [3;32m 	 Worthy hint ! [0m [1;33m dim=256, δ=1.00887562, β=109.15 [0m
[1;37m integrate approx hint [0m [0m (conditionning) [0m [3;32m 	 Worthy hint ! [0m [1;33m dim=256, δ=1.01111404, β=65.62 [0m
[1;37m integrate approx hint [0m [0m (conditionning) [0m [3;32m 	 Worthy hint ! [0m [1;33m dim=256, δ=1.00941569, β=96.71 [0m
[1;37m integrate approx hint [0m [0m (conditionning) [0m [3;32m 	 Worthy hint ! [0m [1;33m dim=256, δ=1.00551478, β=245.97 [0m
[1;37m integrate approx hint [0m [0m (conditionning) [0m [3;32m 	 Worthy hint ! [0m [1;33m dim=256, δ=1.00918516, β=101.74 [0m
[1;37m integrate approx hint [0m [0m (conditionning) [0m [3;32m 	 Worthy hint ! [0m [1;33m dim=256, δ=1.00872586, β=112.63 [0m
[1;37m integrate approx hint [0m [0m (conditionning) [0m [3;32m 	 Worthy hint ! [0m [1;33m dim=256, δ=1.00619346, β=205.11 [0m
[1;37m integrate approx hint [0m [0m (conditionning) [0m [3;32m 	 Worthy hint ! [0m [1;33m dim=256, δ=1.01112123, β=65.54 [0m
[1;37m integrate approx hint [0m [0m (conditionning) [0m [3;32m 	 Worthy hint ! [0m [1;33m dim=256, δ=1.00669276, β=180.51 [0m
[1;37m integrate approx hint [0m [0m (conditionning) [0m [3;32m 	 Worthy hint ! [0m [1;33m dim=256, δ=1.00600000, β=215.58 [0m
[1;37m integrate approx hint [0m [0m (conditionning) [0m [3;32m 	 Worthy hint ! [0m [1;33m dim=256, δ=1.00952265, β=94.53 [0m
[1;37m integrate approx hint [0m [0m (conditionning) [0m [3;32m 	 Worthy hint ! [0m [1;33m dim=256, δ=1.01131644, β=62.44 [0m
[1;37m integrate approx hint [0m [0m (conditionning) [0m [3;32m 	 Worthy hint ! [0m [1;33m dim=256, δ=1.01077814, β=71.30 [0m
[1;37m integrate approx hint [0m [0m (conditionning) [0m [3;32m 	 Worthy hint ! [0m [1;33m dim=256, δ=1.01139980, β=61.20 [0m
[1;37m integrate approx hint [0m [0m (conditionning) [0m [3;32m 	 Worthy hint ! [0m [1;33m dim=256, δ=1.01015961, β=82.20 [0m
[1;37m integrate approx hint [0m [0m (conditionning) [0m [3;32m 	 Worthy hint ! [0m [1;33m dim=256, δ=1.00620767, β=203.95 [0m
[1;37m integrate approx hint [0m [0m (conditionning) [0m [3;32m 	 Worthy hint ! [0m [1;33m dim=256, δ=1.01100272, β=67.49 [0m
[1;37m integrate approx hint [0m [0m (conditionning) [0m [3;32m 	 Worthy hint ! [0m [1;33m dim=256, δ=1.00897364, β=106.63 [0m
[1;37m integrate approx hint [0m [0m (conditionning) [0m [3;32m 	 Worthy hint ! [0m [1;33m dim=256, δ=1.01120918, β=63.94 [0m
[1;37m integrate approx hint [0m [0m (conditionning) [0m [3;32m 	 Worthy hint ! [0m [1;33m dim=256, δ=1.00952636, β=94.48 [0m
[1;37m integrate approx hint [0m [0m (conditionning) [0m [3;32m 	 Worthy hint ! [0m [1;33m dim=256, δ=1.00660569, β=184.48 [0m
[1;37m integrate approx hint [0m [0m (conditionning) [0m [3;31m 	 Unworthy hint, Forced it. [0m
[1;37m integrate approx hint [0m [0m (conditionning) [0m [3;32m 	 Worthy hint ! [0m [1;33m dim=256, δ=1.00929738, β=99.39 [0m
[1;37m integrate approx hint [0m [0m (conditionning) [0m [3;32m 	 Worthy hint ! [0m [1;33m dim=256, δ=1.00690925, β=170.96 [0m
[1;37m integrate approx hint [0m [0m (conditionning) [0m [3;32m 	 Worthy hint ! [0m [1;33m dim=256, δ=1.01121651, β=63.86 [0m
[1;37m integrate approx hint [0m [0m (conditionning) [0m [3;32m 	 Worthy hint ! [0m [1;33m dim=256, δ=1.00963264, β=92.34 [0m
[1;37m integrate approx hint [0m [0m (conditionning) [0m [3;32m 	 Worthy hint ! [0m [1;33m dim=256, δ=1.01149170, β=59.57 [0m
[1;37m integrate approx hint [0m [0m (conditionning) [0m [3;32m 	 Worthy hint ! [0m [1;33m dim=256, δ=1.01087693, β=69.55 [0m
[1;37m integrate approx hint [0m [0m (conditionning) [0m [3;32m 	 Worthy hint ! [0m [1;33m dim=256, δ=1.01140926, β=60.79 [0m
[1;37m integrate approx hint [0m [0m (conditionning) [0m [3;32m 	 Worthy hint ! [0m [1;33m dim=256, δ=1.01026445, β=80.26 [0m
[1;37m integrate approx hint [0m [0m (conditionning) [0m [3;32m 	 Worthy hint ! [0m [1;33m dim=256, δ=1.01109929, β=65.79 [0m
[1;37m integrate approx hint [0m [0m (conditionning) [0m [3;32m 	 Worthy hint ! [0m [1;33m dim=256, δ=1.00908735, β=104.17 [0m
[1;37m integrate approx hint [0m [0m (conditionning) [0m [3;32m 	 Worthy hint ! [0m [1;33m dim=256, δ=1.01132987, β=62.29 [0m
[1;37m integrate approx hint [0m [0m (conditionning) [0m [3;32m 	 Worthy hint ! [0m [1;33m dim=256, δ=1.00561608, β=239.39 [0m
[1;37m integrate approx hint [0m [0m (conditionning) [0m [3;32m 	 Worthy hint ! [0m [1;33m dim=256, δ=1.00630917, β=198.75 [0m
[1;37m integrate approx hint [0m [0m (conditionning) [0m [3;32m 	 Worthy hint ! [0m [1;33m dim=256, δ=1.00940896, β=97.09 [0m
[1;37m integrate approx hint [0m [0m (conditionning) [0m [3;32m 	 Worthy hint ! [0m [1;33m dim=256, δ=1.00628591, β=199.88 [0m
[1;37m integrate approx hint [0m [0m (conditionning) [0m [3;32m 	 Worthy hint ! [0m [1;33m dim=256, δ=1.01133733, β=62.20 [0m
[1;37m integrate approx hint [0m [0m (conditionning) [0m [3;32m 	 Worthy hint ! [0m [1;33m dim=256, δ=1.00859158, β=116.20 [0m
[1;37m integrate approx hint [0m [0m (conditionning) [0m [3;32m 	 Worthy hint ! [0m [1;33m dim=256, δ=1.00679874, β=176.05 [0m
[1;37m integrate approx hint [0m [0m (conditionning) [0m [3;32m 	 Worthy hint ! [0m [1;33m dim=256, δ=1.00610365, β=210.02 [0m
[1;37m integrate approx hint [0m [0m (conditionning) [0m [3;32m 	 Worthy hint ! [0m [1;33m dim=256, δ=1.00884203, β=110.01 [0m
[1;37m integrate approx hint [0m [0m (conditionning) [0m [3;32m 	 Worthy hint ! [0m [1;33m dim=256, δ=1.00974190, β=90.20 [0m
[1;37m integrate approx hint [0m [0m (conditionning) [0m [3;32m 	 Worthy hint ! [0m [1;33m dim=256, δ=1.01158194, β=57.96 [0m
[1;37m integrate approx hint [0m [0m (conditionning) [0m [3;32m 	 Worthy hint ! [0m [1;33m dim=256, δ=1.01097449, β=67.82 [0m
[1;37m integrate approx hint [0m [0m (conditionning) [0m [3;32m 	 Worthy hint ! [0m [1;33m dim=256, δ=1.01152872, β=59.17 [0m
[1;37m integrate approx hint [0m [0m (conditionning) [0m [3;31m 	 Unworthy hint, Forced it. [0m
[3;32m 	 Worthy hint ! [0m [1;33m dim=256, δ=1.01036834, β=78.35 [0m
[1;37m integrate approx hint [0m [0m (conditionning) [0m [1;37m integrate approx hint [0m [0m (conditionning) [0m [3;32m 	 Worthy hint ! [0m [1;33m dim=256, δ=1.01122075, β=64.11 [0m
[1;37m integrate approx hint [0m [0m (conditionning) [0m [3;32m 	 Worthy hint ! [0m [1;33m dim=256, δ=1.00918322, β=101.77 [0m
[1;37m integrate approx hint [0m [0m (conditionning) [0m [3;32m 	 Worthy hint ! [0m [1;33m dim=256, δ=1.01142278, β=60.64 [0m
[1;37m integrate approx hint [0m [0m (conditionning) [0m [3;32m 	 Worthy hint ! [0m [1;33m dim=256, δ=1.00670275, β=179.89 [0m
[1;37m integrate approx hint [0m [0m (conditionning) [0m [3;32m 	 Worthy hint ! [0m [1;33m dim=256, δ=1.00640957, β=193.72 [0m
[1;37m integrate approx hint [0m [0m (conditionning) [0m [3;32m 	 Worthy hint ! [0m [1;33m dim=256, δ=1.00950144, β=94.85 [0m
[1;37m integrate approx hint [0m [0m (conditionning) [0m [3;32m 	 Worthy hint ! [0m [1;33m dim=256, δ=1.00701329, β=166.77 [0m
[1;37m integrate approx hint [0m [0m (conditionning) [0m [3;32m 	 Worthy hint ! [0m [1;33m dim=256, δ=1.01143035, β=60.56 [0m
[1;37m integrate approx hint [0m [0m (conditionning) [0m [3;32m 	 Worthy hint ! [0m [1;33m dim=256, δ=1.00963632, β=92.29 [0m
[1;37m integrate approx hint [0m [0m (conditionning) [0m [3;32m 	 Worthy hint ! [0m [1;33m dim=256, δ=1.00985037, β=88.10 [0m
[1;37m integrate approx hint [0m [0m (conditionning) [0m [3;32m 	 Worthy hint ! [0m [1;33m dim=256, δ=1.01170000, β=56.35 [0m
[1;37m integrate approx hint [0m [0m (conditionning) [0m [3;32m 	 Worthy hint ! [0m [1;33m dim=256, δ=1.01109631, β=66.12 [0m
[3;32m 	 Worthy hint ! [0m [1;33m dim=256, δ=1.01161908, β=57.55 [0m
[1;37m integrate approx hint [0m [0m (conditionning) [0m [1;37m integrate approx hint [0m [0m (conditionning) [0m [3;32m 	 Worthy hint ! [0m [1;33m dim=256, δ=1.01047125, β=76.49 [0m
[1;37m integrate approx hint [0m [0m (conditionning) [0m [3;32m 	 Worthy hint ! [0m [1;33m dim=256, δ=1.01131522, β=62.45 [0m
[1;37m integrate approx hint [0m [0m (conditionning) [0m [3;32m 	 Worthy hint ! [0m [1;33m dim=256, δ=1.00929539, β=99.42 [0m
[1;37m integrate approx hint [0m [0m (conditionning) [0m [3;32m 	 Worthy hint ! [0m [1;33m dim=256, δ=1.01154232, β=59.02 [0m
[1;37m integrate approx hint [0m [0m (conditionning) [0m [3;32m 	 Worthy hint ! [0m [1;33m dim=256, δ=1.00571628, β=233.03 [0m
[1;37m integrate approx hint [0m [0m (conditionning) [0m [3;32m 	 Worthy hint ! [0m [1;33m dim=256, δ=1.00650882, β=188.85 [0m
[1;37m integrate approx hint [0m [0m (conditionning) [0m [3;32m 	 Worthy hint ! [0m [1;33m dim=256, δ=1.00961129, β=92.66 [0m
[1;37m integrate approx hint [0m [0m (conditionning) [0m [3;32m 	 Worthy hint ! [0m [1;33m dim=256, δ=1.00638623, β=194.83 [0m
[1;37m integrate approx hint [0m [0m (conditionning) [0m [3;32m 	 Worthy hint ! [0m [1;33m dim=256, δ=1.00869289, β=113.50 [0m
[1;37m integrate approx hint [0m [0m (conditionning) [0m [3;32m 	 Worthy hint ! [0m [1;33m dim=256, δ=1.01152176, β=58.93 [0m
[1;37m integrate approx hint [0m [0m (conditionning) [0m [3;32m 	 Worthy hint ! [0m [1;33m dim=256, δ=1.00689323, β=171.73 [0m
[1;37m integrate approx hint [0m [0m (conditionning) [0m [3;31m 	 Unworthy hint, Forced it. [0m
[1;37m integrate approx hint [0m [0m (conditionning) [0m [3;32m 	 Worthy hint ! [0m [1;33m dim=256, δ=1.00619734, β=204.64 [0m
[1;37m integrate approx hint [0m [0m (conditionning) [0m [3;32m 	 Worthy hint ! [0m [1;33m dim=256, δ=1.00995806, β=86.04 [0m
[1;37m integrate approx hint [0m [0m (conditionning) [0m [3;32m 	 Worthy hint ! [0m [1;33m dim=256, δ=1.01178759, β=54.75 [0m
[1;37m integrate approx hint [0m [0m (conditionning) [0m [3;32m 	 Worthy hint ! [0m [1;33m dim=256, δ=1.01119187, β=64.44 [0m
[1;37m integrate approx hint [0m [0m (conditionning) [0m [3;32m 	 Worthy hint ! [0m [1;33m dim=256, δ=1.01170769, β=55.94 [0m
[1;37m integrate approx hint [0m [0m (conditionning) [0m [3;32m 	 Worthy hint ! [0m [1;33m dim=256, δ=1.01057311, β=74.65 [0m
[1;37m integrate approx hint [0m [0m (conditionning) [0m [3;32m 	 Worthy hint ! [0m [1;33m dim=256, δ=1.01140819, β=60.81 [0m
[1;37m integrate approx hint [0m [0m (conditionning) [0m [3;32m 	 Worthy hint ! [0m [1;33m dim=256, δ=1.00940692, β=97.13 [0m
[1;37m integrate approx hint [0m [0m (conditionning) [0m [3;32m 	 Worthy hint ! [0m [1;33m dim=256, δ=1.01163280, β=57.40 [0m
[1;37m integrate approx hint [0m [0m (conditionning) [0m [3;32m 	 Worthy hint ! [0m [1;33m dim=256, δ=1.00680890, β=175.44 [0m
[1;37m integrate approx hint [0m [0m (conditionning) [0m [3;32m 	 Worthy hint ! [0m [1;33m dim=256, δ=1.00661680, β=184.13 [0m
[1;37m integrate approx hint [0m [0m (conditionning) [0m [3;32m 	 Worthy hint ! [0m [1;33m dim=256, δ=1.00974555, β=90.14 [0m
[3;32m 	 Worthy hint ! [0m [1;33m dim=256, δ=1.00972041, β=90.51 [0m
[1;37m integrate approx hint [0m [0m (conditionning) [0m [1;37m integrate approx hint [0m [0m (conditionning) [0m [3;32m 	 Worthy hint ! [0m [1;33m dim=256, δ=1.01164058, β=57.32 [0m
[3;32m 	 Worthy hint ! [0m [1;33m dim=256, δ=1.00711635, β=162.71 [0m
[1;37m integrate approx hint [0m [0m (conditionning) [0m [1;37m integrate approx hint [0m [0m (conditionning) [0m [3;32m 	 Worthy hint ! [0m [1;33m dim=256, δ=1.01006488, β=84.02 [0m
[1;37m integrate approx hint [0m [0m (conditionning) [0m [3;32m 	 Worthy hint ! [0m [1;33m dim=256, δ=1.01190425, β=53.15 [0m
[1;37m integrate approx hint [0m [0m (conditionning) [0m [3;32m 	 Worthy hint ! [0m [1;33m dim=256, δ=1.01128600, β=62.78 [0m
[3;32m 	 Worthy hint ! [0m [1;33m dim=256, δ=1.01182495, β=54.34 [0m
[1;37m integrate approx hint [0m [0m (conditionning) [0m [1;37m integrate approx hint [0m [0m (conditionning) [0m [3;32m 	 Worthy hint ! [0m [1;33m dim=256, δ=1.01067382, β=72.84 [0m
[1;37m integrate approx hint [0m [0m (conditionning) [0m [3;32m 	 Worthy hint ! [0m [1;33m dim=256, δ=1.01152780, β=59.18 [0m
[1;37m integrate approx hint [0m [0m (conditionning) [0m [3;32m 	 Worthy hint ! [0m [1;33m dim=256, δ=1.00949937, β=94.88 [0m
[1;37m integrate approx hint [0m [0m (conditionning) [0m [3;32m 	 Worthy hint ! [0m [1;33m dim=256, δ=1.01172154, β=55.79 [0m
[1;37m integrate approx hint [0m [0m (conditionning) [0m [3;32m 	 Worthy hint ! [0m [1;33m dim=256, δ=1.00894127, β=107.46 [0m
[3;32m 	 Worthy hint ! [0m [1;33m dim=256, δ=1.00580715, β=226.89 [0m
[1;37m integrate approx hint [0m [0m (conditionning) [0m [1;37m integrate approx hint [0m [0m (conditionning) [0m [3;31m 	 Unworthy hint, Forced it. [0m
[1;37m integrate approx hint [0m [0m (conditionning) [0m [3;32m 	 Worthy hint ! [0m [1;33m dim=256, δ=1.00671380, β=179.55 [0m
[1;37m integrate approx hint [0m [0m (conditionning) [0m [3;32m 	 Worthy hint ! [0m [1;33m dim=256, δ=1.00648542, β=189.93 [0m
[1;37m integrate approx hint [0m [0m (conditionning) [0m [3;32m 	 Worthy hint ! [0m [1;33m dim=256, δ=1.00982878, β=88.40 [0m
[1;37m integrate approx hint [0m [0m (conditionning) [0m [3;32m 	 Worthy hint ! [0m [1;33m dim=256, δ=1.00699715, β=167.53 [0m
[3;32m 	 Worthy hint ! [0m [1;33m dim=256, δ=1.01172941, β=55.71 [0m
[1;37m integrate approx hint [0m [0m (conditionning) [0m [1;37m integrate approx hint [0m [0m (conditionning) [0m [3;32m 	 Worthy hint ! [0m [1;33m dim=256, δ=1.00629877, β=199.44 [0m
[1;37m integrate approx hint [0m [0m (conditionning) [0m [3;32m 	 Worthy hint ! [0m [1;33m dim=256, δ=1.00879306, β=110.87 [0m
[1;37m integrate approx hint [0m [0m (conditionning) [0m [3;32m 	 Worthy hint ! [0m [1;33m dim=256, δ=1.01017081, β=82.05 [0m
[1;37m integrate approx hint [0m [0m (conditionning) [0m [3;32m 	 Worthy hint ! [0m [1;33m dim=256, δ=1.01198890, β=51.54 [0m
[1;37m integrate approx hint [0m [0m (conditionning) [0m [3;32m 	 Worthy hint ! [0m [3;32m 	 Worthy hint ! [0m [1;33m dim=256, δ=1.01191073, β=52.74 [0m
[1;33m dim=256, δ=1.01140606, β=61.13 [0m
[1;37m integrate approx hint [0m [0m (conditionning) [0m [1;37m integrate approx hint [0m [0m (conditionning) [0m [3;32m 	 Worthy hint ! [0m [1;33m dim=256, δ=1.01079735, β=71.07 [0m
[1;37m integrate approx hint [0m [0m (conditionning) [0m [3;32m 	 Worthy hint ! [0m [1;33m dim=256, δ=1.01161833, β=57.56 [0m
[1;37m integrate approx hint [0m [0m (conditionning) [0m [3;32m 	 Worthy hint ! [0m [1;33m dim=256, δ=1.00541852, β=253.19 [0m
[1;37m integrate approx hint [0m [0m (conditionning) [0m [3;32m 	 Worthy hint ! [0m [1;33m dim=256, δ=1.00960919, β=92.69 [0m
[1;37m integrate approx hint [0m [0m (conditionning) [0m [3;32m 	 Worthy hint ! [0m [1;33m dim=256, δ=1.01183891, β=54.19 [0m
[1;37m integrate approx hint [0m [0m (conditionning) [0m [3;32m 	 Worthy hint ! [0m [1;33m dim=256, δ=1.00691416, β=171.12 [0m
[1;37m integrate approx hint [0m [0m (conditionning) [0m [3;32m 	 Worthy hint ! [0m [1;33m dim=256, δ=1.00681991, β=175.11 [0m
[1;37m integrate approx hint [0m [0m (conditionning) [0m [3;32m 	 Worthy hint ! [0m [1;33m dim=256, δ=1.00993635, β=86.34 [0m
[1;37m integrate approx hint [0m [0m (conditionning) [0m [3;32m 	 Worthy hint ! [0m [1;33m dim=256, δ=1.00721839, β=158.77 [0m
[1;37m integrate approx hint [0m [0m (conditionning) [0m [3;32m 	 Worthy hint ! [0m [1;33m dim=256, δ=1.01184689, β=54.10 [0m
[1;37m integrate approx hint [0m [0m (conditionning) [0m [3;32m 	 Worthy hint ! [0m [1;33m dim=256, δ=1.00985401, β=88.04 [0m
[1;37m integrate approx hint [0m [0m (conditionning) [0m [3;32m 	 Worthy hint ! [0m [1;33m dim=256, δ=1.01027585, β=80.11 [0m
[1;37m integrate approx hint [0m [0m (conditionning) [0m [3;32m 	 Worthy hint ! [0m [1;33m dim=256, δ=1.01207143, β=49.93 [0m
[1;37m integrate approx hint [0m [0m (conditionning) [0m [3;32m 	 Worthy hint ! [0m [1;33m dim=256, δ=1.01202652, β=51.13 [0m
[1;37m integrate approx hint [0m [0m (conditionning) [0m [3;32m 	 Worthy hint ! [0m [1;33m dim=256, δ=1.01149790, β=59.51 [0m
[1;37m integrate approx hint [0m [0m (conditionning) [0m [3;32m 	 Worthy hint ! [0m [1;33m dim=256, δ=1.01089632, β=69.32 [0m
[1;37m integrate approx hint [0m [0m (conditionning) [0m [3;32m 	 Worthy hint ! [0m [1;33m dim=256, δ=1.01170711, β=55.95 [0m
[1;37m integrate approx hint [0m [0m (conditionning) [0m [3;32m 	 Worthy hint ! [0m [1;33m dim=256, δ=1.00971827, β=90.54 [0m
[1;37m integrate approx hint [0m [0m (conditionning) [0m [3;32m 	 Worthy hint ! [0m [1;33m dim=256, δ=1.01192479, β=52.58 [0m
[1;37m integrate approx hint [0m [0m (conditionning) [0m [3;32m 	 Worthy hint ! [0m [1;33m dim=256, δ=1.00590474, β=220.95 [0m
[1;37m integrate approx hint [0m [0m (conditionning) [0m [3;32m 	 Worthy hint ! [0m [1;33m dim=256, δ=1.00691446, β=170.81 [0m
[1;37m integrate approx hint [0m [0m (conditionning) [0m [3;32m 	 Worthy hint ! [0m [1;33m dim=256, δ=1.00659331, β=185.19 [0m
[1;37m integrate approx hint [0m [0m (conditionning) [0m [3;32m 	 Worthy hint ! [0m [1;33m dim=256, δ=1.01004308, β=84.32 [0m
[1;37m integrate approx hint [0m [0m (conditionning) [0m [3;32m 	 Worthy hint ! [0m [1;33m dim=256, δ=1.01193289, β=52.50 [0m
[1;37m integrate approx hint [0m [0m (conditionning) [0m [3;32m 	 Worthy hint ! [0m [1;33m dim=256, δ=1.00710010, β=163.46 [0m
[1;37m integrate approx hint [0m [0m (conditionning) [0m [3;32m 	 Worthy hint ! [0m [1;33m dim=256, δ=1.00639910, β=194.39 [0m
[1;37m integrate approx hint [0m [0m (conditionning) [0m [3;32m 	 Worthy hint ! [0m [1;33m dim=256, δ=1.01037993, β=78.21 [0m
[1;37m integrate approx hint [0m [0m (conditionning) [0m [3;32m 	 Worthy hint ! [0m [1;33m dim=256, δ=1.01218500, β=48.29 [0m
[1;37m integrate approx hint [0m [0m (conditionning) [0m [3;32m 	 Worthy hint ! [0m [1;33m dim=256, δ=1.01210917, β=49.51 [0m
[1;37m integrate approx hint [0m [0m (conditionning) [0m [3;32m 	 Worthy hint ! [0m [1;33m dim=256, δ=1.01158808, β=57.89 [0m
[1;37m integrate approx hint [0m [0m (conditionning) [0m [3;32m 	 Worthy hint ! [0m [1;33m dim=256, δ=1.00903923, β=104.97 [0m
[1;37m integrate approx hint [0m [0m (conditionning) [0m [3;31m 	 Unworthy hint, Forced it. [0m
[1;37m integrate approx hint [0m [0m (conditionning) [0m [3;32m 	 Worthy hint ! [0m [1;33m dim=256, δ=1.01099405, β=67.59 [0m
[1;37m integrate approx hint [0m [0m (conditionning) [0m [3;32m 	 Worthy hint ! [0m [1;33m dim=256, δ=1.01182453, β=54.35 [0m
[1;37m integrate approx hint [0m [0m (conditionning) [0m [3;32m 	 Worthy hint ! [0m [1;33m dim=256, δ=1.00982658, β=88.43 [0m
[1;37m integrate approx hint [0m [0m (conditionning) [0m [3;32m 	 Worthy hint ! [0m [1;33m dim=256, δ=1.00700758, β=166.93 [0m
[1;37m integrate approx hint [0m [0m (conditionning) [0m [3;32m 	 Worthy hint ! [0m [1;33m dim=256, δ=1.01200862, β=50.98 [0m
[1;37m integrate approx hint [0m [0m (conditionning) [0m [3;32m 	 Worthy hint ! [0m [1;33m dim=256, δ=1.00701850, β=166.63 [0m
[1;37m integrate approx hint [0m [0m (conditionning) [0m [3;32m 	 Worthy hint ! [0m [1;33m dim=256, δ=1.01014894, β=82.34 [0m
[1;37m integrate approx hint [0m [0m (conditionning) [0m [3;32m 	 Worthy hint ! [0m [1;33m dim=256, δ=1.00731935, β=154.94 [0m
[1;37m integrate approx hint [0m [0m (conditionning) [0m [3;32m 	 Worthy hint ! [0m [1;33m dim=256, δ=1.01201682, β=50.89 [0m
[1;37m integrate approx hint [0m [0m (conditionning) [0m [3;32m 	 Worthy hint ! [0m [1;33m dim=256, δ=1.01048303, β=76.34 [0m
[1;37m integrate approx hint [0m [0m (conditionning) [0m [3;32m 	 Worthy hint ! [0m [1;33m dim=256, δ=1.01226545, β=46.66 [0m
[1;37m integrate approx hint [0m [0m (conditionning) [0m [3;32m 	 Worthy hint ! [0m [1;33m dim=256, δ=1.00994150, β=85.99 [0m
[1;37m integrate approx hint [0m [0m (conditionning) [0m [3;32m 	 Worthy hint ! [0m [1;33m dim=256, δ=1.01218952, β=47.87 [0m
[1;37m integrate approx hint [0m [0m (conditionning) [0m [3;32m 	 Worthy hint ! [0m [1;33m dim=256, δ=1.01170608, β=56.28 [0m
[1;37m integrate approx hint [0m [0m (conditionning) [0m [3;32m 	 Worthy hint ! [0m [1;33m dim=256, δ=1.01109047, β=65.89 [0m
[1;37m integrate approx hint [0m [0m (conditionning) [0m [3;32m 	 Worthy hint ! [0m [1;33m dim=256, δ=1.01191049, β=52.74 [0m
[1;37m integrate approx hint [0m [0m (conditionning) [0m [3;32m 	 Worthy hint ! [0m [1;33m dim=256, δ=1.00993410, β=86.37 [0m
[1;37m integrate approx hint [0m [0m (conditionning) [0m [3;32m 	 Worthy hint ! [0m [1;33m dim=256, δ=1.01212340, β=49.35 [0m
[1;37m integrate approx hint [0m [0m (conditionning) [0m [3;32m 	 Worthy hint ! [0m [1;33m dim=256, δ=1.00600961, β=215.21 [0m
[1;37m integrate approx hint [0m [0m (conditionning) [0m [3;32m 	 Worthy hint ! [0m [1;33m dim=256, δ=1.00712154, β=162.57 [0m
[1;37m integrate approx hint [0m [0m (conditionning) [0m [3;32m 	 Worthy hint ! [0m [1;33m dim=256, δ=1.00915314, β=102.54 [0m
[1;37m integrate approx hint [0m [0m (conditionning) [0m [3;32m 	 Worthy hint ! [0m [1;33m dim=256, δ=1.00669029, β=180.59 [0m
[1;37m integrate approx hint [0m [0m (conditionning) [0m [3;32m 	 Worthy hint ! [0m [1;33m dim=256, δ=1.01025390, β=80.40 [0m
[1;37m integrate approx hint [0m [0m (conditionning) [0m [3;32m 	 Worthy hint ! [0m [1;33m dim=256, δ=1.00720202, β=159.51 [0m
[1;37m integrate approx hint [0m [0m (conditionning) [0m [3;32m 	 Worthy hint ! [0m [1;33m dim=256, δ=1.01213174, β=49.25 [0m
[1;37m integrate approx hint [0m [0m (conditionning) [0m [3;32m 	 Worthy hint ! [0m [1;33m dim=256, δ=1.00649827, β=189.51 [0m
[1;37m integrate approx hint [0m [0m (conditionning) [0m [3;31m 	 Unworthy hint, Forced it. [0m
[1;37m integrate approx hint [0m [0m (conditionning) [0m [3;32m 	 Worthy hint ! [0m [1;33m dim=256, δ=1.01058508, β=74.50 [0m
[1;37m integrate approx hint [0m [0m (conditionning) [0m [3;32m 	 Worthy hint ! [0m [1;33m dim=256, δ=1.01237892, β=45.03 [0m
[1;37m integrate approx hint [0m [0m (conditionning) [0m [3;32m 	 Worthy hint ! [0m [1;33m dim=256, δ=1.01230347, β=46.24 [0m
[1;37m integrate approx hint [0m [0m (conditionning) [0m [3;32m 	 Worthy hint ! [0m [1;33m dim=256, δ=1.01179360, β=54.68 [0m
[1;37m integrate approx hint [0m [0m (conditionning) [0m [3;32m 	 Worthy hint ! [0m [1;33m dim=256, δ=1.01121180, β=64.21 [0m
[1;37m integrate approx hint [0m [0m (conditionning) [0m [3;32m 	 Worthy hint ! [0m [1;33m dim=256, δ=1.01202644, β=51.13 [0m
[1;37m integrate approx hint [0m [0m (conditionning) [0m [3;32m 	 Worthy hint ! [0m [1;33m dim=256, δ=1.01004079, β=84.35 [0m
[1;37m integrate approx hint [0m [0m (conditionning) [0m [3;32m 	 Worthy hint ! [0m [1;33m dim=256, δ=1.00711067, β=162.87 [0m
[1;37m integrate approx hint [0m [0m (conditionning) [0m [3;32m 	 Worthy hint ! [0m [1;33m dim=256, δ=1.01220382, β=47.71 [0m
[1;37m integrate approx hint [0m [0m (conditionning) [0m [3;32m 	 Worthy hint ! [0m [1;33m dim=256, δ=1.00722356, β=158.64 [0m
[1;37m integrate approx hint [0m [0m (conditionning) [0m [3;32m 	 Worthy hint ! [0m [1;33m dim=256, δ=1.00890837, β=108.30 [0m
[1;37m integrate approx hint [0m [0m (conditionning) [0m [3;32m 	 Worthy hint ! [0m [1;33m dim=256, δ=1.01035791, β=78.49 [0m
[1;37m integrate approx hint [0m [0m (conditionning) [0m [3;32m 	 Worthy hint ! [0m [1;33m dim=256, δ=1.01221230, β=47.62 [0m
[1;37m integrate approx hint [0m [0m (conditionning) [0m [3;32m 	 Worthy hint ! [0m [1;33m dim=256, δ=1.00743116, β=151.22 [0m
[1;37m integrate approx hint [0m [0m (conditionning) [0m [3;32m 	 Worthy hint ! [0m [1;33m dim=256, δ=1.01068604, β=72.69 [0m
[1;37m integrate approx hint [0m [0m (conditionning) [0m [3;32m 	 Worthy hint ! [0m [1;33m dim=256, δ=1.01245921, β=43.39 [0m
[3;32m 	 Worthy hint ! [0m [1;33m dim=256, δ=1.01238372, β=44.60 [0m
[1;37m integrate approx hint [0m [0m (conditionning) [0m [3;32m 	 Worthy hint ! [0m [1;33m dim=256, δ=1.01191022, β=53.08 [0m
[1;37m integrate approx hint [0m [0m (conditionning) [0m [3;32m 	 Worthy hint ! [0m [1;33m dim=256, δ=1.01130612, β=62.55 [0m
[1;37m integrate approx hint [0m [0m (conditionning) [0m [3;32m 	 Worthy hint ! [0m [1;33m dim=256, δ=1.01210926, β=49.51 [0m
[1;37m integrate approx hint [0m [0m (conditionning) [0m [3;32m 	 Worthy hint ! [0m [1;33m dim=256, δ=1.01014661, β=82.37 [0m
[1;37m integrate approx hint [0m [0m (conditionning) [0m [3;32m 	 Worthy hint ! [0m [1;33m dim=256, δ=1.01004790, β=83.97 [0m
[1;37m integrate approx hint [0m [0m (conditionning) [0m [3;32m 	 Worthy hint ! [0m [1;33m dim=256, δ=1.00610477, β=209.65 [0m
[1;37m integrate approx hint [0m [0m (conditionning) [0m [3;32m 	 Worthy hint ! [0m [1;33m dim=256, δ=1.01231783, β=46.08 [0m
[1;37m integrate approx hint [0m [0m (conditionning) [0m [3;32m 	 Worthy hint ! [0m [1;33m dim=256, δ=1.00732449, β=154.81 [0m
[1;37m integrate approx hint [0m [0m (conditionning) [0m [3;31m 	 Unworthy hint, Forced it. [0m
[1;37m integrate approx hint [0m [0m (conditionning) [0m [3;32m 	 Worthy hint ! [0m [1;33m dim=256, δ=1.00679631, β=176.12 [0m
[1;37m integrate approx hint [0m [0m (conditionning) [0m [3;32m 	 Worthy hint ! [0m [1;33m dim=256, δ=1.01046092, β=76.62 [0m
[1;37m integrate approx hint [0m [0m (conditionning) [0m [3;32m 	 Worthy hint ! [0m [1;33m dim=256, δ=1.00730286, β=155.67 [0m
[1;37m integrate approx hint [0m [0m (conditionning) [0m [3;32m 	 Worthy hint ! [0m [1;33m dim=256, δ=1.01229271, β=45.98 [0m
[1;37m integrate approx hint [0m [0m (conditionning) [0m [3;32m 	 Worthy hint ! [0m [1;33m dim=256, δ=1.00659624, β=184.78 [0m
[1;37m integrate approx hint [0m [0m (conditionning) [0m [3;32m 	 Worthy hint ! [0m [1;33m dim=256, δ=1.01078585, β=70.92 [0m
[1;37m integrate approx hint [0m [0m (conditionning) [0m [3;32m 	 Worthy hint ! [0m [1;33m dim=256, δ=1.01246435, β=42.96 [0m
[3;32m 	 Worthy hint ! [0m [1;33m dim=256, δ=1.01199481, β=51.48 [0m
[1;37m integrate approx hint [0m [0m (conditionning) [0m [3;32m 	 Worthy hint ! [0m [1;33m dim=256, δ=1.01139893, β=60.91 [0m
[1;37m integrate approx hint [0m [0m (conditionning) [0m [3;32m 	 Worthy hint ! [0m [1;33m dim=256, δ=1.01025153, β=80.43 [0m
[1;37m integrate approx hint [0m [0m (conditionning) [0m [3;32m 	 Worthy hint ! [0m [1;33m dim=256, δ=1.01218977, β=47.87 [0m
[1;37m integrate approx hint [0m [0m (conditionning) [0m [3;32m 	 Worthy hint ! [0m [1;33m dim=256, δ=1.00551355, β=246.37 [0m
[1;37m integrate approx hint [0m [0m (conditionning) [0m [3;32m 	 Worthy hint ! [0m [1;33m dim=256, δ=1.00721274, β=158.92 [0m
[1;37m integrate approx hint [0m [0m (conditionning) [0m [3;32m 	 Worthy hint ! [0m [1;33m dim=256, δ=1.01239815, β=44.44 [0m
[1;37m integrate approx hint [0m [0m (conditionning) [0m [3;32m 	 Worthy hint ! [0m [1;33m dim=256, δ=1.00743629, β=151.10 [0m
[1;37m integrate approx hint [0m [0m (conditionning) [0m [3;32m 	 Worthy hint ! [0m [1;33m dim=256, δ=1.00926644, β=100.16 [0m
[1;37m integrate approx hint [0m [0m (conditionning) [0m [3;32m 	 Worthy hint ! [0m [1;33m dim=256, δ=1.01056286, β=74.78 [0m
[1;37m integrate approx hint [0m [0m (conditionning) [0m [3;32m 	 Worthy hint ! [0m [1;33m dim=256, δ=1.00753007, β=147.61 [0m
[3;32m 	 Worthy hint ! [0m [1;33m dim=256, δ=1.01240692, β=44.34 [0m
[1;37m integrate approx hint [0m [0m (conditionning) [0m [1;37m integrate approx hint [0m [0m (conditionning) [0m [3;32m 	 Worthy hint ! [0m [1;33m dim=256, δ=1.00900648, β=105.80 [0m
[1;37m integrate approx hint [0m [0m (conditionning) [0m [3;32m 	 Worthy hint ! [0m [1;33m dim=256, δ=1.01090904, β=69.17 [0m
[1;37m integrate approx hint [0m [0m (conditionning) [0m [3;32m 	 Worthy hint ! [0m [1;33m dim=256, δ=1.01207726, β=49.86 [0m
[1;37m integrate approx hint [0m [0m (conditionning) [0m [3;32m 	 Worthy hint ! [0m [1;33m dim=256, δ=1.01015341, β=82.00 [0m
[1;37m integrate approx hint [0m [0m (conditionning) [0m [3;32m 	 Worthy hint ! [0m [1;33m dim=256, δ=1.01151837, β=59.28 [0m
[1;37m integrate approx hint [0m [0m (conditionning) [0m [3;32m 	 Worthy hint ! [0m [1;33m dim=256, δ=1.01230389, β=46.23 [0m
[1;37m integrate approx hint [0m [0m (conditionning) [0m [3;32m 	 Worthy hint ! [0m [1;33m dim=256, δ=1.00620751, β=204.28 [0m
[1;37m integrate approx hint [0m [0m (conditionning) [0m [3;32m 	 Worthy hint ! [0m [1;33m dim=256, δ=1.01247884, β=42.80 [0m
[3;32m 	 Worthy hint ! [0m [1;33m dim=256, δ=1.00753522, β=147.49 [0m
[1;37m integrate approx hint [0m [0m (conditionning) [0m [3;32m 	 Worthy hint ! [0m [1;33m dim=256, δ=1.00689084, β=171.80 [0m
[1;37m integrate approx hint [0m [0m (conditionning) [0m [3;32m 	 Worthy hint ! [0m [1;33m dim=256, δ=1.01066368, β=72.97 [0m
[1;37m integrate approx hint [0m [0m (conditionning) [0m [3;32m 	 Worthy hint ! [0m [1;33m dim=256, δ=1.00740258, β=151.94 [0m
[1;37m integrate approx hint [0m [0m (conditionning) [0m [3;32m 	 Worthy hint ! [0m [1;33m dim=256, δ=1.01248777, β=42.70 [0m
[3;32m 	 Worthy hint ! [0m [1;33m dim=256, δ=1.00670309, β=180.19 [0m
[1;37m integrate approx hint [0m [0m (conditionning) [0m [3;31m 	 Unworthy hint, Forced it. [0m
[1;37m integrate approx hint [0m [0m (conditionning) [0m [3;32m 	 Worthy hint ! [0m [1;33m dim=256, δ=1.01100694, β=67.44 [0m
[1;37m integrate approx hint [0m [0m (conditionning) [0m [3;32m 	 Worthy hint ! [0m [1;33m dim=256, δ=1.01219078, β=48.23 [0m
[3;32m 	 Worthy hint ! [0m [1;33m dim=256, δ=1.00912039, β=103.35 [0m
[1;37m integrate approx hint [0m [0m (conditionning) [0m [1;37m integrate approx hint [0m [0m (conditionning) [0m [3;32m 	 Worthy hint ! [0m [1;33m dim=256, δ=1.01160874, β=57.66 [0m
[1;37m integrate approx hint [0m [0m (conditionning) [0m [3;32m 	 Worthy hint ! [0m [1;33m dim=256, δ=1.01027952, β=80.06 [0m
[1;37m integrate approx hint [0m [0m (conditionning) [0m [3;32m 	 Worthy hint ! [0m [1;33m dim=256, δ=1.01238432, β=44.59 [0m
[1;37m integrate approx hint [0m [0m (conditionning) [0m [3;32m 	 Worthy hint ! [0m [1;33m dim=256, δ=1.00732544, β=155.09 [0m
[1;37m integrate approx hint [0m [0m (conditionning) [0m [3;32m 	 Worthy hint ! [0m [1;33m dim=256, δ=1.00763288, β=143.97 [0m
[1;37m integrate approx hint [0m [0m (conditionning) [0m [3;32m 	 Worthy hint ! [0m [1;33m dim=256, δ=1.01078730, β=71.19 [0m
[1;37m integrate approx hint [0m [0m (conditionning) [0m [3;32m 	 Worthy hint ! [0m [1;33m dim=256, δ=1.00936120, β=97.83 [0m
[1;37m integrate approx hint [0m [0m (conditionning) [0m [3;32m 	 Worthy hint ! [0m [1;33m dim=256, δ=1.00764029, β=144.09 [0m
[1;37m integrate approx hint [0m [0m (conditionning) [0m [3;32m 	 Worthy hint ! [0m [1;33m dim=256, δ=1.01110353, β=65.74 [0m
[1;37m integrate approx hint [0m [0m (conditionning) [0m [3;32m 	 Worthy hint ! [0m [1;33m dim=256, δ=1.01227117, β=46.60 [0m
[1;37m integrate approx hint [0m [0m (conditionning) [0m [3;32m 	 Worthy hint ! [0m [1;33m dim=256, δ=1.00921625, β=100.96 [0m
[1;37m integrate approx hint [0m [0m (conditionning) [0m [3;32m 	 Worthy hint ! [0m [1;33m dim=256, δ=1.01172690, β=56.06 [0m
[1;37m integrate approx hint [0m [0m (conditionning) [0m [3;32m 	 Worthy hint ! [0m [1;33m dim=256, δ=1.01246513, β=42.95 [0m
[3;32m 	 Worthy hint ! [0m [1;33m dim=256, δ=1.00630921, β=199.07 [0m
[1;37m integrate approx hint [0m [0m (conditionning) [0m [3;32m 	 Worthy hint ! [0m [1;33m dim=256, δ=1.00774212, β=140.56 [0m
[1;37m integrate approx hint [0m [0m (conditionning) [0m [3;32m 	 Worthy hint ! [0m [1;33m dim=256, δ=1.00699482, β=167.60 [0m
[1;37m integrate approx hint [0m [0m (conditionning) [0m [3;31m 	 Unworthy hint, Forced it. [0m
[1;37m integrate approx hint [0m [0m (conditionning) [0m [3;32m 	 Worthy hint ! [0m [1;33m dim=256, δ=1.01088637, β=69.43 [0m
[3;32m 	 Worthy hint ! [0m [1;33m dim=256, δ=1.00751334, β=148.31 [0m
[1;37m integrate approx hint [0m [0m (conditionning) [0m [1;37m integrate approx hint [0m [0m (conditionning) [0m [3;32m 	 Worthy hint ! [0m [1;33m dim=256, δ=1.00679872, β=175.74 [0m
[1;37m integrate approx hint [0m [0m (conditionning) [0m [3;32m 	 Worthy hint ! [0m [1;33m dim=256, δ=1.01038362, β=78.16 [0m
[1;37m integrate approx hint [0m [0m (conditionning) [0m [3;32m 	 Worthy hint ! [0m [1;33m dim=256, δ=1.01035550, β=78.52 [0m
[3;32m 	 Worthy hint ! [0m [1;33m dim=256, δ=1.01122503, β=64.06 [0m
[1;37m integrate approx hint [0m [0m (conditionning) [0m [1;37m integrate approx hint [0m [0m (conditionning) [0m [3;32m 	 Worthy hint ! [0m [1;33m dim=256, δ=1.01235124, β=44.96 [0m
[1;37m integrate approx hint [0m [0m (conditionning) [0m [3;32m 	 Worthy hint ! [0m [1;33m dim=256, δ=1.00932860, β=98.62 [0m
[1;37m integrate approx hint [0m [0m (conditionning) [0m [3;32m 	 Worthy hint ! [0m [1;33m dim=256, δ=1.01181458, β=54.45 [0m
[1;37m integrate approx hint [0m [0m (conditionning) [0m [3;32m 	 Worthy hint ! [0m [1;33m dim=256, δ=1.00742558, β=151.36 [0m
[1;37m integrate approx hint [0m [0m (conditionning) [0m [3;32m 	 Worthy hint ! [0m [1;33m dim=256, δ=1.00785060, β=137.24 [0m
[1;37m integrate approx hint [0m [0m (conditionning) [0m [3;32m 	 Worthy hint ! [0m [1;33m dim=256, δ=1.01098419, β=67.71 [0m
[1;37m integrate approx hint [0m [0m (conditionning) [0m [3;32m 	 Worthy hint ! [0m [1;33m dim=256, δ=1.00773695, β=140.68 [0m
[1;37m integrate approx hint [0m [0m (conditionning) [0m [3;32m 	 Worthy hint ! [0m [1;33m dim=256, δ=1.00947289, β=95.56 [0m
[1;37m integrate approx hint [0m [0m (conditionning) [0m [3;32m 	 Worthy hint ! [0m [1;33m dim=256, δ=1.01131953, β=62.40 [0m
[1;37m integrate approx hint [0m [0m (conditionning) [0m [3;32m 	 Worthy hint ! [0m [1;33m dim=256, δ=1.01246477, β=43.33 [0m
[3;32m 	 Worthy hint ! [0m [1;33m dim=256, δ=1.00944030, β=96.34 [0m
[1;37m integrate approx hint [0m [0m (conditionning) [0m [3;32m 	 Worthy hint ! [0m [1;33m dim=256, δ=1.01190033, β=52.85 [0m
[1;37m integrate approx hint [0m [0m (conditionning) [0m [3;31m 	 Unworthy hint, Forced it. [0m
[3;32m 	 Worthy hint ! [0m [1;33m dim=256, δ=1.00640982, β=194.03 [0m
[1;37m integrate approx hint [0m [0m (conditionning) [0m [1;37m integrate approx hint [0m [0m (conditionning) [0m [3;32m 	 Worthy hint ! [0m [1;33m dim=256, δ=1.00795829, β=134.01 [0m
[1;37m integrate approx hint [0m [0m (conditionning) [0m [3;32m 	 Worthy hint ! [0m [1;33m dim=256, δ=1.00709783, β=163.52 [0m
[1;37m integrate approx hint [0m [0m (conditionning) [0m [3;32m 	 Worthy hint ! [0m [1;33m dim=256, δ=1.01048672, β=76.29 [0m
[1;37m integrate approx hint [0m [0m (conditionning) [0m [3;32m 	 Worthy hint ! [0m [1;33m dim=256, δ=1.00761096, β=144.79 [0m
[1;37m integrate approx hint [0m [0m (conditionning) [0m [3;32m 	 Worthy hint ! [0m [1;33m dim=256, δ=1.01110624, β=66.00 [0m
[1;37m integrate approx hint [0m [0m (conditionning) [0m [3;32m 	 Worthy hint ! [0m [1;33m dim=256, δ=1.00690363, β=171.43 [0m
[1;37m integrate approx hint [0m [0m (conditionning) [0m [3;32m 	 Worthy hint ! [0m [1;33m dim=256, δ=1.01141253, β=60.76 [0m
[1;37m integrate approx hint [0m [0m (conditionning) [0m [3;32m 	 Worthy hint ! [0m [1;33m dim=256, δ=1.00955130, β=94.10 [0m
[1;37m integrate approx hint [0m [0m (conditionning) [0m [3;32m 	 Worthy hint ! [0m [1;33m dim=256, δ=1.00560715, β=239.78 [0m
[1;37m integrate approx hint [0m [0m (conditionning) [0m [3;32m 	 Worthy hint ! [0m [1;33m dim=256, δ=1.01201605, β=51.24 [0m
[1;37m integrate approx hint [0m [0m (conditionning) [0m [3;32m 	 Worthy hint ! [0m [1;33m dim=256, δ=1.00752453, β=147.74 [0m
[1;37m integrate approx hint [0m [0m (conditionning) [0m [3;32m 	 Worthy hint ! [0m [1;33m dim=256, δ=1.00805146, β=130.86 [0m
[1;37m integrate approx hint [0m [0m (conditionning) [0m [3;32m 	 Worthy hint ! [0m [1;33m dim=256, δ=1.01120202, β=64.32 [0m
[3;32m 	 Worthy hint ! [0m [1;33m dim=256, δ=1.00784539, β=137.35 [0m
[1;37m integrate approx hint [0m [0m (conditionning) [0m [1;37m integrate approx hint [0m [0m (conditionning) [0m [3;32m 	 Worthy hint ! [0m [1;33m dim=256, δ=1.01045848, β=76.65 [0m
[1;37m integrate approx hint [0m [0m (conditionning) [0m [3;32m 	 Worthy hint ! [0m [1;33m dim=256, δ=1.01153217, β=59.13 [0m
[1;37m integrate approx hint [0m [0m (conditionning) [0m [3;32m 	 Worthy hint ! [0m [1;33m dim=256, δ=1.00964263, β=91.92 [0m
[1;37m integrate approx hint [0m [0m (conditionning) [0m [3;32m 	 Worthy hint ! [0m [1;33m dim=256, δ=1.01209865, β=49.62 [0m
[1;37m integrate approx hint [0m [0m (conditionning) [0m [3;32m 	 Worthy hint ! [0m [1;33m dim=256, δ=1.00650927, β=189.15 [0m
[1;37m integrate approx hint [0m [0m (conditionning) [0m [3;32m 	 Worthy hint ! [0m [1;33m dim=256, δ=1.00815717, β=127.80 [0m
[1;37m integrate approx hint [0m [0m (conditionning) [0m [3;32m 	 Worthy hint ! [0m [1;33m dim=256, δ=1.00719983, β=159.57 [0m
[1;37m integrate approx hint [0m [0m (conditionning) [0m [3;32m 	 Worthy hint ! [0m [1;33m dim=256, δ=1.00772008, β=141.36 [0m
[1;37m integrate approx hint [0m [0m (conditionning) [0m [3;32m 	 Worthy hint ! [0m [1;33m dim=256, δ=1.01129638, β=62.66 [0m
[1;37m integrate approx hint [0m [0m (conditionning) [0m [3;32m 	 Worthy hint ! [0m [1;33m dim=256, δ=1.00700761, β=167.24 [0m
[1;37m integrate approx hint [0m [0m (conditionning) [0m [3;31m 	 Unworthy hint, Forced it. [0m
[1;37m integrate approx hint [0m [0m (conditionning) [0m [3;32m 	 Worthy hint ! [0m [1;33m dim=256, δ=1.00958388, β=93.34 [0m
[1;37m integrate approx hint [0m [0m (conditionning) [0m [3;32m 	 Worthy hint ! [0m [1;33m dim=256, δ=1.01162272, β=57.51 [0m
[1;37m integrate approx hint [0m [0m (conditionning) [0m [3;32m 	 Worthy hint ! [0m [1;33m dim=256, δ=1.01056042, β=74.81 [0m
[1;37m integrate approx hint [0m [0m (conditionning) [0m [3;32m 	 Worthy hint ! [0m [1;33m dim=256, δ=1.00975180, β=89.78 [0m
[1;37m integrate approx hint [0m [0m (conditionning) [0m [3;32m 	 Worthy hint ! [0m [1;33m dim=256, δ=1.01217894, β=47.99 [0m
[1;37m integrate approx hint [0m [0m (conditionning) [0m [3;32m 	 Worthy hint ! [0m [1;33m dim=256, δ=1.00763477, β=144.22 [0m
[1;37m integrate approx hint [0m [0m (conditionning) [0m [3;32m 	 Worthy hint ! [0m [1;33m dim=256, δ=1.00826193, β=124.81 [0m
[1;37m integrate approx hint [0m [0m (conditionning) [0m [3;32m 	 Worthy hint ! [0m [1;33m dim=256, δ=1.01141666, β=61.02 [0m
[1;37m integrate approx hint [0m [0m (conditionning) [0m [3;32m 	 Worthy hint ! [0m [1;33m dim=256, δ=1.00795302, β=134.12 [0m
[1;37m integrate approx hint [0m [0m (conditionning) [0m [3;32m 	 Worthy hint ! [0m [1;33m dim=256, δ=1.01171152, β=55.90 [0m
[1;37m integrate approx hint [0m [0m (conditionning) [0m [3;32m 	 Worthy hint ! [0m [1;33m dim=256, δ=1.01066127, β=72.99 [0m
[1;37m integrate approx hint [0m [0m (conditionning) [0m [3;32m 	 Worthy hint ! [0m [1;33m dim=256, δ=1.01229284, β=46.36 [0m
[1;37m integrate approx hint [0m [0m (conditionning) [0m [3;32m 	 Worthy hint ! [0m [1;33m dim=256, δ=1.01058877, β=74.46 [0m
[1;37m integrate approx hint [0m [0m (conditionning) [0m [3;32m 	 Worthy hint ! [0m [1;33m dim=256, δ=1.00660748, β=184.42 [0m
[1;37m integrate approx hint [0m [0m (conditionning) [0m [3;32m 	 Worthy hint ! [0m [1;33m dim=256, δ=1.00730076, β=155.72 [0m
[1;37m integrate approx hint [0m [0m (conditionning) [0m [3;32m 	 Worthy hint ! [0m [1;33m dim=256, δ=1.00836573, β=121.90 [0m
[1;37m integrate approx hint [0m [0m (conditionning) [0m [3;31m 	 Unworthy hint, Forced it. [0m
[1;37m integrate approx hint [0m [0m (conditionning) [0m [3;32m 	 Worthy hint ! [0m [1;33m dim=256, δ=1.00782838, β=138.02 [0m
[1;37m integrate approx hint [0m [0m (conditionning) [0m [3;32m 	 Worthy hint ! [0m [1;33m dim=256, δ=1.01150873, β=59.39 [0m
[1;37m integrate approx hint [0m [0m (conditionning) [0m [3;32m 	 Worthy hint ! [0m [1;33m dim=256, δ=1.00711062, β=163.17 [0m
[1;37m integrate approx hint [0m [0m (conditionning) [0m [3;32m 	 Worthy hint ! [0m [1;33m dim=256, δ=1.00969416, β=91.16 [0m
[1;37m integrate approx hint [0m [0m (conditionning) [0m [3;32m 	 Worthy hint ! [0m [1;33m dim=256, δ=1.01182897, β=54.30 [0m
[1;37m integrate approx hint [0m [0m (conditionning) [0m [3;32m 	 Worthy hint ! [0m [1;33m dim=256, δ=1.01078493, β=71.21 [0m
[1;37m integrate approx hint [0m [0m (conditionning) [0m [3;32m 	 Worthy hint ! [0m [1;33m dim=256, δ=1.01237303, β=44.72 [0m
[1;37m integrate approx hint [0m [0m (conditionning) [0m [3;32m 	 Worthy hint ! [0m [1;33m dim=256, δ=1.00773152, β=140.80 [0m
[1;37m integrate approx hint [0m [0m (conditionning) [0m [3;32m 	 Worthy hint ! [0m [1;33m dim=256, δ=1.00986020, β=87.68 [0m
[1;37m integrate approx hint [0m [0m (conditionning) [0m [3;32m 	 Worthy hint ! [0m [1;33m dim=256, δ=1.01068973, β=72.65 [0m
[1;37m integrate approx hint [0m [0m (conditionning) [0m [3;32m 	 Worthy hint ! [0m [1;33m dim=256, δ=1.01159912, β=57.77 [0m
[1;37m integrate approx hint [0m [0m (conditionning) [0m [3;32m 	 Worthy hint ! [0m [1;33m dim=256, δ=1.00804613, β=130.97 [0m
[1;37m integrate approx hint [0m [0m (conditionning) [0m [3;32m 	 Worthy hint ! [0m [1;33m dim=256, δ=1.01191494, β=52.69 [0m
[1;37m integrate approx hint [0m [0m (conditionning) [0m [3;31m 	 Unworthy hint, Forced it. [0m
[1;37m integrate approx hint [0m [0m (conditionning) [0m [3;32m 	 Worthy hint ! [0m [1;33m dim=256, δ=1.01088404, β=69.46 [0m
[1;37m integrate approx hint [0m [0m (conditionning) [0m [3;32m 	 Worthy hint ! [0m [1;33m dim=256, δ=1.01248671, β=43.08 [0m
[3;32m 	 Worthy hint ! [0m [1;33m dim=256, δ=1.01078955, β=70.87 [0m
[1;37m integrate approx hint [0m [0m (conditionning) [0m [3;32m 	 Worthy hint ! [0m [1;33m dim=256, δ=1.00980369, β=89.03 [0m
[1;37m integrate approx hint [0m [0m (conditionning) [0m [3;32m 	 Worthy hint ! [0m [1;33m dim=256, δ=1.00792258, β=134.78 [0m
[1;37m integrate approx hint [0m [0m (conditionning) [0m [3;32m 	 Worthy hint ! [0m [1;33m dim=256, δ=1.01171728, β=56.16 [0m
[1;37m integrate approx hint [0m [0m (conditionning) [0m [3;32m 	 Worthy hint ! [0m [1;33m dim=256, δ=1.00721261, β=159.23 [0m
[1;37m integrate approx hint [0m [0m (conditionning) [0m [3;32m 	 Worthy hint ! [0m [1;33m dim=256, δ=1.00570719, β=233.42 [0m
[1;37m integrate approx hint [0m [0m (conditionning) [0m [3;32m 	 Worthy hint ! [0m [1;33m dim=256, δ=1.01203092, β=51.08 [0m
[1;37m integrate approx hint [0m [0m (conditionning) [0m [3;32m 	 Worthy hint ! [0m [1;33m dim=256, δ=1.01098191, β=67.73 [0m
[1;37m integrate approx hint [0m [0m (conditionning) [0m [3;32m 	 Worthy hint ! [0m [1;33m dim=256, δ=1.00670444, β=179.84 [0m
[1;37m integrate approx hint [0m [0m (conditionning) [0m [3;32m 	 Worthy hint ! [0m [1;33m dim=256, δ=1.00784005, β=137.47 [0m
[1;37m integrate approx hint [0m [0m (conditionning) [0m [3;32m 	 Worthy hint ! [0m [1;33m dim=256, δ=1.01091274, β=69.12 [0m
[1;37m integrate approx hint [0m [0m (conditionning) [0m [3;31m 	 Unworthy hint, Forced it. [0m
[1;37m integrate approx hint [0m [0m (conditionning) [0m [3;32m 	 Worthy hint ! [0m [1;33m dim=256, δ=1.00740057, β=151.99 [0m
[3;32m 	 Worthy hint ! [0m [1;33m dim=256, δ=1.00996777, β=85.63 [0m
[1;37m integrate approx hint [0m [0m (conditionning) [0m [1;37m integrate approx hint [0m [0m (conditionning) [0m [3;32m 	 Worthy hint ! [0m [1;33m dim=256, δ=1.01180497, β=54.56 [0m
[1;37m integrate approx hint [0m [0m (conditionning) [0m [3;32m 	 Worthy hint ! [0m [1;33m dim=256, δ=1.00815178, β=127.91 [0m
[1;37m integrate approx hint [0m [0m (conditionning) [0m [3;32m 	 Worthy hint ! [0m [1;33m dim=256, δ=1.01211375, β=49.46 [0m
[1;37m integrate approx hint [0m [0m (conditionning) [0m [3;31m 	 Unworthy hint, Forced it. [0m
[1;37m integrate approx hint [0m [0m (conditionning) [0m [3;32m 	 Worthy hint ! [0m [1;33m dim=256, δ=1.01110405, β=66.03 [0m
[1;37m integrate approx hint [0m [0m (conditionning) [0m [3;32m 	 Worthy hint ! [0m [1;33m dim=256, δ=1.01101072, β=67.40 [0m
[1;37m integrate approx hint [0m [0m (conditionning) [0m [3;32m 	 Worthy hint ! [0m [1;33m dim=256, δ=1.00802901, β=131.62 [0m
[1;37m integrate approx hint [0m [0m (conditionning) [0m [3;32m 	 Worthy hint ! [0m [1;33m dim=256, δ=1.01189074, β=52.96 [0m
[1;37m integrate approx hint [0m [0m (conditionning) [0m [3;32m 	 Worthy hint ! [0m [1;33m dim=256, δ=1.00731351, β=155.39 [0m
[1;37m integrate approx hint [0m [0m (conditionning) [0m [3;32m 	 Worthy hint ! [0m [1;33m dim=256, δ=1.00848351, β=119.07 [0m
[1;37m integrate approx hint [0m [0m (conditionning) [0m [3;32m 	 Worthy hint ! [0m [1;33m dim=256, δ=1.01007449, β=83.62 [0m
[1;37m integrate approx hint [0m [0m (conditionning) [0m [3;32m 	 Worthy hint ! [0m [1;33m dim=256, δ=1.01219425, β=47.82 [0m
[1;37m integrate approx hint [0m [0m (conditionning) [0m [3;32m 	 Worthy hint ! [0m [1;33m dim=256, δ=1.01119992, β=64.35 [0m
[1;37m integrate approx hint [0m [0m (conditionning) [0m [3;32m 	 Worthy hint ! [0m [1;33m dim=256, δ=1.00794779, β=134.23 [0m
[1;37m integrate approx hint [0m [0m (conditionning) [0m [3;32m 	 Worthy hint ! [0m [1;33m dim=256, δ=1.00989247, β=86.95 [0m
[1;37m integrate approx hint [0m [0m (conditionning) [0m [3;32m 	 Worthy hint ! [0m [1;33m dim=256, δ=1.01200648, β=51.35 [0m
[1;37m integrate approx hint [0m [0m (conditionning) [0m [3;32m 	 Worthy hint ! [0m [1;33m dim=256, δ=1.00825652, β=124.92 [0m
[1;37m integrate approx hint [0m [0m (conditionning) [0m [3;32m 	 Worthy hint ! [0m [1;33m dim=256, δ=1.01110740, β=65.70 [0m
[1;37m integrate approx hint [0m [0m (conditionning) [0m [3;32m 	 Worthy hint ! [0m [1;33m dim=256, δ=1.00858563, β=116.31 [0m
[1;37m integrate approx hint [0m [0m (conditionning) [0m [3;32m 	 Worthy hint ! [0m [1;33m dim=256, δ=1.01018030, β=81.64 [0m
[1;37m integrate approx hint [0m [0m (conditionning) [0m [3;32m 	 Worthy hint ! [0m [1;33m dim=256, δ=1.01230833, β=46.18 [0m
[1;37m integrate approx hint [0m [0m (conditionning) [0m [3;32m 	 Worthy hint ! [0m [1;33m dim=256, δ=1.01129437, β=62.68 [0m
[1;37m integrate approx hint [0m [0m (conditionning) [0m [3;32m 	 Worthy hint ! [0m [1;33m dim=256, δ=1.00681050, β=175.39 [0m
[1;37m integrate approx hint [0m [0m (conditionning) [0m [3;31m 	 Unworthy hint, Forced it. [0m
[1;37m integrate approx hint [0m [0m (conditionning) [0m [3;32m 	 Worthy hint ! [0m [1;33m dim=256, δ=1.00751139, β=148.36 [0m
[1;37m integrate approx hint [0m [0m (conditionning) [0m [3;32m 	 Worthy hint ! [0m [1;33m dim=256, δ=1.00813456, β=128.55 [0m
[1;37m integrate approx hint [0m [0m (conditionning) [0m [3;32m 	 Worthy hint ! [0m [1;33m dim=256, δ=1.01208908, β=49.73 [0m
[1;37m integrate approx hint [0m [0m (conditionning) [0m [3;32m 	 Worthy hint ! [0m [1;33m dim=256, δ=1.00741326, β=151.67 [0m
[3;31m 	 Unworthy hint, Forced it. [0m
[1;37m integrate approx hint [0m [0m (conditionning) [0m [1;37m integrate approx hint [0m [0m (conditionning) [0m [3;32m 	 Worthy hint ! [0m [1;33m dim=256, δ=1.00868664, β=113.61 [0m
[1;37m integrate approx hint [0m [0m (conditionning) [0m [3;32m 	 Worthy hint ! [0m [1;33m dim=256, δ=1.01028519, β=79.71 [0m
[1;37m integrate approx hint [0m [0m (conditionning) [0m [3;32m 	 Worthy hint ! [0m [1;33m dim=256, δ=1.01141474, β=61.04 [0m
[1;37m integrate approx hint [0m [0m (conditionning) [0m [3;32m 	 Worthy hint ! [0m [1;33m dim=256, δ=1.00805471, β=131.08 [0m
[1;37m integrate approx hint [0m [0m (conditionning) [0m [3;32m 	 Worthy hint ! [0m [1;33m dim=256, δ=1.00580606, β=227.27 [0m
[1;37m integrate approx hint [0m [0m (conditionning) [0m [3;32m 	 Worthy hint ! [0m [1;33m dim=256, δ=1.01220274, β=48.10 [0m
[1;37m integrate approx hint [0m [0m (conditionning) [0m [3;32m 	 Worthy hint ! [0m [1;33m dim=256, δ=1.00837494, β=122.01 [0m
[1;37m integrate approx hint [0m [0m (conditionning) [0m [3;32m 	 Worthy hint ! [0m [1;33m dim=256, δ=1.01122898, β=64.02 [0m
[1;37m integrate approx hint [0m [0m (conditionning) [0m [3;32m 	 Worthy hint ! [0m [1;33m dim=256, δ=1.00878651, β=110.98 [0m
[1;37m integrate approx hint [0m [0m (conditionning) [0m [3;32m 	 Worthy hint ! [0m [1;33m dim=256, δ=1.01038910, β=77.81 [0m
[1;37m integrate approx hint [0m [0m (conditionning) [0m [3;32m 	 Worthy hint ! [0m [1;33m dim=256, δ=1.00999998, β=84.91 [0m
[1;37m integrate approx hint [0m [0m (conditionning) [0m [3;32m 	 Worthy hint ! [0m [1;33m dim=256, δ=1.01150689, β=59.41 [0m
[1;37m integrate approx hint [0m [0m (conditionning) [0m [3;31m 	 Unworthy hint, Forced it. [0m
[1;37m integrate approx hint [0m [0m (conditionning) [0m [3;32m 	 Worthy hint ! [0m [1;33m dim=256, δ=1.00823922, β=125.55 [0m
[1;37m integrate approx hint [0m [0m (conditionning) [0m [3;32m 	 Worthy hint ! [0m [1;33m dim=256, δ=1.01228327, β=46.46 [0m
[1;37m integrate approx hint [0m [0m (conditionning) [0m [3;32m 	 Worthy hint ! [0m [1;33m dim=256, δ=1.00752406, β=148.05 [0m
[1;37m integrate approx hint [0m [0m (conditionning) [0m [3;32m 	 Worthy hint ! [0m [1;33m dim=256, δ=1.01049199, β=75.94 [0m
[1;37m integrate approx hint [0m [0m (conditionning) [0m [3;32m 	 Worthy hint ! [0m [1;33m dim=256, δ=1.00890157, β=108.42 [0m
[1;37m integrate approx hint [0m [0m (conditionning) [0m [3;32m 	 Worthy hint ! [0m [1;33m dim=256, δ=1.00691568, β=171.08 [0m
[1;37m integrate approx hint [0m [0m (conditionning) [0m [3;32m 	 Worthy hint ! [0m [1;33m dim=256, δ=1.01159740, β=57.79 [0m
[1;37m integrate approx hint [0m [0m (conditionning) [0m [3;32m 	 Worthy hint ! [0m [1;33m dim=256, δ=1.00816076, β=128.01 [0m
[1;37m integrate approx hint [0m [0m (conditionning) [0m [3;32m 	 Worthy hint ! [0m [1;33m dim=256, δ=1.00760907, β=144.83 [0m
[1;37m integrate approx hint [0m [0m (conditionning) [0m [3;32m 	 Worthy hint ! [0m [1;33m dim=256, δ=1.01238873, β=44.55 [0m
[1;37m integrate approx hint [0m [0m (conditionning) [0m [3;32m 	 Worthy hint ! [0m [1;33m dim=256, δ=1.01132356, β=62.36 [0m
[1;37m integrate approx hint [0m [0m (conditionning) [0m [3;32m 	 Worthy hint ! [0m [1;33m dim=256, δ=1.00847807, β=119.17 [0m
[3;32m 	 Worthy hint ! [0m [1;33m dim=256, δ=1.01236347, β=44.83 [0m
[1;37m integrate approx hint [0m [0m (conditionning) [0m [1;37m integrate approx hint [0m [0m (conditionning) [0m [3;31m 	 Unworthy hint, Forced it. [0m
[1;37m integrate approx hint [0m [0m (conditionning) [0m [3;32m 	 Worthy hint ! [0m [1;33m dim=256, δ=1.01061692, β=74.11 [0m
[1;37m integrate approx hint [0m [0m (conditionning) [0m [3;32m 	 Worthy hint ! [0m [1;33m dim=256, δ=1.00899942, β=105.91 [0m
[1;37m integrate approx hint [0m [0m (conditionning) [0m [3;32m 	 Worthy hint ! [0m [1;33m dim=256, δ=1.01171571, β=56.18 [0m
[1;37m integrate approx hint [0m [0m (conditionning) [0m [3;32m 	 Worthy hint ! [0m [1;33m dim=256, δ=1.00834294, β=122.64 [0m
[1;37m integrate approx hint [0m [0m (conditionning) [0m [3;32m 	 Worthy hint ! [0m [1;33m dim=256, δ=1.01247717, β=43.19 [0m
[3;32m 	 Worthy hint ! [0m [1;33m dim=256, δ=1.01141663, β=60.71 [0m
[1;37m integrate approx hint [0m [0m (conditionning) [0m [3;32m 	 Worthy hint ! [0m [1;33m dim=256, δ=1.00762173, β=144.53 [0m
[1;37m integrate approx hint [0m [0m (conditionning) [0m [3;32m 	 Worthy hint ! [0m [1;33m dim=256, δ=1.01010662, β=82.90 [0m
[1;37m integrate approx hint [0m [0m (conditionning) [0m [3;32m 	 Worthy hint ! [0m [1;33m dim=256, δ=1.01071819, β=72.30 [0m
[1;37m integrate approx hint [0m [0m (conditionning) [0m [3;32m 	 Worthy hint ! [0m [1;33m dim=256, δ=1.00911307, β=103.47 [0m
[1;37m integrate approx hint [0m [0m (conditionning) [0m [3;32m 	 Worthy hint ! [0m [1;33m dim=256, δ=1.01180356, β=54.57 [0m
[1;37m integrate approx hint [0m [0m (conditionning) [0m [3;32m 	 Worthy hint ! [0m [1;33m dim=256, δ=1.00826591, β=125.02 [0m
[1;37m integrate approx hint [0m [0m (conditionning) [0m [3;31m 	 Unworthy hint, Forced it. [0m
[1;37m integrate approx hint [0m [0m (conditionning) [0m [3;32m 	 Worthy hint ! [0m [1;33m dim=256, δ=1.00858017, β=116.41 [0m
[1;37m integrate approx hint [0m [0m (conditionning) [0m [3;32m 	 Worthy hint ! [0m [1;33m dim=256, δ=1.01153634, β=59.08 [0m
[1;37m integrate approx hint [0m [0m (conditionning) [0m [3;32m 	 Worthy hint ! [0m [1;33m dim=256, δ=1.01081832, β=70.53 [0m
[1;37m integrate approx hint [0m [0m (conditionning) [0m [3;32m 	 Worthy hint ! [0m [1;33m dim=256, δ=1.00700903, β=166.89 [0m
[1;37m integrate approx hint [0m [0m (conditionning) [0m [3;32m 	 Worthy hint ! [0m [1;33m dim=256, δ=1.01021235, β=80.94 [0m
[1;37m integrate approx hint [0m [0m (conditionning) [0m [3;32m 	 Worthy hint ! [0m [1;33m dim=256, δ=1.01188949, β=52.97 [0m
[1;37m integrate approx hint [0m [0m (conditionning) [0m [3;32m 	 Worthy hint ! [0m [1;33m dim=256, δ=1.00771825, β=141.40 [0m
[1;37m integrate approx hint [0m [0m (conditionning) [0m [3;32m 	 Worthy hint ! [0m [1;33m dim=256, δ=1.00590371, β=221.32 [0m
[1;37m integrate approx hint [0m [0m (conditionning) [0m [3;32m 	 Worthy hint ! [0m [1;33m dim=256, δ=1.00844568, β=119.79 [0m
[1;37m integrate approx hint [0m [0m (conditionning) [0m [3;32m 	 Worthy hint ! [0m [1;33m dim=256, δ=1.00773090, β=141.11 [0m
[1;37m integrate approx hint [0m [0m (conditionning) [0m [3;31m 	 Unworthy hint, Forced it. [0m
[1;37m integrate approx hint [0m [0m (conditionning) [0m [3;32m 	 Worthy hint ! [0m [1;33m dim=256, δ=1.01091723, β=68.78 [0m
[1;37m integrate approx hint [0m [0m (conditionning) [0m [3;32m 	 Worthy hint ! [0m [1;33m dim=256, δ=1.01162698, β=57.46 [0m
[1;37m integrate approx hint [0m [0m (conditionning) [0m [3;32m 	 Worthy hint ! [0m [1;33m dim=256, δ=1.01033892, β=79.01 [0m
[1;37m integrate approx hint [0m [0m (conditionning) [0m [3;32m 	 Worthy hint ! [0m [1;33m dim=256, δ=1.01200542, β=51.36 [0m
[1;37m integrate approx hint [0m [0m (conditionning) [0m [3;32m 	 Worthy hint ! [0m [1;33m dim=256, δ=1.00837012, β=122.10 [0m
[1;37m integrate approx hint [0m [0m (conditionning) [0m [3;32m 	 Worthy hint ! [0m [1;33m dim=256, δ=1.01246950, β=42.91 [0m
[3;31m 	 Unworthy hint, Forced it. [0m
[1;37m integrate approx hint [0m [0m (conditionning) [0m [3;32m 	 Worthy hint ! [0m [1;33m dim=256, δ=1.00868118, β=113.71 [0m
[1;37m integrate approx hint [0m [0m (conditionning) [0m [3;32m 	 Worthy hint ! [0m [1;33m dim=256, δ=1.01104008, β=67.06 [0m
[1;37m integrate approx hint [0m [0m (conditionning) [0m [3;32m 	 Worthy hint ! [0m [1;33m dim=256, δ=1.00922612, β=101.08 [0m
[1;37m integrate approx hint [0m [0m (conditionning) [0m [3;32m 	 Worthy hint ! [0m [1;33m dim=256, δ=1.01044322, β=77.12 [0m
[1;37m integrate approx hint [0m [0m (conditionning) [0m [3;32m 	 Worthy hint ! [0m [1;33m dim=256, δ=1.01208819, β=49.74 [0m
[1;37m integrate approx hint [0m [0m (conditionning) [0m [3;32m 	 Worthy hint ! [0m [1;33m dim=256, δ=1.00856260, β=117.02 [0m
[1;37m integrate approx hint [0m [0m (conditionning) [0m [3;32m 	 Worthy hint ! [0m [1;33m dim=256, δ=1.00782628, β=137.78 [0m
[1;37m integrate approx hint [0m [0m (conditionning) [0m [3;32m 	 Worthy hint ! [0m [1;33m dim=256, δ=1.00711206, β=162.83 [0m
[1;37m integrate approx hint [0m [0m (conditionning) [0m [3;32m 	 Worthy hint ! [0m [1;33m dim=256, δ=1.01113704, β=65.36 [0m
[1;37m integrate approx hint [0m [0m (conditionning) [0m [3;32m 	 Worthy hint ! [0m [1;33m dim=256, δ=1.01171588, β=55.85 [0m
[1;37m integrate approx hint [0m [0m (conditionning) [0m [3;32m 	 Worthy hint ! [0m [1;33m dim=256, δ=1.01220201, β=48.10 [0m
[1;37m integrate approx hint [0m [0m (conditionning) [0m [3;32m 	 Worthy hint ! [0m [1;33m dim=256, δ=1.00847334, β=119.26 [0m
[1;37m integrate approx hint [0m [0m (conditionning) [0m [3;32m 	 Worthy hint ! [0m [1;33m dim=256, δ=1.00782669, β=138.06 [0m
[1;37m integrate approx hint [0m [0m (conditionning) [0m [3;32m 	 Worthy hint ! [0m [1;33m dim=256, δ=1.00879703, β=111.08 [0m
[1;37m integrate approx hint [0m [0m (conditionning) [0m [3;31m 	 Unworthy hint, Forced it. [0m
[1;37m integrate approx hint [0m [0m (conditionning) [0m [3;32m 	 Worthy hint ! [0m [1;33m dim=256, δ=1.01054650, β=75.26 [0m
[1;37m integrate approx hint [0m [0m (conditionning) [0m [3;32m 	 Worthy hint ! [0m [1;33m dim=256, δ=1.01123261, β=63.68 [0m
[1;37m integrate approx hint [0m [0m (conditionning) [0m [3;32m 	 Worthy hint ! [0m [1;33m dim=256, δ=1.01228271, β=46.47 [0m
[1;37m integrate approx hint [0m [0m (conditionning) [0m [3;32m 	 Worthy hint ! [0m [1;33m dim=256, δ=1.00932081, β=98.74 [0m
[1;37m integrate approx hint [0m [0m (conditionning) [0m [3;32m 	 Worthy hint ! [0m [1;33m dim=256, δ=1.00866359, β=114.31 [0m
[1;37m integrate approx hint [0m [0m (conditionning) [0m [3;31m 	 Unworthy hint, Forced it. [0m
[1;37m integrate approx hint [0m [0m (conditionning) [0m [3;32m 	 Worthy hint ! [0m [1;33m dim=256, δ=1.00793363, β=134.54 [0m
[1;37m integrate approx hint [0m [0m (conditionning) [0m [3;32m 	 Worthy hint ! [0m [1;33m dim=256, δ=1.01135375, β=62.02 [0m
[1;37m integrate approx hint [0m [0m (conditionning) [0m [3;32m 	 Worthy hint ! [0m [1;33m dim=256, δ=1.00857553, β=116.50 [0m
[1;37m integrate approx hint [0m [0m (conditionning) [0m [3;32m 	 Worthy hint ! [0m [1;33m dim=256, δ=1.00600007, β=215.57 [0m
[1;37m integrate approx hint [0m [0m (conditionning) [0m [3;32m 	 Worthy hint ! [0m [1;33m dim=256, δ=1.01236307, β=44.83 [0m
[1;37m integrate approx hint [0m [0m (conditionning) [0m [3;32m 	 Worthy hint ! [0m [1;33m dim=256, δ=1.01064871, β=73.43 [0m
[1;37m integrate approx hint [0m [0m (conditionning) [0m [3;32m 	 Worthy hint ! [0m [1;33m dim=256, δ=1.00889613, β=108.51 [0m
[1;37m integrate approx hint [0m [0m (conditionning) [0m [3;32m 	 Worthy hint ! [0m [1;33m dim=256, δ=1.00721406, β=158.89 [0m
[1;37m integrate approx hint [0m [0m (conditionning) [0m [3;32m 	 Worthy hint ! [0m [1;33m dim=256, δ=1.01144709, β=60.37 [0m
[1;37m integrate approx hint [0m [0m (conditionning) [0m [3;32m 	 Worthy hint ! [0m [1;33m dim=256, δ=1.00792103, β=134.82 [0m
[1;37m integrate approx hint [0m [0m (conditionning) [0m [3;32m 	 Worthy hint ! [0m [1;33m dim=256, δ=1.01183343, β=54.25 [0m
[1;37m integrate approx hint [0m [0m (conditionning) [0m [3;32m 	 Worthy hint ! [0m [1;33m dim=256, δ=1.01247693, β=43.19 [0m
[3;31m 	 Unworthy hint, Forced it. [0m
[1;37m integrate approx hint [0m [0m (conditionning) [0m [3;32m 	 Worthy hint ! [0m [1;33m dim=256, δ=1.00876347, β=111.67 [0m
[1;37m integrate approx hint [0m [0m (conditionning) [0m [3;32m 	 Worthy hint ! [0m [1;33m dim=256, δ=1.00804017, β=131.39 [0m
[1;37m integrate approx hint [0m [0m (conditionning) [0m [3;31m 	 Unworthy hint, Forced it. [0m
[1;37m integrate approx hint [0m [0m (conditionning) [0m [3;32m 	 Worthy hint ! [0m [1;33m dim=256, δ=1.00943228, β=96.46 [0m
[1;37m integrate approx hint [0m [0m (conditionning) [0m [3;32m 	 Worthy hint ! [0m [1;33m dim=256, δ=1.01153885, β=58.74 [0m
[1;37m integrate approx hint [0m [0m (conditionning) [0m [3;32m 	 Worthy hint ! [0m [1;33m dim=256, δ=1.00867665, β=113.79 [0m
[1;37m integrate approx hint [0m [0m (conditionning) [0m [3;32m 	 Worthy hint ! [0m [1;33m dim=256, δ=1.01074981, β=71.64 [0m
[1;37m integrate approx hint [0m [0m (conditionning) [0m [3;32m 	 Worthy hint ! [0m [1;33m dim=256, δ=1.00901064, β=106.01 [0m
[1;37m integrate approx hint [0m [0m (conditionning) [0m [3;32m 	 Worthy hint ! [0m [1;33m dim=256, δ=1.01165801, β=57.12 [0m
[1;37m integrate approx hint [0m [0m (conditionning) [0m [3;32m 	 Worthy hint ! [0m [1;33m dim=256, δ=1.00954306, β=94.23 [0m
[1;37m integrate approx hint [0m [0m (conditionning) [0m [3;32m 	 Worthy hint ! [0m [1;33m dim=256, δ=1.00814584, β=128.32 [0m
[1;37m integrate approx hint [0m [0m (conditionning) [0m [3;32m 	 Worthy hint ! [0m [1;33m dim=256, δ=1.00887841, β=109.10 [0m
[1;37m integrate approx hint [0m [0m (conditionning) [0m [3;32m 	 Worthy hint ! [0m [1;33m dim=256, δ=1.00732668, β=155.06 [0m
[1;37m integrate approx hint [0m [0m (conditionning) [0m [3;32m 	 Worthy hint ! [0m [1;33m dim=256, δ=1.01084973, β=69.87 [0m
[1;37m integrate approx hint [0m [0m (conditionning) [0m [3;32m 	 Worthy hint ! [0m [1;33m dim=256, δ=1.01174717, β=55.51 [0m
[1;37m integrate approx hint [0m [0m (conditionning) [0m [3;32m 	 Worthy hint ! [0m [1;33m dim=256, δ=1.00802760, β=131.65 [0m
[1;37m integrate approx hint [0m [0m (conditionning) [0m [3;32m 	 Worthy hint ! [0m [1;33m dim=256, δ=1.00879260, β=111.16 [0m
[1;37m integrate approx hint [0m [0m (conditionning) [0m [3;32m 	 Worthy hint ! [0m [1;33m dim=256, δ=1.01191950, β=52.64 [0m
[1;37m integrate approx hint [0m [0m (conditionning) [0m [3;31m 	 Unworthy hint, Forced it. [0m
[1;37m integrate approx hint [0m [0m (conditionning) [0m [3;31m 	 Unworthy hint, Forced it. [0m
[1;37m integrate approx hint [0m [0m (conditionning) [0m [3;32m 	 Worthy hint ! [0m [1;33m dim=256, δ=1.00910761, β=103.56 [0m
[1;37m integrate approx hint [0m [0m (conditionning) [0m [3;32m 	 Worthy hint ! [0m [1;33m dim=256, δ=1.01183447, β=53.91 [0m
[1;37m integrate approx hint [0m [0m (conditionning) [0m [3;32m 	 Worthy hint ! [0m [1;33m dim=256, δ=1.00610384, β=210.01 [0m
[1;37m integrate approx hint [0m [0m (conditionning) [0m [3;32m 	 Worthy hint ! [0m [1;33m dim=256, δ=1.00965311, β=92.04 [0m
[1;37m integrate approx hint [0m [0m (conditionning) [0m [3;32m 	 Worthy hint ! [0m [1;33m dim=256, δ=1.01203558, β=51.03 [0m
[1;37m integrate approx hint [0m [0m (conditionning) [0m [3;32m 	 Worthy hint ! [0m [1;33m dim=256, δ=1.00825061, β=125.33 [0m
[1;37m integrate approx hint [0m [0m (conditionning) [0m [3;32m 	 Worthy hint ! [0m [1;33m dim=256, δ=1.00897630, β=106.59 [0m
[1;37m integrate approx hint [0m [0m (conditionning) [0m [3;32m 	 Worthy hint ! [0m [1;33m dim=256, δ=1.01097332, β=68.12 [0m
[1;37m integrate approx hint [0m [0m (conditionning) [0m [3;32m 	 Worthy hint ! [0m [1;33m dim=256, δ=1.01195131, β=52.30 [0m
[1;37m integrate approx hint [0m [0m (conditionning) [0m [3;31m 	 Unworthy hint, Forced it. [0m
[1;37m integrate approx hint [0m [0m (conditionning) [0m [3;32m 	 Worthy hint ! [0m [1;33m dim=256, δ=1.01211852, β=49.40 [0m
[1;37m integrate approx hint [0m [0m (conditionning) [0m [3;32m 	 Worthy hint ! [0m [1;33m dim=256, δ=1.00889180, β=108.59 [0m
[1;37m integrate approx hint [0m [0m (conditionning) [0m [3;32m 	 Worthy hint ! [0m [1;33m dim=256, δ=1.00974304, β=89.90 [0m
[1;37m integrate approx hint [0m [0m (conditionning) [0m [3;32m 	 Worthy hint ! [0m [1;33m dim=256, δ=1.00922062, β=101.17 [0m
[1;37m integrate approx hint [0m [0m (conditionning) [0m [3;32m 	 Worthy hint ! [0m [1;33m dim=256, δ=1.00742676, β=151.33 [0m
[1;37m integrate approx hint [0m [0m (conditionning) [0m [3;32m 	 Worthy hint ! [0m [1;33m dim=256, δ=1.00813331, β=128.58 [0m
[1;37m integrate approx hint [0m [0m (conditionning) [0m [3;32m 	 Worthy hint ! [0m [1;33m dim=256, δ=1.01203559, β=50.68 [0m
[1;37m integrate approx hint [0m [0m (conditionning) [0m [3;32m 	 Worthy hint ! [0m [1;33m dim=256, δ=1.01219915, β=47.77 [0m
[1;37m integrate approx hint [0m [0m (conditionning) [0m [3;32m 	 Worthy hint ! [0m [1;33m dim=256, δ=1.01107136, β=66.41 [0m
[1;37m integrate approx hint [0m [0m (conditionning) [0m [3;32m 	 Worthy hint ! [0m [1;33m dim=256, δ=1.00835443, β=122.41 [0m
[1;37m integrate approx hint [0m [0m (conditionning) [0m [3;31m 	 Unworthy hint, Forced it. [0m
[1;37m integrate approx hint [0m [0m (conditionning) [0m [3;32m 	 Worthy hint ! [0m [1;33m dim=256, δ=1.00908985, β=104.13 [0m
[1;37m integrate approx hint [0m [0m (conditionning) [0m [3;32m 	 Worthy hint ! [0m [1;33m dim=256, δ=1.00985118, β=87.81 [0m
[1;37m integrate approx hint [0m [0m (conditionning) [0m [3;32m 	 Worthy hint ! [0m [1;33m dim=256, δ=1.01215085, β=49.04 [0m
[1;37m integrate approx hint [0m [0m (conditionning) [0m [3;32m 	 Worthy hint ! [0m [1;33m dim=256, δ=1.00900639, β=106.08 [0m
[1;37m integrate approx hint [0m [0m (conditionning) [0m [3;32m 	 Worthy hint ! [0m [1;33m dim=256, δ=1.01231338, β=46.13 [0m
[1;37m integrate approx hint [0m [0m (conditionning) [0m [3;32m 	 Worthy hint ! [0m [1;33m dim=256, δ=1.00931527, β=98.83 [0m
[1;37m integrate approx hint [0m [0m (conditionning) [0m [3;32m 	 Worthy hint ! [0m [1;33m dim=256, δ=1.00995850, β=85.76 [0m
[1;37m integrate approx hint [0m [0m (conditionning) [0m [3;32m 	 Worthy hint ! [0m [1;33m dim=256, δ=1.01116805, β=64.71 [0m
[1;37m integrate approx hint [0m [0m (conditionning) [0m [3;32m 	 Worthy hint ! [0m [1;33m dim=256, δ=1.01223175, β=47.41 [0m
[1;37m integrate approx hint [0m [0m (conditionning) [0m [3;31m 	 Unworthy hint, Forced it. [0m
[1;37m integrate approx hint [0m [0m (conditionning) [0m [3;32m 	 Worthy hint ! [0m [1;33m dim=256, δ=1.01239393, β=44.49 [0m
[1;37m integrate approx hint [0m [0m (conditionning) [0m [3;32m 	 Worthy hint ! [0m [1;33m dim=256, δ=1.00845727, β=119.57 [0m
[1;37m integrate approx hint [0m [0m (conditionning) [0m [3;32m 	 Worthy hint ! [0m [1;33m dim=256, δ=1.00918555, β=101.73 [0m
[1;37m integrate approx hint [0m [0m (conditionning) [0m [3;32m 	 Worthy hint ! [0m [1;33m dim=256, δ=1.00752562, β=147.72 [0m
[1;37m integrate approx hint [0m [0m (conditionning) [0m [3;32m 	 Worthy hint ! [0m [1;33m dim=256, δ=1.00619765, β=204.63 [0m
[1;37m integrate approx hint [0m [0m (conditionning) [0m [3;32m 	 Worthy hint ! [0m [1;33m dim=256, δ=1.00823810, β=125.58 [0m
[1;37m integrate approx hint [0m [0m (conditionning) [0m [3;32m 	 Worthy hint ! [0m [1;33m dim=256, δ=1.01006496, β=83.74 [0m
[1;37m integrate approx hint [0m [0m (conditionning) [0m [3;32m 	 Worthy hint ! [0m [1;33m dim=256, δ=1.01231251, β=45.76 [0m
[1;37m integrate approx hint [0m [0m (conditionning) [0m [3;32m 	 Worthy hint ! [0m [1;33m dim=256, δ=1.00910345, β=103.63 [0m
[1;37m integrate approx hint [0m [0m (conditionning) [0m [3;32m 	 Worthy hint ! [0m [1;33m dim=256, δ=1.01247484, β=42.85 [0m
[3;31m 	 Unworthy hint, Forced it. [0m
[1;37m integrate approx hint [0m [0m (conditionning) [0m [3;31m 	 Unworthy hint, Forced it. [0m
[3;32m 	 Worthy hint ! [0m [1;33m dim=256, δ=1.00942667, β=96.55 [0m
[1;37m integrate approx hint [0m [0m (conditionning) [0m [1;37m integrate approx hint [0m [0m (conditionning) [0m [3;32m 	 Worthy hint ! [0m [1;33m dim=256, δ=1.01017052, β=81.77 [0m
[1;37m integrate approx hint [0m [0m (conditionning) [0m [3;32m 	 Worthy hint ! [0m [1;33m dim=256, δ=1.01242706, β=44.12 [0m
[1;37m integrate approx hint [0m [0m (conditionning) [0m [3;32m 	 Worthy hint ! [0m [1;33m dim=256, δ=1.00855909, β=116.80 [0m
[1;37m integrate approx hint [0m [0m (conditionning) [0m [3;32m 	 Worthy hint ! [0m [1;33m dim=256, δ=1.01128998, β=63.03 [0m
[1;37m integrate approx hint [0m [0m (conditionning) [0m [3;32m 	 Worthy hint ! [0m [1;33m dim=256, δ=1.00929760, β=99.39 [0m
[1;37m integrate approx hint [0m [0m (conditionning) [0m [3;32m 	 Worthy hint ! [0m [1;33m dim=256, δ=1.01027514, β=79.84 [0m
[1;37m integrate approx hint [0m [0m (conditionning) [0m [3;32m 	 Worthy hint ! [0m [1;33m dim=256, δ=1.01250816, β=42.48 [0m
[3;32m 	 Worthy hint ! [0m [1;33m dim=256, δ=1.00921656, β=101.23 [0m
[1;37m integrate approx hint [0m [0m (conditionning) [0m [3;32m 	 Worthy hint ! [0m [1;33m dim=256, δ=1.00763578, β=144.20 [0m
[1;37m integrate approx hint [0m [0m (conditionning) [0m [3;32m 	 Worthy hint ! [0m [1;33m dim=256, δ=1.00953740, β=94.31 [0m
[1;37m integrate approx hint [0m [0m (conditionning) [0m [3;32m 	 Worthy hint ! [0m [1;33m dim=256, δ=1.00834194, β=122.66 [0m
[1;37m integrate approx hint [0m [0m (conditionning) [0m [3;32m 	 Worthy hint ! [0m [1;33m dim=256, δ=1.01037880, β=77.94 [0m
[1;37m integrate approx hint [0m [0m (conditionning) [0m [3;32m 	 Worthy hint ! [0m [1;33m dim=256, δ=1.01138452, β=61.37 [0m
[1;37m integrate approx hint [0m [0m (conditionning) [0m [3;32m 	 Worthy hint ! [0m [1;33m dim=256, δ=1.00867540, β=114.10 [0m
[1;37m integrate approx hint [0m [0m (conditionning) [0m [3;31m 	 Unworthy hint, Forced it. [0m
[1;37m integrate approx hint [0m [0m (conditionning) [0m [3;32m 	 Worthy hint ! [0m [1;33m dim=256, δ=1.00940895, β=97.09 [0m
[1;37m integrate approx hint [0m [0m (conditionning) [0m [3;32m 	 Worthy hint ! [0m [1;33m dim=256, δ=1.01050399, β=76.07 [0m
[1;37m integrate approx hint [0m [0m (conditionning) [0m [3;32m 	 Worthy hint ! [0m [1;33m dim=256, δ=1.01147751, β=59.73 [0m
[1;37m integrate approx hint [0m [0m (conditionning) [0m [3;31m 	 Unworthy hint, Forced it. [0m
[1;37m integrate approx hint [0m [0m (conditionning) [0m [3;32m 	 Worthy hint ! [0m [1;33m dim=256, δ=1.00931128, β=98.89 [0m
[1;37m integrate approx hint [0m [0m (conditionning) [0m [3;32m 	 Worthy hint ! [0m [1;33m dim=256, δ=1.00964741, β=92.12 [0m
[1;37m integrate approx hint [0m [0m (conditionning) [0m [3;32m 	 Worthy hint ! [0m [1;33m dim=256, δ=1.00629919, β=199.42 [0m
[1;37m integrate approx hint [0m [0m (conditionning) [0m [3;32m 	 Worthy hint ! [0m [1;33m dim=256, δ=1.01060611, β=74.24 [0m
[1;37m integrate approx hint [0m [0m (conditionning) [0m [3;32m 	 Worthy hint ! [0m [1;33m dim=256, δ=1.01159752, β=58.10 [0m
[1;37m integrate approx hint [0m [0m (conditionning) [0m [3;32m 	 Worthy hint ! [0m [1;33m dim=256, δ=1.00877537, β=111.46 [0m
[1;37m integrate approx hint [0m [0m (conditionning) [0m [3;32m 	 Worthy hint ! [0m [1;33m dim=256, δ=1.00950121, β=94.85 [0m
[1;37m integrate approx hint [0m [0m (conditionning) [0m [3;32m 	 Worthy hint ! [0m [1;33m dim=256, δ=1.00773244, β=140.78 [0m
[1;37m integrate approx hint [0m [0m (conditionning) [0m [3;31m 	 Unworthy hint, Forced it. [0m
[1;37m integrate approx hint [0m [0m (conditionning) [0m [3;32m 	 Worthy hint ! [0m [1;33m dim=256, δ=1.00844480, β=119.81 [0m
[1;37m integrate approx hint [0m [0m (conditionning) [0m [3;32m 	 Worthy hint ! [0m [1;33m dim=256, δ=1.01070714, β=72.44 [0m
[1;37m integrate approx hint [0m [0m (conditionning) [0m [3;32m 	 Worthy hint ! [0m [1;33m dim=256, δ=1.01168801, β=56.48 [0m
[1;37m integrate approx hint [0m [0m (conditionning) [0m [3;32m 	 Worthy hint ! [0m [1;33m dim=256, δ=1.00942277, β=96.60 [0m
[1;37m integrate approx hint [0m [0m (conditionning) [0m [3;31m 	 Unworthy hint, Forced it. [0m
[1;37m integrate approx hint [0m [0m (conditionning) [0m [3;32m 	 Worthy hint ! [0m [1;33m dim=256, δ=1.00973732, β=89.98 [0m
[1;37m integrate approx hint [0m [0m (conditionning) [0m [3;32m 	 Worthy hint ! [0m [1;33m dim=256, δ=1.01080701, β=70.66 [0m
[1;37m integrate approx hint [0m [0m (conditionning) [0m [3;32m 	 Worthy hint ! [0m [1;33m dim=256, δ=1.01177670, β=54.87 [0m
[1;37m integrate approx hint [0m [0m (conditionning) [0m [3;32m 	 Worthy hint ! [0m [1;33m dim=256, δ=1.00961086, β=92.66 [0m
[1;37m integrate approx hint [0m [0m (conditionning) [0m [3;32m 	 Worthy hint ! [0m [1;33m dim=256, δ=1.00887416, β=108.89 [0m
[1;37m integrate approx hint [0m [0m (conditionning) [0m [3;32m 	 Worthy hint ! [0m [1;33m dim=256, δ=1.01090567, β=68.92 [0m
[1;37m integrate approx hint [0m [0m (conditionning) [0m [3;32m 	 Worthy hint ! [0m [1;33m dim=256, δ=1.01189448, β=53.25 [0m
[1;37m integrate approx hint [0m [0m (conditionning) [0m [3;32m 	 Worthy hint ! [0m [1;33m dim=256, δ=1.00953358, β=94.37 [0m
[1;37m integrate approx hint [0m [0m (conditionning) [0m [3;32m 	 Worthy hint ! [0m [1;33m dim=256, δ=1.00784088, β=137.46 [0m
[1;37m integrate approx hint [0m [0m (conditionning) [0m [3;32m 	 Worthy hint ! [0m [1;33m dim=256, δ=1.00984544, β=87.89 [0m
[1;37m integrate approx hint [0m [0m (conditionning) [0m [3;32m 	 Worthy hint ! [0m [1;33m dim=256, δ=1.00856184, β=117.03 [0m
[1;37m integrate approx hint [0m [0m (conditionning) [0m [3;32m 	 Worthy hint ! [0m [1;33m dim=256, δ=1.01102831, β=67.19 [0m
[1;37m integrate approx hint [0m [0m (conditionning) [0m [3;32m 	 Worthy hint ! [0m [1;33m dim=256, δ=1.01198025, β=51.64 [0m
[1;37m integrate approx hint [0m [0m (conditionning) [0m [3;31m 	 Unworthy hint, Forced it. [0m
[1;37m integrate approx hint [0m [0m (conditionning) [0m [3;31m 	 Unworthy hint, Forced it. [0m
[1;37m integrate approx hint [0m [0m (conditionning) [0m [3;32m 	 Worthy hint ! [0m [1;33m dim=256, δ=1.00971976, β=90.52 [0m
[1;37m integrate approx hint [0m [0m (conditionning) [0m [3;32m 	 Worthy hint ! [0m [1;33m dim=256, δ=1.00898837, β=106.38 [0m
[1;37m integrate approx hint [0m [0m (conditionning) [0m [3;32m 	 Worthy hint ! [0m [1;33m dim=256, δ=1.00639964, β=194.38 [0m
[1;37m integrate approx hint [0m [0m (conditionning) [0m [3;32m 	 Worthy hint ! [0m [1;33m dim=256, δ=1.01112504, β=65.50 [0m
[1;37m integrate approx hint [0m [0m (conditionning) [0m [3;32m 	 Worthy hint ! [0m [1;33m dim=256, δ=1.01209650, β=50.01 [0m
[1;37m integrate approx hint [0m [0m (conditionning) [0m [3;32m 	 Worthy hint ! [0m [1;33m dim=256, δ=1.00964368, β=92.18 [0m
[1;37m integrate approx hint [0m [0m (conditionning) [0m [3;32m 	 Worthy hint ! [0m [1;33m dim=256, δ=1.00995273, β=85.83 [0m
[1;37m integrate approx hint [0m [0m (conditionning) [0m [3;32m 	 Worthy hint ! [0m [1;33m dim=256, δ=1.01122039, β=63.82 [0m
[1;37m integrate approx hint [0m [0m (conditionning) [0m [3;32m 	 Worthy hint ! [0m [1;33m dim=256, δ=1.01217860, β=48.36 [0m
[1;37m integrate approx hint [0m [0m (conditionning) [0m [3;32m 	 Worthy hint ! [0m [1;33m dim=256, δ=1.00982790, β=88.41 [0m
[1;37m integrate approx hint [0m [0m (conditionning) [0m [3;32m 	 Worthy hint ! [0m [1;33m dim=256, δ=1.00794853, β=134.22 [0m
[1;37m integrate approx hint [0m [0m (conditionning) [0m [3;32m 	 Worthy hint ! [0m [1;33m dim=256, δ=1.00866296, β=114.33 [0m
[1;37m integrate approx hint [0m [0m (conditionning) [0m [3;32m 	 Worthy hint ! [0m [1;33m dim=256, δ=1.00908503, β=103.93 [0m
[1;37m integrate approx hint [0m [0m (conditionning) [0m [3;31m 	 Unworthy hint, Forced it. [0m
[1;37m integrate approx hint [0m [0m (conditionning) [0m [3;32m 	 Worthy hint ! [0m [1;33m dim=256, δ=1.01134129, β=62.16 [0m
[1;37m integrate approx hint [0m [0m (conditionning) [0m [3;32m 	 Worthy hint ! [0m [1;33m dim=256, δ=1.01226013, β=46.72 [0m
[1;37m integrate approx hint [0m [0m (conditionning) [0m [3;32m 	 Worthy hint ! [0m [1;33m dim=256, δ=1.00975305, β=90.04 [0m
[1;37m integrate approx hint [0m [0m (conditionning) [0m [3;31m 	 Unworthy hint, Forced it. [0m
[1;37m integrate approx hint [0m [0m (conditionning) [0m [3;32m 	 Worthy hint ! [0m [1;33m dim=256, δ=1.01005917, β=83.82 [0m
[1;37m integrate approx hint [0m [0m (conditionning) [0m [3;32m 	 Worthy hint ! [0m [1;33m dim=256, δ=1.01143441, β=60.52 [0m
[1;37m integrate approx hint [0m [0m (conditionning) [0m [3;32m 	 Worthy hint ! [0m [1;33m dim=256, δ=1.01237468, β=45.07 [0m
[1;37m integrate approx hint [0m [0m (conditionning) [0m [3;32m 	 Worthy hint ! [0m [1;33m dim=256, δ=1.00993522, β=86.36 [0m
[1;37m integrate approx hint [0m [0m (conditionning) [0m [3;32m 	 Worthy hint ! [0m [1;33m dim=256, δ=1.00919775, β=101.53 [0m
[1;37m integrate approx hint [0m [0m (conditionning) [0m [3;32m 	 Worthy hint ! [0m [1;33m dim=256, δ=1.01152593, β=58.89 [0m
[1;37m integrate approx hint [0m [0m (conditionning) [0m [3;32m 	 Worthy hint ! [0m [1;33m dim=256, δ=1.01245602, β=43.42 [0m
[1;37m integrate approx hint [0m [0m (conditionning) [0m [3;31m 	 Unworthy hint, Forced it. [0m
[1;37m integrate approx hint [0m [0m (conditionning) [0m [3;32m 	 Worthy hint ! [0m [1;33m dim=256, δ=1.00984189, β=87.94 [0m
[1;37m integrate approx hint [0m [0m (conditionning) [0m [3;32m 	 Worthy hint ! [0m [1;33m dim=256, δ=1.00805536, β=131.07 [0m
[1;37m integrate approx hint [0m [0m (conditionning) [0m [3;32m 	 Worthy hint ! [0m [1;33m dim=256, δ=1.01016470, β=81.85 [0m
[1;37m integrate approx hint [0m [0m (conditionning) [0m [3;32m 	 Worthy hint ! [0m [1;33m dim=256, δ=1.00876296, β=111.68 [0m
[1;37m integrate approx hint [0m [0m (conditionning) [0m [3;32m 	 Worthy hint ! [0m [1;33m dim=256, δ=1.00649893, β=189.49 [0m
[1;37m integrate approx hint [0m [0m (conditionning) [0m [3;32m 	 Worthy hint ! [0m [1;33m dim=256, δ=1.01253825, β=41.77 [0m
[3;32m 	 Worthy hint ! [0m [1;33m dim=256, δ=1.01164479, β=57.27 [0m
[1;37m integrate approx hint [0m [0m (conditionning) [0m [3;31m 	 Unworthy hint, Forced it. [0m
[1;37m integrate approx hint [0m [0m (conditionning) [0m [3;32m 	 Worthy hint ! [0m [1;33m dim=256, δ=1.01004170, β=84.34 [0m
[1;37m integrate approx hint [0m [0m (conditionning) [0m [3;32m 	 Worthy hint ! [0m [1;33m dim=256, δ=1.00930986, β=99.19 [0m
[1;37m integrate approx hint [0m [0m (conditionning) [0m [3;32m 	 Worthy hint ! [0m [1;33m dim=256, δ=1.01173366, β=55.66 [0m
[1;37m integrate approx hint [0m [0m (conditionning) [0m [3;32m 	 Worthy hint ! [0m [1;33m dim=256, δ=1.00994927, β=85.88 [0m
[1;37m integrate approx hint [0m [0m (conditionning) [0m [3;32m 	 Worthy hint ! [0m [1;33m dim=256, δ=1.01026931, β=79.91 [0m
[1;37m integrate approx hint [0m [0m (conditionning) [0m [3;31m 	 Unworthy hint, Forced it. [0m
[1;37m integrate approx hint [0m [0m (conditionning) [0m [3;32m 	 Worthy hint ! [0m [1;33m dim=256, δ=1.01185117, β=54.06 [0m
[1;37m integrate approx hint [0m [0m (conditionning) [0m [3;32m 	 Worthy hint ! [0m [1;33m dim=256, δ=1.00814734, β=128.00 [0m
[1;37m integrate approx hint [0m [0m (conditionning) [0m [3;32m 	 Worthy hint ! [0m [1;33m dim=256, δ=1.01014732, β=82.36 [0m
[1;37m integrate approx hint [0m [0m (conditionning) [0m [3;32m 	 Worthy hint ! [0m [1;33m dim=256, δ=1.00940323, β=96.90 [0m
[1;37m integrate approx hint [0m [0m (conditionning) [0m [3;32m 	 Worthy hint ! [0m [1;33m dim=256, δ=1.00887804, β=109.11 [0m
[1;37m integrate approx hint [0m [0m (conditionning) [0m [3;32m 	 Worthy hint ! [0m [1;33m dim=256, δ=1.01193721, β=52.45 [0m
[1;37m integrate approx hint [0m [0m (conditionning) [0m [3;31m 	 Unworthy hint, Forced it. [0m
[3;32m 	 Worthy hint ! [0m [1;33m dim=256, δ=1.01005581, β=83.87 [0m
[1;37m integrate approx hint [0m [0m (conditionning) [0m [1;37m integrate approx hint [0m [0m (conditionning) [0m [3;32m 	 Worthy hint ! [0m [1;33m dim=256, δ=1.01039498, β=78.01 [0m
[1;37m integrate approx hint [0m [0m (conditionning) [0m [3;32m 	 Worthy hint ! [0m [1;33m dim=256, δ=1.01202119, β=50.84 [0m
[1;37m integrate approx hint [0m [0m (conditionning) [0m [3;31m 	 Unworthy hint, Forced it. [0m
[1;37m integrate approx hint [0m [0m (conditionning) [0m [3;32m 	 Worthy hint ! [0m [1;33m dim=256, δ=1.01025203, β=80.42 [0m
[1;37m integrate approx hint [0m [0m (conditionning) [0m [3;32m 	 Worthy hint ! [0m [1;33m dim=256, δ=1.00951363, β=94.67 [0m
[1;37m integrate approx hint [0m [0m (conditionning) [0m [3;32m 	 Worthy hint ! [0m [1;33m dim=256, δ=1.00659702, β=184.75 [0m
[1;37m integrate approx hint [0m [0m (conditionning) [0m [3;32m 	 Worthy hint ! [0m [1;33m dim=256, δ=1.01213614, β=49.21 [0m
[1;37m integrate approx hint [0m [0m (conditionning) [0m [3;32m 	 Worthy hint ! [0m [1;33m dim=256, δ=1.01016147, β=81.89 [0m
[1;37m integrate approx hint [0m [0m (conditionning) [0m [3;32m 	 Worthy hint ! [0m [1;33m dim=256, δ=1.00826641, β=125.01 [0m
[1;37m integrate approx hint [0m [0m (conditionning) [0m [3;32m 	 Worthy hint ! [0m [1;33m dim=256, δ=1.01049813, β=76.15 [0m
[1;37m integrate approx hint [0m [0m (conditionning) [0m [3;32m 	 Worthy hint ! [0m [1;33m dim=256, δ=1.00897606, β=106.59 [0m
[1;37m integrate approx hint [0m [0m (conditionning) [0m [3;32m 	 Worthy hint ! [0m [1;33m dim=256, δ=1.01221672, β=47.57 [0m
[1;37m integrate approx hint [0m [0m (conditionning) [0m [3;31m 	 Unworthy hint, Forced it. [0m
[1;37m integrate approx hint [0m [0m (conditionning) [0m [3;32m 	 Worthy hint ! [0m [1;33m dim=256, δ=1.01035580, β=78.52 [0m
[1;37m integrate approx hint [0m [0m (conditionning) [0m [3;32m 	 Worthy hint ! [0m [1;33m dim=256, δ=1.00962332, β=92.48 [0m
[1;37m integrate approx hint [0m [0m (conditionning) [0m [3;32m 	 Worthy hint ! [0m [1;33m dim=256, δ=1.01229716, β=45.93 [0m
[1;37m integrate approx hint [0m [0m (conditionning) [0m [3;32m 	 Worthy hint ! [0m [1;33m dim=256, δ=1.01026619, β=79.95 [0m
[1;37m integrate approx hint [0m [0m (conditionning) [0m [3;31m 	 Unworthy hint, Forced it. [0m
[1;37m integrate approx hint [0m [0m (conditionning) [0m [3;32m 	 Worthy hint ! [0m [1;33m dim=256, δ=1.01060022, β=74.31 [0m
[1;37m integrate approx hint [0m [0m (conditionning) [0m [3;32m 	 Worthy hint ! [0m [1;33m dim=256, δ=1.01241139, β=44.29 [0m
[1;37m integrate approx hint [0m [0m (conditionning) [0m [3;32m 	 Worthy hint ! [0m [1;33m dim=256, δ=1.00837054, β=122.10 [0m
[1;37m integrate approx hint [0m [0m (conditionning) [0m [3;32m 	 Worthy hint ! [0m [1;33m dim=256, δ=1.01045857, β=76.65 [0m
[1;37m integrate approx hint [0m [0m (conditionning) [0m [3;32m 	 Worthy hint ! [0m [1;33m dim=256, δ=1.00670399, β=180.16 [0m
[1;37m integrate approx hint [0m [0m (conditionning) [0m [3;32m 	 Worthy hint ! [0m [1;33m dim=256, δ=1.00973227, β=90.34 [0m
[1;37m integrate approx hint [0m [0m (conditionning) [0m [3;32m 	 Worthy hint ! [0m [1;33m dim=256, δ=1.00908973, β=104.13 [0m
[1;37m integrate approx hint [0m [0m (conditionning) [0m [3;32m 	 Worthy hint ! [0m [1;33m dim=256, δ=1.01249226, β=42.65 [0m
[3;32m 	 Worthy hint ! [0m [1;33m dim=256, δ=1.00544920, β=251.06 [0m
[1;37m integrate approx hint [0m [0m (conditionning) [0m [3;32m 	 Worthy hint ! [0m [1;33m dim=256, δ=1.01039196, β=78.05 [0m
[1;37m integrate approx hint [0m [0m (conditionning) [0m [3;31m 	 Unworthy hint, Forced it. [0m
[1;37m integrate approx hint [0m [0m (conditionning) [0m [3;32m 	 Worthy hint ! [0m [1;33m dim=256, δ=1.01070122, β=72.51 [0m
[1;37m integrate approx hint [0m [0m (conditionning) [0m [3;32m 	 Worthy hint ! [0m [1;33m dim=256, δ=1.01056030, β=74.81 [0m
[1;37m integrate approx hint [0m [0m (conditionning) [0m [3;32m 	 Worthy hint ! [0m [1;33m dim=256, δ=1.00679973, β=175.71 [0m
[1;37m integrate approx hint [0m [0m (conditionning) [0m [3;32m 	 Worthy hint ! [0m [1;33m dim=256, δ=1.00984046, β=88.24 [0m
[1;37m integrate approx hint [0m [0m (conditionning) [0m [3;32m 	 Worthy hint ! [0m [1;33m dim=256, δ=1.01049520, β=76.18 [0m
[1;37m integrate approx hint [0m [0m (conditionning) [0m [3;32m 	 Worthy hint ! [0m [1;33m dim=256, δ=1.00847368, β=119.26 [0m
[1;37m integrate approx hint [0m [0m (conditionning) [0m [3;32m 	 Worthy hint ! [0m [1;33m dim=256, δ=1.01080106, β=70.74 [0m
[1;37m integrate approx hint [0m [0m (conditionning) [0m [3;32m 	 Worthy hint ! [0m [1;33m dim=256, δ=1.00690475, β=171.39 [0m
[1;37m integrate approx hint [0m [0m (conditionning) [0m [4;37m       Attack Estimation      [0m
[1;33m dim=256 	 δ=1.012459 	 β=43.39  [0m
[0m  [0m
[3;32m 	 Worthy hint ! [0m [1;33m dim=256, δ=1.00918556, β=101.73 [0m
[1;37m integrate approx hint [0m [0m (conditionning) [0m [3;32m 	 Worthy hint ! [0m [1;33m dim=256, δ=1.00554457, β=244.28 [0m
[1;37m integrate approx hint [0m [0m (conditionning) [0m [3;31m 	 Unworthy hint, Forced it. [0m
[1;37m integrate approx hint [0m [0m (conditionning) [0m [3;32m 	 Worthy hint ! [0m [1;33m dim=256, δ=1.01066095, β=73.00 [0m
[1;37m integrate approx hint [0m [0m (conditionning) [0m [3;32m 	 Worthy hint ! [0m [1;33m dim=256, δ=1.00994786, β=86.18 [0m
[1;37m integrate approx hint [0m [0m (conditionning) [0m [4;37m       Attack Estimation      [0m
[1;33m dim=256 	 δ=1.012464 	 β=42.96  [0m
[0m  [0m
[3;32m 	 Worthy hint ! [0m [1;33m dim=256, δ=1.00700885, β=167.20 [0m
[1;37m integrate approx hint [0m [0m (conditionning) [0m [3;32m 	 Worthy hint ! [0m [1;33m dim=256, δ=1.01059736, β=74.35 [0m
[1;37m integrate approx hint [0m [0m (conditionning) [0m [3;32m 	 Worthy hint ! [0m [1;33m dim=256, δ=1.01089971, β=68.99 [0m
[1;37m integrate approx hint [0m [0m (conditionning) [0m [3;32m 	 Worthy hint ! [0m [1;33m dim=256, δ=1.00711196, β=163.14 [0m
[1;37m integrate approx hint [0m [0m (conditionning) [0m [3;32m 	 Worthy hint ! [0m [1;33m dim=256, δ=1.00857575, β=116.49 [0m
[1;37m integrate approx hint [0m [0m (conditionning) [0m [3;32m 	 Worthy hint ! [0m [1;33m dim=256, δ=1.01078441, β=71.22 [0m
[1;37m integrate approx hint [0m [0m (conditionning) [0m [4;37m       Attack Estimation      [0m
[1;33m dim=256 	 δ=1.012488 	 β=42.70  [0m
[0m  [0m
[3;32m 	 Worthy hint ! [0m [1;33m dim=256, δ=1.00542855, β=252.37 [0m
[1;37m integrate approx hint [0m [0m (conditionning) [0m [3;32m 	 Worthy hint ! [0m [1;33m dim=256, δ=1.01005442, β=84.17 [0m
[1;37m integrate approx hint [0m [0m (conditionning) [0m [3;32m 	 Worthy hint ! [0m [1;33m dim=256, δ=1.00929773, β=99.38 [0m
[1;37m integrate approx hint [0m [0m (conditionning) [0m [3;32m 	 Worthy hint ! [0m [1;33m dim=256, δ=1.00563849, β=237.73 [0m
[1;37m integrate approx hint [0m [0m (conditionning) [0m [3;32m 	 Worthy hint ! [0m [1;33m dim=256, δ=1.01069843, β=72.54 [0m
[1;37m integrate approx hint [0m [0m (conditionning) [0m [3;32m 	 Worthy hint ! [0m [1;33m dim=256, δ=1.01102229, β=67.26 [0m
[1;37m integrate approx hint [0m [0m (conditionning) [0m [3;32m 	 Worthy hint ! [0m [1;33m dim=256, δ=1.00721407, β=159.19 [0m
[1;37m integrate approx hint [0m [0m (conditionning) [0m [4;37m       Attack Estimation      [0m
[1;33m dim=256 	 δ=1.012465 	 β=42.95  [0m
[0m  [0m
[3;32m 	 Worthy hint ! [0m [1;33m dim=256, δ=1.01088331, β=69.47 [0m
[1;37m integrate approx hint [0m [0m (conditionning) [0m [3;32m 	 Worthy hint ! [0m [1;33m dim=256, δ=1.01016012, β=82.19 [0m
[1;37m integrate approx hint [0m [0m (conditionning) [0m [3;32m 	 Worthy hint ! [0m [1;33m dim=256, δ=1.00731511, β=155.35 [0m
[1;37m integrate approx hint [0m [0m (conditionning) [0m [3;32m 	 Worthy hint ! [0m [1;33m dim=256, δ=1.01079836, β=70.77 [0m
[1;37m integrate approx hint [0m [0m (conditionning) [0m [3;32m 	 Worthy hint ! [0m [1;33m dim=256, δ=1.00867674, β=113.79 [0m
[1;37m integrate approx hint [0m [0m (conditionning) [0m [3;31m 	 Unworthy hint, Forced it. [0m
[1;37m integrate approx hint [0m [0m (conditionning) [0m [4;37m       Attack Estimation      [0m
[1;33m dim=256 	 δ=1.012465 	 β=43.33  [0m
[0m  [0m
[3;32m 	 Worthy hint ! [0m [1;33m dim=256, δ=1.01111898, β=65.56 [0m
[1;37m integrate approx hint [0m [0m (conditionning) [0m [3;32m 	 Worthy hint ! [0m [1;33m dim=256, δ=1.00940926, β=97.09 [0m
[1;37m integrate approx hint [0m [0m (conditionning) [0m [3;32m 	 Worthy hint ! [0m [1;33m dim=256, δ=1.00573888, β=231.40 [0m
[1;37m integrate approx hint [0m [0m (conditionning) [0m [3;32m 	 Worthy hint ! [0m [1;33m dim=256, δ=1.00741502, β=151.63 [0m
[1;37m integrate approx hint [0m [0m (conditionning) [0m [3;32m 	 Worthy hint ! [0m [1;33m dim=256, δ=1.01098098, β=67.74 [0m
[1;37m integrate approx hint [0m [0m (conditionning) [0m [3;32m 	 Worthy hint ! [0m [1;33m dim=256, δ=1.01026490, β=80.25 [0m
[1;37m integrate approx hint [0m [0m (conditionning) [0m [3;32m 	 Worthy hint ! [0m [1;33m dim=256, δ=1.01092166, β=69.02 [0m
[1;37m integrate approx hint [0m [0m (conditionning) [0m [3;32m 	 Worthy hint ! [0m [1;33m dim=256, δ=1.00752598, β=148.00 [0m
[1;37m integrate approx hint [0m [0m (conditionning) [0m [3;32m 	 Worthy hint ! [0m [1;33m dim=256, δ=1.01121428, β=63.89 [0m
[1;37m integrate approx hint [0m [0m (conditionning) [0m [3;32m 	 Worthy hint ! [0m [1;33m dim=256, δ=1.00552372, β=245.56 [0m
[1;37m integrate approx hint [0m [0m (conditionning) [0m [3;32m 	 Worthy hint ! [0m [1;33m dim=256, δ=1.00879255, β=111.16 [0m
[1;37m integrate approx hint [0m [0m (conditionning) [0m [3;32m 	 Worthy hint ! [0m [1;33m dim=256, δ=1.01110291, β=66.04 [0m
[1;37m integrate approx hint [0m [0m (conditionning) [0m [3;32m 	 Worthy hint ! [0m [1;33m dim=256, δ=1.01036872, β=78.35 [0m
[1;37m integrate approx hint [0m [0m (conditionning) [0m [3;32m 	 Worthy hint ! [0m [1;33m dim=256, δ=1.00950168, β=94.85 [0m
[1;37m integrate approx hint [0m [0m (conditionning) [0m [3;32m 	 Worthy hint ! [0m [1;33m dim=256, δ=1.00583808, β=225.29 [0m
[1;37m integrate approx hint [0m [0m (conditionning) [0m [3;32m 	 Worthy hint ! [0m [1;33m dim=256, δ=1.01101976, β=67.29 [0m
[1;37m integrate approx hint [0m [0m (conditionning) [0m [3;32m 	 Worthy hint ! [0m [1;33m dim=256, δ=1.01133516, β=62.23 [0m
[1;37m integrate approx hint [0m [0m (conditionning) [0m [3;32m 	 Worthy hint ! [0m [1;33m dim=256, δ=1.00762380, β=144.48 [0m
[1;37m integrate approx hint [0m [0m (conditionning) [0m [3;32m 	 Worthy hint ! [0m [1;33m dim=256, δ=1.01119859, β=64.36 [0m
[1;37m integrate approx hint [0m [0m (conditionning) [0m [3;31m 	 Unworthy hint, Forced it. [0m
[1;37m integrate approx hint [0m [0m (conditionning) [0m [3;32m 	 Worthy hint ! [0m [1;33m dim=256, δ=1.01047153, β=76.48 [0m
[1;37m integrate approx hint [0m [0m (conditionning) [0m [3;32m 	 Worthy hint ! [0m [1;33m dim=256, δ=1.01111653, β=65.59 [0m
[1;37m integrate approx hint [0m [0m (conditionning) [0m [3;32m 	 Worthy hint ! [0m [1;33m dim=256, δ=1.00773309, β=141.06 [0m
[1;37m integrate approx hint [0m [0m (conditionning) [0m [3;32m 	 Worthy hint ! [0m [1;33m dim=256, δ=1.01142824, β=60.58 [0m
[1;37m integrate approx hint [0m [0m (conditionning) [0m [3;32m 	 Worthy hint ! [0m [1;33m dim=256, δ=1.00889161, β=108.59 [0m
[1;37m integrate approx hint [0m [0m (conditionning) [0m [3;32m 	 Worthy hint ! [0m [1;33m dim=256, δ=1.00961148, β=92.65 [0m
[1;37m integrate approx hint [0m [0m (conditionning) [0m [3;32m 	 Worthy hint ! [0m [1;33m dim=256, δ=1.00593603, β=219.38 [0m
[1;37m integrate approx hint [0m [0m (conditionning) [0m [3;32m 	 Worthy hint ! [0m [1;33m dim=256, δ=1.01129284, β=62.70 [0m
[1;37m integrate approx hint [0m [0m (conditionning) [0m [4;37m       Attack Estimation      [0m
[1;33m dim=256 	 δ=1.012487 	 β=43.08  [0m
[0m  [0m
[3;32m 	 Worthy hint ! [0m [1;33m dim=256, δ=1.00782858, β=137.73 [0m
[1;37m integrate approx hint [0m [0m (conditionning) [0m [3;32m 	 Worthy hint ! [0m [1;33m dim=256, δ=1.01057329, β=74.65 [0m
[1;37m integrate approx hint [0m [0m (conditionning) [0m [3;32m 	 Worthy hint ! [0m [1;33m dim=256, δ=1.00561741, β=238.99 [0m
[1;37m integrate approx hint [0m [0m (conditionning) [0m [3;32m 	 Worthy hint ! [0m [1;33m dim=256, δ=1.01121189, β=63.91 [0m
[1;37m integrate approx hint [0m [0m (conditionning) [0m [3;32m 	 Worthy hint ! [0m [1;33m dim=256, δ=1.01151973, β=58.95 [0m
[1;37m integrate approx hint [0m [0m (conditionning) [0m [3;32m 	 Worthy hint ! [0m [1;33m dim=256, δ=1.00793606, β=134.49 [0m
[1;37m integrate approx hint [0m [0m (conditionning) [0m [3;32m 	 Worthy hint ! [0m [1;33m dim=256, δ=1.01141300, β=61.06 [0m
[1;37m integrate approx hint [0m [0m (conditionning) [0m [3;32m 	 Worthy hint ! [0m [1;33m dim=256, δ=1.01067392, β=72.84 [0m
[1;37m integrate approx hint [0m [0m (conditionning) [0m [3;32m 	 Worthy hint ! [0m [1;33m dim=256, δ=1.00900608, β=106.08 [0m
[1;37m integrate approx hint [0m [0m (conditionning) [0m [3;32m 	 Worthy hint ! [0m [1;33m dim=256, δ=1.00972055, β=90.50 [0m
[1;37m integrate approx hint [0m [0m (conditionning) [0m [3;32m 	 Worthy hint ! [0m [1;33m dim=256, δ=1.00603268, β=213.67 [0m
[1;37m integrate approx hint [0m [0m (conditionning) [0m [3;32m 	 Worthy hint ! [0m [1;33m dim=256, δ=1.01133279, β=62.25 [0m
[1;37m integrate approx hint [0m [0m (conditionning) [0m [3;32m 	 Worthy hint ! [0m [1;33m dim=256, δ=1.00804270, β=131.33 [0m
[1;37m integrate approx hint [0m [0m (conditionning) [0m [3;32m 	 Worthy hint ! [0m [1;33m dim=256, δ=1.01163864, β=57.34 [0m
[1;37m integrate approx hint [0m [0m (conditionning) [0m [3;31m 	 Unworthy hint, Forced it. [0m
[1;37m integrate approx hint [0m [0m (conditionning) [0m [3;32m 	 Worthy hint ! [0m [1;33m dim=256, δ=1.00814847, β=128.26 [0m
[1;37m integrate approx hint [0m [0m (conditionning) [0m [3;32m 	 Worthy hint ! [0m [1;33m dim=256, δ=1.01150495, β=59.43 [0m
[1;37m integrate approx hint [0m [0m (conditionning) [0m [3;32m 	 Worthy hint ! [0m [1;33m dim=256, δ=1.01079738, β=71.07 [0m
[1;37m integrate approx hint [0m [0m (conditionning) [0m [3;32m 	 Worthy hint ! [0m [1;33m dim=256, δ=1.01142588, β=60.61 [0m
[1;37m integrate approx hint [0m [0m (conditionning) [0m [3;32m 	 Worthy hint ! [0m [1;33m dim=256, δ=1.00825335, β=125.27 [0m
[1;37m integrate approx hint [0m [0m (conditionning) [0m [3;32m 	 Worthy hint ! [0m [1;33m dim=256, δ=1.01172756, β=55.73 [0m
[1;37m integrate approx hint [0m [0m (conditionning) [0m [3;32m 	 Worthy hint ! [0m [1;33m dim=256, δ=1.00910303, β=103.63 [0m
[1;37m integrate approx hint [0m [0m (conditionning) [0m [3;32m 	 Worthy hint ! [0m [1;33m dim=256, δ=1.00982885, β=88.40 [0m
[1;37m integrate approx hint [0m [0m (conditionning) [0m [3;32m 	 Worthy hint ! [0m [1;33m dim=256, δ=1.00613679, β=208.14 [0m
[1;37m integrate approx hint [0m [0m (conditionning) [0m [3;32m 	 Worthy hint ! [0m [1;33m dim=256, δ=1.00571755, β=232.64 [0m
[1;37m integrate approx hint [0m [0m (conditionning) [0m [3;32m 	 Worthy hint ! [0m [1;33m dim=256, δ=1.00835727, β=122.36 [0m
[1;37m integrate approx hint [0m [0m (conditionning) [0m [3;32m 	 Worthy hint ! [0m [1;33m dim=256, δ=1.01159525, β=57.81 [0m
[1;37m integrate approx hint [0m [0m (conditionning) [0m [3;32m 	 Worthy hint ! [0m [1;33m dim=256, δ=1.01089627, β=69.32 [0m
[1;37m integrate approx hint [0m [0m (conditionning) [0m [3;32m 	 Worthy hint ! [0m [1;33m dim=256, δ=1.01151737, β=58.98 [0m
[1;37m integrate approx hint [0m [0m (conditionning) [0m [3;32m 	 Worthy hint ! [0m [1;33m dim=256, δ=1.00846019, β=119.52 [0m
[1;37m integrate approx hint [0m [0m (conditionning) [0m [3;32m 	 Worthy hint ! [0m [1;33m dim=256, δ=1.01184512, β=54.12 [0m
[1;37m integrate approx hint [0m [0m (conditionning) [0m [4;37m       Attack Estimation      [0m
[1;33m dim=256 	 δ=1.012477 	 β=43.19  [0m
[0m  [0m
[3;32m 	 Worthy hint ! [0m [1;33m dim=256, δ=1.00856206, β=116.75 [0m
[1;37m integrate approx hint [0m [0m (conditionning) [0m [3;32m 	 Worthy hint ! [0m [1;33m dim=256, δ=1.01171337, β=56.20 [0m
[1;37m integrate approx hint [0m [0m (conditionning) [0m [3;32m 	 Worthy hint ! [0m [1;33m dim=256, δ=1.00921605, β=101.24 [0m
[1;37m integrate approx hint [0m [0m (conditionning) [0m [3;32m 	 Worthy hint ! [0m [1;33m dim=256, δ=1.01099393, β=67.59 [0m
[1;37m integrate approx hint [0m [0m (conditionning) [0m β= 2,	 pr=7.0805e-40, 	 cum-pr=7.0805e-40 	 rem-pr=1.0000e+00
β= 3,	 pr=9.2288e-37, 	 cum-pr=9.2359e-37 	 rem-pr=1.0000e+00
β= 4,	 pr=3.7895e-35, 	 cum-pr=3.8819e-35 	 rem-pr=1.0000e+00
β= 5,	 pr=4.4506e-34, 	 cum-pr=4.8388e-34 	 rem-pr=1.0000e+00
β= 6,	 pr=2.8400e-33, 	 cum-pr=3.3238e-33 	 rem-pr=1.0000e+00
β= 7,	 pr=1.2696e-32, 	 cum-pr=1.6020e-32 	 rem-pr=1.0000e+00
β= 8,	 pr=4.6541e-32, 	 cum-pr=6.2561e-32 	 rem-pr=1.0000e+00
β= 9,	 pr=1.5216e-31, 	 cum-pr=2.1472e-31 	 rem-pr=1.0000e+00
β= 10,	 pr=4.6167e-31, 	 cum-pr=6.7640e-31 	 rem-pr=1.0000e+00
β= 11,	 pr=1.3859e-30, 	 cum-pr=2.0623e-30 	 rem-pr=1.0000e+00
β= 12,	 pr=4.2761e-30, 	 cum-pr=6.3383e-30 	 rem-pr=1.0000e+00
β= 13,	 pr=1.3819e-29, 	 cum-pr=2.0158e-29 	 rem-pr=1.0000e+00
β= 14,	 pr=4.6478e-29, 	 cum-pr=6.6635e-29 	 rem-pr=1.0000e+00
β= 15,	 pr=1.8541e-28, 	 cum-pr=2.5205e-28 	 rem-pr=1.0000e+00
β= 16,	 pr=8.0989e-28, 	 cum-pr=1.0619e-27 	 rem-pr=1.0000e+00
β= 17,	 pr=3.9773e-27, 	 cum-pr=5.0392e-27 	 rem-pr=1.0000e+00
β= 18,	 pr=2.3474e-26, 	 cum-pr=2.8513e-26 	 rem-pr=1.0000e+00
β= 19,	 pr=1.6230e-25, 	 cum-pr=1.9082e-25 	 rem-pr=1.0000e+00
β= 20,	 pr=1.1169e-24, 	 cum-pr=1.3077e-24 	 rem-pr=1.0000e+00
β= 21,	 pr=8.4305e-24, 	 cum-pr=9.7382e-24 	 rem-pr=1.0000e+00
β= 22,	 pr=6.9710e-23, 	 cum-pr=7.9448e-23 	 rem-pr=1.0000e+00
β= 23,	 pr=8.3312e-22, 	 cum-pr=9.1256e-22 	 rem-pr=1.0000e+00
β= 24,	 pr=1.0793e-20, 	 cum-pr=1.1705e-20 	 rem-pr=1.0000e+00
β= 25,	 pr=1.3137e-19, 	 cum-pr=1.4307e-19 	 rem-pr=1.0000e+00
β= 26,	 pr=1.3857e-18, 	 cum-pr=1.5288e-18 	 rem-pr=1.0000e+00
β= 27,	 pr=1.2427e-17, 	 cum-pr=1.3955e-17 	 rem-pr=1.0000e+00
β= 28,	 pr=1.2281e-16, 	 cum-pr=1.3677e-16 	 rem-pr=1.0000e+00
β= 29,	 pr=1.3705e-15, 	 cum-pr=1.5073e-15 	 rem-pr=1.0000e+00
β= 30,	 pr=1.6394e-14, 	 cum-pr=1.7901e-14 	 rem-pr=1.0000e+00
β= 31,	 pr=2.1632e-13, 	 cum-pr=2.3422e-13 	 rem-pr=1.0000e+00
β= 32,	 pr=2.8774e-12, 	 cum-pr=3.1116e-12 	 rem-pr=1.0000e+00
β= 33,	 pr=2.7257e-11, 	 cum-pr=3.0369e-11 	 rem-pr=1.0000e+00
β= 34,	 pr=2.5292e-10, 	 cum-pr=2.8329e-10 	 rem-pr=1.0000e+00
β= 35,	 pr=1.6616e-09, 	 cum-pr=1.9449e-09 	 rem-pr=1.0000e+00
β= 36,	 pr=9.7569e-09, 	 cum-pr=1.1702e-08 	 rem-pr=1.0000e+00
β= 37,	 pr=5.1447e-08, 	 cum-pr=6.3149e-08 	 rem-pr=1.0000e+00
β= 38,	 pr=2.6359e-07, 	 cum-pr=3.2674e-07 	 rem-pr=1.0000e+00
β= 39,	 pr=1.4049e-06, 	 cum-pr=1.7317e-06 	 rem-pr=1.0000e+00
β= 40,	 pr=6.1633e-06, 	 cum-pr=7.8950e-06 	 rem-pr=9.9999e-01
β= 41,	 pr=2.6029e-05, 	 cum-pr=3.3924e-05 	 rem-pr=9.9997e-01
β= 42,	 pr=1.0104e-04, 	 cum-pr=1.3496e-04 	 rem-pr=9.9987e-01
β= 43,	 pr=4.7270e-04, 	 cum-pr=6.0760e-04 	 rem-pr=9.9939e-01
β= 44,	 pr=1.6569e-03, 	 cum-pr=2.2635e-03 	 rem-pr=9.9774e-01
β= 45,	 pr=5.3626e-03, 	 cum-pr=7.6140e-03 	 rem-pr=9.9239e-01
β= 46,	 pr=1.8490e-02, 	 cum-pr=2.5963e-02 	 rem-pr=9.7404e-01
β= 47,	 pr=4.7037e-02, 	 cum-pr=7.1779e-02 	 rem-pr=9.2822e-01
β= 48,	 pr=1.0313e-01, 	 cum-pr=1.6751e-01 	 rem-pr=8.3249e-01
β= 49,	 pr=1.9606e-01, 	 cum-pr=3.3073e-01 	 rem-pr=6.6927e-01
β= 50,	 pr=3.2630e-01, 	 cum-pr=5.4911e-01 	 rem-pr=4.5089e-01
β= 51,	 pr=4.8125e-01, 	 cum-pr=7.6610e-01 	 rem-pr=2.3390e-01
β= 52,	 pr=6.3827e-01, 	 cum-pr=9.1539e-01 	 rem-pr=8.4608e-02
β= 53,	 pr=7.7420e-01, 	 cum-pr=9.8090e-01 	 rem-pr=1.9105e-02
β= 54,	 pr=8.7496e-01, 	 cum-pr=9.9761e-01 	 rem-pr=2.3888e-03
β= 55,	 pr=9.3904e-01, 	 cum-pr=9.9985e-01 	 rem-pr=1.4563e-04
[4;37m       Attack Estimation      [0m
[1;33m dim=256 	 	 	 β=50.18  [0m
[0m  [0m
[4;37m       Running the Attack      [0m
[3;31m 	 Unworthy hint, Forced it. [0m
[1;37m integrate approx hint [0m [0m (conditionning) [0m [3;32m 	 Worthy hint ! [0m [1;33m dim=256, δ=1.00993636, β=86.34 [0m
[1;37m integrate approx hint [0m [0m (conditionning) [0m [3;32m 	 Worthy hint ! [0m [1;33m dim=256, δ=1.00623084, β=202.80 [0m
[1;37m integrate approx hint [0m [0m (conditionning) [0m [3;32m 	 Worthy hint ! [0m [1;33m dim=256, δ=1.01163627, β=57.36 [0m
[1;37m integrate approx hint [0m [0m (conditionning) [0m [3;32m 	 Worthy hint ! [0m [1;33m dim=256, δ=1.00867843, β=114.04 [0m
[1;37m integrate approx hint [0m [0m (conditionning) [0m β= 2,	 pr=1.3502e-39, 	 cum-pr=1.3502e-39 	 rem-pr=1.0000e+00
β= 3,	 pr=1.6948e-36, 	 cum-pr=1.6962e-36 	 rem-pr=1.0000e+00
β= 4,	 pr=6.8288e-35, 	 cum-pr=6.9984e-35 	 rem-pr=1.0000e+00
β= 5,	 pr=7.9251e-34, 	 cum-pr=8.6250e-34 	 rem-pr=1.0000e+00
β= 6,	 pr=5.0148e-33, 	 cum-pr=5.8773e-33 	 rem-pr=1.0000e+00
β= 7,	 pr=2.2276e-32, 	 cum-pr=2.8153e-32 	 rem-pr=1.0000e+00
β= 8,	 pr=8.1238e-32, 	 cum-pr=1.0939e-31 	 rem-pr=1.0000e+00
β= 9,	 pr=2.6448e-31, 	 cum-pr=3.7387e-31 	 rem-pr=1.0000e+00
β= 10,	 pr=7.9950e-31, 	 cum-pr=1.1734e-30 	 rem-pr=1.0000e+00
β= 11,	 pr=2.3925e-30, 	 cum-pr=3.5658e-30 	 rem-pr=1.0000e+00
β= 12,	 pr=7.3564e-30, 	 cum-pr=1.0922e-29 	 rem-pr=1.0000e+00
β= 13,	 pr=2.3717e-29, 	 cum-pr=3.4639e-29 	 rem-pr=1.0000e+00
β= 14,	 pr=7.9522e-29, 	 cum-pr=1.1416e-28 	 rem-pr=1.0000e+00
β= 15,	 pr=3.1688e-28, 	 cum-pr=4.3104e-28 	 rem-pr=1.0000e+00
β= 16,	 pr=1.3750e-27, 	 cum-pr=1.8060e-27 	 rem-pr=1.0000e+00
β= 17,	 pr=6.7504e-27, 	 cum-pr=8.5565e-27 	 rem-pr=1.0000e+00
β= 18,	 pr=3.9823e-26, 	 cum-pr=4.8380e-26 	 rem-pr=1.0000e+00
β= 19,	 pr=2.7284e-25, 	 cum-pr=3.2122e-25 	 rem-pr=1.0000e+00
β= 20,	 pr=1.8568e-24, 	 cum-pr=2.1780e-24 	 rem-pr=1.0000e+00
β= 21,	 pr=1.3988e-23, 	 cum-pr=1.6166e-23 	 rem-pr=1.0000e+00
β= 22,	 pr=1.1583e-22, 	 cum-pr=1.3200e-22 	 rem-pr=1.0000e+00
β= 23,	 pr=1.3774e-21, 	 cum-pr=1.5094e-21 	 rem-pr=1.0000e+00
β= 24,	 pr=1.7613e-20, 	 cum-pr=1.9122e-20 	 rem-pr=1.0000e+00
β= 25,	 pr=2.1024e-19, 	 cum-pr=2.2937e-19 	 rem-pr=1.0000e+00
β= 26,	 pr=2.1762e-18, 	 cum-pr=2.4056e-18 	 rem-pr=1.0000e+00
β= 27,	 pr=1.9354e-17, 	 cum-pr=2.1759e-17 	 rem-pr=1.0000e+00
β= 28,	 pr=1.9120e-16, 	 cum-pr=2.1296e-16 	 rem-pr=1.0000e+00
β= 29,	 pr=2.1290e-15, 	 cum-pr=2.3419e-15 	 rem-pr=1.0000e+00
β= 30,	 pr=2.5294e-14, 	 cum-pr=2.7636e-14 	 rem-pr=1.0000e+00
β= 31,	 pr=3.2971e-13, 	 cum-pr=3.5735e-13 	 rem-pr=1.0000e+00
β= 32,	 pr=4.3053e-12, 	 cum-pr=4.6627e-12 	 rem-pr=1.0000e+00
β= 33,	 pr=3.9791e-11, 	 cum-pr=4.4454e-11 	 rem-pr=1.0000e+00
β= 34,	 pr=3.5907e-10, 	 cum-pr=4.0352e-10 	 rem-pr=1.0000e+00
β= 35,	 pr=2.2929e-09, 	 cum-pr=2.6964e-09 	 rem-pr=1.0000e+00
β= 36,	 pr=1.3184e-08, 	 cum-pr=1.5880e-08 	 rem-pr=1.0000e+00
β= 37,	 pr=6.8793e-08, 	 cum-pr=8.4673e-08 	 rem-pr=1.0000e+00
β= 38,	 pr=3.5090e-07, 	 cum-pr=4.3558e-07 	 rem-pr=1.0000e+00
β= 39,	 pr=1.8614e-06, 	 cum-pr=2.2970e-06 	 rem-pr=1.0000e+00
β= 40,	 pr=8.1218e-06, 	 cum-pr=1.0419e-05 	 rem-pr=9.9999e-01
β= 41,	 pr=3.4051e-05, 	 cum-pr=4.4470e-05 	 rem-pr=9.9996e-01
β= 42,	 pr=1.3101e-04, 	 cum-pr=1.7548e-04 	 rem-pr=9.9982e-01
β= 43,	 pr=6.0436e-04, 	 cum-pr=7.7973e-04 	 rem-pr=9.9922e-01
β= 44,	 pr=2.0888e-03, 	 cum-pr=2.8669e-03 	 rem-pr=9.9713e-01
β= 45,	 pr=6.6487e-03, 	 cum-pr=9.4965e-03 	 rem-pr=9.9050e-01
β= 46,	 pr=2.2406e-02, 	 cum-pr=3.1689e-02 	 rem-pr=9.6831e-01
β= 47,	 pr=5.5778e-02, 	 cum-pr=8.5700e-02 	 rem-pr=9.1430e-01
β= 48,	 pr=1.1953e-01, 	 cum-pr=1.9499e-01 	 rem-pr=8.0501e-01
β= 49,	 pr=2.2193e-01, 	 cum-pr=3.7364e-01 	 rem-pr=6.2636e-01
β= 50,	 pr=3.6072e-01, 	 cum-pr=5.9958e-01 	 rem-pr=4.0042e-01
β= 51,	 pr=5.2001e-01, 	 cum-pr=8.0780e-01 	 rem-pr=1.9220e-01
β= 52,	 pr=6.7530e-01, 	 cum-pr=9.3759e-01 	 rem-pr=6.2406e-02
β= 53,	 pr=8.0430e-01, 	 cum-pr=9.8779e-01 	 rem-pr=1.2213e-02
β= 54,	 pr=8.9582e-01, 	 cum-pr=9.9873e-01 	 rem-pr=1.2724e-03
β= 55,	 pr=9.5137e-01, 	 cum-pr=9.9994e-01 	 rem-pr=6.1878e-05
[4;37m       Attack Estimation      [0m
[1;33m dim=256 	 	 	 β=49.97  [0m
[0m  [0m
[4;37m       Running the Attack      [0m
[3;32m 	 Worthy hint ! [0m [1;33m dim=256, δ=1.01193119, β=52.51 [0m
[1;37m integrate approx hint [0m [0m (conditionning) [0m [3;32m 	 Worthy hint ! [0m [1;33m dim=256, δ=1.00877848, β=111.41 [0m
[1;37m integrate approx hint [0m [0m (conditionning) [0m [3;32m 	 Worthy hint ! [0m [1;33m dim=256, δ=1.01180102, β=54.60 [0m
[1;37m integrate approx hint [0m [0m (conditionning) [0m [3;32m 	 Worthy hint ! [0m [1;33m dim=256, δ=1.01109028, β=65.89 [0m
[1;37m integrate approx hint [0m [0m (conditionning) [0m [3;32m 	 Worthy hint ! [0m [1;33m dim=256, δ=1.00581652, β=226.50 [0m
[1;37m integrate approx hint [0m [0m (conditionning) [0m β= 2,	 pr=2.0023e-39, 	 cum-pr=2.0023e-39 	 rem-pr=1.0000e+00
β= 3,	 pr=2.4562e-36, 	 cum-pr=2.4582e-36 	 rem-pr=1.0000e+00
β= 4,	 pr=9.7825e-35, 	 cum-pr=1.0028e-34 	 rem-pr=1.0000e+00
β= 5,	 pr=1.1271e-33, 	 cum-pr=1.2273e-33 	 rem-pr=1.0000e+00
β= 6,	 pr=7.0951e-33, 	 cum-pr=8.3225e-33 	 rem-pr=1.0000e+00
β= 7,	 pr=3.1393e-32, 	 cum-pr=3.9716e-32 	 rem-pr=1.0000e+00
β= 8,	 pr=1.1413e-31, 	 cum-pr=1.5385e-31 	 rem-pr=1.0000e+00
β= 9,	 pr=3.7059e-31, 	 cum-pr=5.2444e-31 	 rem-pr=1.0000e+00
β= 10,	 pr=1.1178e-30, 	 cum-pr=1.6422e-30 	 rem-pr=1.0000e+00
β= 11,	 pr=3.3384e-30, 	 cum-pr=4.9806e-30 	 rem-pr=1.0000e+00
β= 12,	 pr=1.0244e-29, 	 cum-pr=1.5224e-29 	 rem-pr=1.0000e+00
β= 13,	 pr=3.2974e-29, 	 cum-pr=4.8198e-29 	 rem-pr=1.0000e+00
β= 14,	 pr=1.1037e-28, 	 cum-pr=1.5856e-28 	 rem-pr=1.0000e+00
β= 15,	 pr=4.3943e-28, 	 cum-pr=5.9800e-28 	 rem-pr=1.0000e+00
β= 16,	 pr=1.8991e-27, 	 cum-pr=2.4971e-27 	 rem-pr=1.0000e+00
β= 17,	 pr=9.3234e-27, 	 cum-pr=1.1820e-26 	 rem-pr=1.0000e+00
β= 18,	 pr=5.4976e-26, 	 cum-pr=6.6796e-26 	 rem-pr=1.0000e+00
β= 19,	 pr=3.7450e-25, 	 cum-pr=4.4129e-25 	 rem-pr=1.0000e+00
β= 20,	 pr=2.5317e-24, 	 cum-pr=2.9730e-24 	 rem-pr=1.0000e+00
β= 21,	 pr=1.9055e-23, 	 cum-pr=2.2028e-23 	 rem-pr=1.0000e+00
β= 22,	 pr=1.5791e-22, 	 cum-pr=1.7994e-22 	 rem-pr=1.0000e+00
β= 23,	 pr=1.8715e-21, 	 cum-pr=2.0514e-21 	 rem-pr=1.0000e+00
β= 24,	 pr=2.3735e-20, 	 cum-pr=2.5787e-20 	 rem-pr=1.0000e+00
β= 25,	 pr=2.7994e-19, 	 cum-pr=3.0573e-19 	 rem-pr=1.0000e+00
β= 26,	 pr=2.8651e-18, 	 cum-pr=3.1709e-18 	 rem-pr=1.0000e+00
β= 27,	 pr=2.5361e-17, 	 cum-pr=2.8532e-17 	 rem-pr=1.0000e+00
β= 28,	 pr=2.5051e-16, 	 cum-pr=2.7904e-16 	 rem-pr=1.0000e+00
β= 29,	 pr=2.7850e-15, 	 cum-pr=3.0641e-15 	 rem-pr=1.0000e+00
β= 30,	 pr=3.2943e-14, 	 cum-pr=3.6007e-14 	 rem-pr=1.0000e+00
β= 31,	 pr=4.2613e-13, 	 cum-pr=4.6214e-13 	 rem-pr=1.0000e+00
β= 32,	 pr=5.5001e-12, 	 cum-pr=5.9622e-12 	 rem-pr=1.0000e+00
β= 33,	 pr=5.0060e-11, 	 cum-pr=5.6023e-11 	 rem-pr=1.0000e+00
β= 34,	 pr=4.4405e-10, 	 cum-pr=5.0008e-10 	 rem-pr=1.0000e+00
β= 35,	 pr=2.7873e-09, 	 cum-pr=3.2874e-09 	 rem-pr=1.0000e+00
β= 36,	 pr=1.5830e-08, 	 cum-pr=1.9117e-08 	 rem-pr=1.0000e+00
β= 37,	 pr=8.2112e-08, 	 cum-pr=1.0123e-07 	 rem-pr=1.0000e+00
β= 38,	 pr=4.1775e-07, 	 cum-pr=5.1897e-07 	 rem-pr=1.0000e+00
β= 39,	 pr=2.2093e-06, 	 cum-pr=2.7283e-06 	 rem-pr=1.0000e+00
β= 40,	 pr=9.6064e-06, 	 cum-pr=1.2335e-05 	 rem-pr=9.9999e-01
β= 41,	 pr=4.0091e-05, 	 cum-pr=5.2425e-05 	 rem-pr=9.9995e-01
β= 42,	 pr=1.5338e-04, 	 cum-pr=2.0580e-04 	 rem-pr=9.9979e-01
β= 43,	 pr=7.0136e-04, 	 cum-pr=9.0701e-04 	 rem-pr=9.9909e-01
β= 44,	 pr=2.4027e-03, 	 cum-pr=3.3075e-03 	 rem-pr=9.9669e-01
β= 45,	 pr=7.5689e-03, 	 cum-pr=1.0851e-02 	 rem-pr=9.8915e-01
β= 46,	 pr=2.5146e-02, 	 cum-pr=3.5725e-02 	 rem-pr=9.6428e-01
β= 47,	 pr=6.1763e-02, 	 cum-pr=9.5281e-02 	 rem-pr=9.0472e-01
β= 48,	 pr=1.3049e-01, 	 cum-pr=2.1334e-01 	 rem-pr=7.8666e-01
β= 49,	 pr=2.3877e-01, 	 cum-pr=4.0117e-01 	 rem-pr=5.9883e-01
β= 50,	 pr=3.8250e-01, 	 cum-pr=6.3022e-01 	 rem-pr=3.6978e-01
β= 51,	 pr=5.4379e-01, 	 cum-pr=8.3130e-01 	 rem-pr=1.6870e-01
β= 52,	 pr=6.9728e-01, 	 cum-pr=9.4893e-01 	 rem-pr=5.1068e-02
β= 53,	 pr=8.2155e-01, 	 cum-pr=9.9089e-01 	 rem-pr=9.1131e-03
β= 54,	 pr=9.0733e-01, 	 cum-pr=9.9916e-01 	 rem-pr=8.4447e-04
[4;37m       Attack Estimation      [0m
[1;33m dim=256 	 	 	 β=49.84  [0m
[0m  [0m
[4;37m       Running the Attack      [0m
[3;32m 	 Worthy hint ! [0m [1;33m dim=256, δ=1.01172519, β=55.75 [0m
[1;37m integrate approx hint [0m [0m (conditionning) [0m [3;32m 	 Worthy hint ! [0m [1;33m dim=256, δ=1.00887735, β=108.84 [0m
[1;37m integrate approx hint [0m [0m (conditionning) [0m [3;32m 	 Worthy hint ! [0m [1;33m dim=256, δ=1.00931072, β=98.90 [0m
[1;37m integrate approx hint [0m [0m (conditionning) [0m [3;32m 	 Worthy hint ! [0m [1;33m dim=256, δ=1.01201521, β=50.90 [0m
[1;37m integrate approx hint [0m [0m (conditionning) [0m [3;32m 	 Worthy hint ! [0m [1;33m dim=256, δ=1.01004304, β=84.32 [0m
[1;37m integrate approx hint [0m [0m (conditionning) [0m [3;32m 	 Worthy hint ! [0m [1;33m dim=256, δ=1.00633268, β=197.62 [0m
[1;37m integrate approx hint [0m [0m (conditionning) [0m [3;32m 	 Worthy hint ! [0m [1;33m dim=256, δ=1.00591426, β=220.57 [0m
[1;37m integrate approx hint [0m [0m (conditionning) [0m [3;32m 	 Worthy hint ! [0m [1;33m dim=256, δ=1.01188675, β=53.00 [0m
[1;37m integrate approx hint [0m [0m (conditionning) [0m [3;32m 	 Worthy hint ! [0m [1;33m dim=256, δ=1.00899166, β=106.33 [0m
[1;37m integrate approx hint [0m [0m (conditionning) [0m [3;32m 	 Worthy hint ! [0m [1;33m dim=256, δ=1.01121154, β=64.21 [0m
[1;37m integrate approx hint [0m [0m (conditionning) [0m [3;31m 	 Unworthy hint, Forced it. [0m
[3;32m 	 Worthy hint ! [0m [1;33m dim=256, δ=1.01184275, β=54.15 [0m
[1;37m integrate approx hint [0m [0m (conditionning) [0m [1;37m integrate approx hint [0m [0m (conditionning) [0m β= 2,	 pr=1.3682e-39, 	 cum-pr=1.3682e-39 	 rem-pr=1.0000e+00
β= 3,	 pr=1.7161e-36, 	 cum-pr=1.7175e-36 	 rem-pr=1.0000e+00
β= 4,	 pr=6.9118e-35, 	 cum-pr=7.0836e-35 	 rem-pr=1.0000e+00
β= 5,	 pr=8.0195e-34, 	 cum-pr=8.7279e-34 	 rem-pr=1.0000e+00
β= 6,	 pr=5.0736e-33, 	 cum-pr=5.9464e-33 	 rem-pr=1.0000e+00
β= 7,	 pr=2.2534e-32, 	 cum-pr=2.8481e-32 	 rem-pr=1.0000e+00
β= 8,	 pr=8.2172e-32, 	 cum-pr=1.1065e-31 	 rem-pr=1.0000e+00
β= 9,	 pr=2.6749e-31, 	 cum-pr=3.7815e-31 	 rem-pr=1.0000e+00
β= 10,	 pr=8.0857e-31, 	 cum-pr=1.1867e-30 	 rem-pr=1.0000e+00
β= 11,	 pr=2.4194e-30, 	 cum-pr=3.6061e-30 	 rem-pr=1.0000e+00
β= 12,	 pr=7.4388e-30, 	 cum-pr=1.1045e-29 	 rem-pr=1.0000e+00
β= 13,	 pr=2.3981e-29, 	 cum-pr=3.5026e-29 	 rem-pr=1.0000e+00
β= 14,	 pr=8.0403e-29, 	 cum-pr=1.1543e-28 	 rem-pr=1.0000e+00
β= 15,	 pr=3.2038e-28, 	 cum-pr=4.3581e-28 	 rem-pr=1.0000e+00
β= 16,	 pr=1.3900e-27, 	 cum-pr=1.8258e-27 	 rem-pr=1.0000e+00
β= 17,	 pr=6.8241e-27, 	 cum-pr=8.6499e-27 	 rem-pr=1.0000e+00
β= 18,	 pr=4.0258e-26, 	 cum-pr=4.8908e-26 	 rem-pr=1.0000e+00
β= 19,	 pr=2.7577e-25, 	 cum-pr=3.2467e-25 	 rem-pr=1.0000e+00
β= 20,	 pr=1.8763e-24, 	 cum-pr=2.2009e-24 	 rem-pr=1.0000e+00
β= 21,	 pr=1.4135e-23, 	 cum-pr=1.6335e-23 	 rem-pr=1.0000e+00
β= 22,	 pr=1.1705e-22, 	 cum-pr=1.3338e-22 	 rem-pr=1.0000e+00
β= 23,	 pr=1.3917e-21, 	 cum-pr=1.5250e-21 	 rem-pr=1.0000e+00
β= 24,	 pr=1.7791e-20, 	 cum-pr=1.9316e-20 	 rem-pr=1.0000e+00
β= 25,	 pr=2.1228e-19, 	 cum-pr=2.3160e-19 	 rem-pr=1.0000e+00
β= 26,	 pr=2.1965e-18, 	 cum-pr=2.4281e-18 	 rem-pr=1.0000e+00
β= 27,	 pr=1.9530e-17, 	 cum-pr=2.1958e-17 	 rem-pr=1.0000e+00
β= 28,	 pr=1.9295e-16, 	 cum-pr=2.1491e-16 	 rem-pr=1.0000e+00
β= 29,	 pr=2.1483e-15, 	 cum-pr=2.3632e-15 	 rem-pr=1.0000e+00
β= 30,	 pr=2.5520e-14, 	 cum-pr=2.7883e-14 	 rem-pr=1.0000e+00
β= 31,	 pr=3.3257e-13, 	 cum-pr=3.6046e-13 	 rem-pr=1.0000e+00
β= 32,	 pr=4.3410e-12, 	 cum-pr=4.7015e-12 	 rem-pr=1.0000e+00
β= 33,	 pr=4.0100e-11, 	 cum-pr=4.4801e-11 	 rem-pr=1.0000e+00
β= 34,	 pr=3.6165e-10, 	 cum-pr=4.0645e-10 	 rem-pr=1.0000e+00
β= 35,	 pr=2.3081e-09, 	 cum-pr=2.7145e-09 	 rem-pr=1.0000e+00
β= 36,	 pr=1.3265e-08, 	 cum-pr=1.5980e-08 	 rem-pr=1.0000e+00
β= 37,	 pr=6.9204e-08, 	 cum-pr=8.5183e-08 	 rem-pr=1.0000e+00
β= 38,	 pr=3.5297e-07, 	 cum-pr=4.3815e-07 	 rem-pr=1.0000e+00
β= 39,	 pr=1.8722e-06, 	 cum-pr=2.3103e-06 	 rem-pr=1.0000e+00
β= 40,	 pr=8.1678e-06, 	 cum-pr=1.0478e-05 	 rem-pr=9.9999e-01
β= 41,	 pr=3.4239e-05, 	 cum-pr=4.4717e-05 	 rem-pr=9.9996e-01
β= 42,	 pr=1.3171e-04, 	 cum-pr=1.7642e-04 	 rem-pr=9.9982e-01
β= 43,	 pr=6.0740e-04, 	 cum-pr=7.8371e-04 	 rem-pr=9.9922e-01
β= 44,	 pr=2.0987e-03, 	 cum-pr=2.8807e-03 	 rem-pr=9.9712e-01
β= 45,	 pr=6.6779e-03, 	 cum-pr=9.5394e-03 	 rem-pr=9.9046e-01
β= 46,	 pr=2.2493e-02, 	 cum-pr=3.1818e-02 	 rem-pr=9.6818e-01
β= 47,	 pr=5.5971e-02, 	 cum-pr=8.6008e-02 	 rem-pr=9.1399e-01
β= 48,	 pr=1.1989e-01, 	 cum-pr=1.9558e-01 	 rem-pr=8.0442e-01
β= 49,	 pr=2.2248e-01, 	 cum-pr=3.7455e-01 	 rem-pr=6.2545e-01
β= 50,	 pr=3.6145e-01, 	 cum-pr=6.0062e-01 	 rem-pr=3.9938e-01
β= 51,	 pr=5.2081e-01, 	 cum-pr=8.0862e-01 	 rem-pr=1.9138e-01
β= 52,	 pr=6.7605e-01, 	 cum-pr=9.3800e-01 	 rem-pr=6.1998e-02
β= 53,	 pr=8.0489e-01, 	 cum-pr=9.8790e-01 	 rem-pr=1.2096e-02
β= 54,	 pr=8.9622e-01, 	 cum-pr=9.9874e-01 	 rem-pr=1.2553e-03
β= 55,	 pr=9.5160e-01, 	 cum-pr=9.9994e-01 	 rem-pr=6.0760e-05
[4;37m       Attack Estimation      [0m
[1;33m dim=256 	 	 	 β=49.96  [0m
[0m  [0m
[4;37m       Running the Attack      [0m
[3;32m 	 Worthy hint ! [0m [1;33m dim=256, δ=1.00908844, β=103.87 [0m
[1;37m integrate approx hint [0m [0m (conditionning) [0m [3;32m 	 Worthy hint ! [0m [1;33m dim=256, δ=1.01213019, β=49.27 [0m
[1;37m integrate approx hint [0m [0m (conditionning) [0m [3;32m 	 Worthy hint ! [0m [1;33m dim=256, δ=1.01200247, β=51.39 [0m
[1;37m integrate approx hint [0m [0m (conditionning) [0m [3;32m 	 Worthy hint ! [0m [1;33m dim=256, δ=1.00942215, β=96.61 [0m
[1;37m integrate approx hint [0m [0m (conditionning) [0m [3;32m 	 Worthy hint ! [0m [1;33m dim=256, δ=1.00920128, β=101.48 [0m
[1;37m integrate approx hint [0m [0m (conditionning) [0m [3;32m 	 Worthy hint ! [0m [1;33m dim=256, δ=1.00601070, β=214.84 [0m
[1;37m integrate approx hint [0m [0m (conditionning) [0m [3;32m 	 Worthy hint ! [0m [1;33m dim=256, δ=1.01130579, β=62.56 [0m
[1;37m integrate approx hint [0m [0m (conditionning) [0m [3;32m 	 Worthy hint ! [0m [1;33m dim=256, δ=1.01014884, β=82.34 [0m
[1;37m integrate approx hint [0m [0m (conditionning) [0m [3;32m 	 Worthy hint ! [0m [1;33m dim=256, δ=1.00643341, β=192.61 [0m
[1;37m integrate approx hint [0m [0m (conditionning) [0m [3;32m 	 Worthy hint ! [0m [1;33m dim=256, δ=1.01192883, β=52.54 [0m
[1;37m integrate approx hint [0m [0m (conditionning) [0m [3;32m 	 Worthy hint ! [0m [1;33m dim=256, δ=1.01221080, β=47.64 [0m
[1;37m integrate approx hint [0m [0m (conditionning) [0m [3;32m 	 Worthy hint ! [0m [1;33m dim=256, δ=1.00931351, β=99.14 [0m
[1;37m integrate approx hint [0m [0m (conditionning) [0m [4;37m       Attack Estimation      [0m
[1;33m dim=256 	 δ=1.012477 	 β=43.19  [0m
[0m  [0m
[3;32m 	 Worthy hint ! [0m [1;33m dim=256, δ=1.00611461, β=209.29 [0m
[1;37m integrate approx hint [0m [0m (conditionning) [0m [3;32m 	 Worthy hint ! [0m [1;33m dim=256, δ=1.01208505, β=49.78 [0m
[1;37m integrate approx hint [0m [0m (conditionning) [0m [3;32m 	 Worthy hint ! [0m [1;33m dim=256, δ=1.00940700, β=96.85 [0m
[1;37m integrate approx hint [0m [0m (conditionning) [0m [3;32m 	 Worthy hint ! [0m [1;33m dim=256, δ=1.01139854, β=60.91 [0m
[1;37m integrate approx hint [0m [0m (conditionning) [0m [3;32m 	 Worthy hint ! [0m [1;33m dim=256, δ=1.01201281, β=50.93 [0m
[1;37m integrate approx hint [0m [0m (conditionning) [0m [3;32m 	 Worthy hint ! [0m [1;33m dim=256, δ=1.00953288, β=94.38 [0m
[1;37m integrate approx hint [0m [0m (conditionning) [0m [3;32m 	 Worthy hint ! [0m [1;33m dim=256, δ=1.01229126, β=46.00 [0m
[1;37m integrate approx hint [0m [0m (conditionning) [0m [3;32m 	 Worthy hint ! [0m [1;33m dim=256, δ=1.00951753, β=94.61 [0m
[1;37m integrate approx hint [0m [0m (conditionning) [0m [3;32m 	 Worthy hint ! [0m [1;33m dim=256, δ=1.01025373, β=80.40 [0m
[1;37m integrate approx hint [0m [0m (conditionning) [0m [3;32m 	 Worthy hint ! [0m [1;33m dim=256, δ=1.00653297, β=187.75 [0m
[1;37m integrate approx hint [0m [0m (conditionning) [0m [3;32m 	 Worthy hint ! [0m [1;33m dim=256, δ=1.00620850, β=203.92 [0m
[1;37m integrate approx hint [0m [0m (conditionning) [0m [3;31m 	 Unworthy hint, Forced it. [0m
[1;37m integrate approx hint [0m [0m (conditionning) [0m [3;32m 	 Worthy hint ! [0m [1;33m dim=256, δ=1.01219869, β=48.14 [0m
[1;37m integrate approx hint [0m [0m (conditionning) [0m [3;32m 	 Worthy hint ! [0m [1;33m dim=256, δ=1.00962735, β=92.42 [0m
[1;37m integrate approx hint [0m [0m (conditionning) [0m [3;32m 	 Worthy hint ! [0m [1;33m dim=256, δ=1.01151794, β=59.29 [0m
[1;37m integrate approx hint [0m [0m (conditionning) [0m [3;32m 	 Worthy hint ! [0m [1;33m dim=256, δ=1.00631015, β=198.72 [0m
[1;37m integrate approx hint [0m [0m (conditionning) [0m [3;32m 	 Worthy hint ! [0m [1;33m dim=256, δ=1.01212777, β=49.30 [0m
[1;37m integrate approx hint [0m [0m (conditionning) [0m [3;32m 	 Worthy hint ! [0m [1;33m dim=256, δ=1.01240552, β=44.36 [0m
[1;37m integrate approx hint [0m [0m (conditionning) [0m [3;32m 	 Worthy hint ! [0m [1;33m dim=256, δ=1.00973643, β=90.28 [0m
[1;37m integrate approx hint [0m [0m (conditionning) [0m [3;32m 	 Worthy hint ! [0m [1;33m dim=256, δ=1.00641067, β=193.69 [0m
[1;37m integrate approx hint [0m [0m (conditionning) [0m [3;32m 	 Worthy hint ! [0m [1;33m dim=256, δ=1.01227921, β=46.51 [0m
[1;37m integrate approx hint [0m [0m (conditionning) [0m [3;32m 	 Worthy hint ! [0m [1;33m dim=256, δ=1.00964289, β=92.19 [0m
[1;37m integrate approx hint [0m [0m (conditionning) [0m [3;32m 	 Worthy hint ! [0m [1;33m dim=256, δ=1.00984474, β=88.18 [0m
[1;37m integrate approx hint [0m [0m (conditionning) [0m [3;32m 	 Worthy hint ! [0m [1;33m dim=256, δ=1.01160822, β=57.67 [0m
[3;32m 	 Worthy hint ! [0m [1;33m dim=256, δ=1.01035767, β=78.49 [0m
[1;37m integrate approx hint [0m [0m (conditionning) [0m [1;37m integrate approx hint [0m [0m (conditionning) [0m [3;32m 	 Worthy hint ! [0m [1;33m dim=256, δ=1.00664130, β=183.04 [0m
[1;37m integrate approx hint [0m [0m (conditionning) [0m [3;32m 	 Worthy hint ! [0m [1;33m dim=256, δ=1.00651003, β=188.81 [0m
[1;37m integrate approx hint [0m [0m (conditionning) [0m [3;32m 	 Worthy hint ! [0m [1;33m dim=256, δ=1.01220837, β=47.66 [0m
[1;37m integrate approx hint [0m [0m (conditionning) [0m β= 2,	 pr=1.1263e-39, 	 cum-pr=1.1263e-39 	 rem-pr=1.0000e+00
β= 3,	 pr=1.4288e-36, 	 cum-pr=1.4300e-36 	 rem-pr=1.0000e+00
β= 4,	 pr=5.7878e-35, 	 cum-pr=5.9308e-35 	 rem-pr=1.0000e+00
β= 5,	 pr=6.7395e-34, 	 cum-pr=7.3326e-34 	 rem-pr=1.0000e+00
β= 6,	 pr=4.2746e-33, 	 cum-pr=5.0079e-33 	 rem-pr=1.0000e+00
β= 7,	 pr=1.9022e-32, 	 cum-pr=2.4030e-32 	 rem-pr=1.0000e+00
β= 8,	 pr=6.9473e-32, 	 cum-pr=9.3503e-32 	 rem-pr=1.0000e+00
β= 9,	 pr=2.2645e-31, 	 cum-pr=3.1995e-31 	 rem-pr=1.0000e+00
β= 10,	 pr=6.8525e-31, 	 cum-pr=1.0052e-30 	 rem-pr=1.0000e+00
β= 11,	 pr=2.0524e-30, 	 cum-pr=3.0576e-30 	 rem-pr=1.0000e+00
β= 12,	 pr=6.3167e-30, 	 cum-pr=9.3743e-30 	 rem-pr=1.0000e+00
β= 13,	 pr=2.0379e-29, 	 cum-pr=2.9753e-29 	 rem-pr=1.0000e+00
β= 14,	 pr=6.8388e-29, 	 cum-pr=9.8141e-29 	 rem-pr=1.0000e+00
β= 15,	 pr=2.7261e-28, 	 cum-pr=3.7075e-28 	 rem-pr=1.0000e+00
β= 16,	 pr=1.1851e-27, 	 cum-pr=1.5558e-27 	 rem-pr=1.0000e+00
β= 17,	 pr=5.8184e-27, 	 cum-pr=7.3742e-27 	 rem-pr=1.0000e+00
β= 18,	 pr=3.4331e-26, 	 cum-pr=4.1705e-26 	 rem-pr=1.0000e+00
β= 19,	 pr=2.3582e-25, 	 cum-pr=2.7753e-25 	 rem-pr=1.0000e+00
β= 20,	 pr=1.6099e-24, 	 cum-pr=1.8874e-24 	 rem-pr=1.0000e+00
β= 21,	 pr=1.2134e-23, 	 cum-pr=1.4021e-23 	 rem-pr=1.0000e+00
β= 22,	 pr=1.0044e-22, 	 cum-pr=1.1446e-22 	 rem-pr=1.0000e+00
β= 23,	 pr=1.1961e-21, 	 cum-pr=1.3105e-21 	 rem-pr=1.0000e+00
β= 24,	 pr=1.5351e-20, 	 cum-pr=1.6662e-20 	 rem-pr=1.0000e+00
β= 25,	 pr=1.8426e-19, 	 cum-pr=2.0092e-19 	 rem-pr=1.0000e+00
β= 26,	 pr=1.9173e-18, 	 cum-pr=2.1182e-18 	 rem-pr=1.0000e+00
β= 27,	 pr=1.7090e-17, 	 cum-pr=1.9208e-17 	 rem-pr=1.0000e+00
β= 28,	 pr=1.6885e-16, 	 cum-pr=1.8806e-16 	 rem-pr=1.0000e+00
β= 29,	 pr=1.8813e-15, 	 cum-pr=2.0694e-15 	 rem-pr=1.0000e+00
β= 30,	 pr=2.2395e-14, 	 cum-pr=2.4465e-14 	 rem-pr=1.0000e+00
β= 31,	 pr=2.9295e-13, 	 cum-pr=3.1741e-13 	 rem-pr=1.0000e+00
β= 32,	 pr=3.8455e-12, 	 cum-pr=4.1629e-12 	 rem-pr=1.0000e+00
β= 33,	 pr=3.5790e-11, 	 cum-pr=3.9952e-11 	 rem-pr=1.0000e+00
β= 34,	 pr=3.2551e-10, 	 cum-pr=3.6546e-10 	 rem-pr=1.0000e+00
β= 35,	 pr=2.0952e-09, 	 cum-pr=2.4607e-09 	 rem-pr=1.0000e+00
β= 36,	 pr=1.2117e-08, 	 cum-pr=1.4578e-08 	 rem-pr=1.0000e+00
β= 37,	 pr=6.3407e-08, 	 cum-pr=7.7985e-08 	 rem-pr=1.0000e+00
β= 38,	 pr=3.2383e-07, 	 cum-pr=4.0181e-07 	 rem-pr=1.0000e+00
β= 39,	 pr=1.7201e-06, 	 cum-pr=2.1220e-06 	 rem-pr=1.0000e+00
β= 40,	 pr=7.5170e-06, 	 cum-pr=9.6389e-06 	 rem-pr=9.9999e-01
β= 41,	 pr=3.1581e-05, 	 cum-pr=4.1219e-05 	 rem-pr=9.9996e-01
β= 42,	 pr=1.2182e-04, 	 cum-pr=1.6303e-04 	 rem-pr=9.9984e-01
β= 43,	 pr=5.6419e-04, 	 cum-pr=7.2713e-04 	 rem-pr=9.9927e-01
β= 44,	 pr=1.9578e-03, 	 cum-pr=2.6835e-03 	 rem-pr=9.9732e-01
β= 45,	 pr=6.2612e-03, 	 cum-pr=8.9279e-03 	 rem-pr=9.9107e-01
β= 46,	 pr=2.1237e-02, 	 cum-pr=2.9975e-02 	 rem-pr=9.7002e-01
β= 47,	 pr=5.3194e-02, 	 cum-pr=8.1575e-02 	 rem-pr=9.1843e-01
β= 48,	 pr=1.1473e-01, 	 cum-pr=1.8695e-01 	 rem-pr=8.1305e-01
β= 49,	 pr=2.1445e-01, 	 cum-pr=3.6131e-01 	 rem-pr=6.3869e-01
β= 50,	 pr=3.5089e-01, 	 cum-pr=5.8542e-01 	 rem-pr=4.1458e-01
β= 51,	 pr=5.0909e-01, 	 cum-pr=7.9648e-01 	 rem-pr=2.0352e-01
β= 52,	 pr=6.6502e-01, 	 cum-pr=9.3182e-01 	 rem-pr=6.8177e-02
β= 53,	 pr=7.9607e-01, 	 cum-pr=9.8610e-01 	 rem-pr=1.3904e-02
β= 54,	 pr=8.9021e-01, 	 cum-pr=9.9847e-01 	 rem-pr=1.5264e-03
β= 55,	 pr=9.4811e-01, 	 cum-pr=9.9992e-01 	 rem-pr=7.9202e-05
[4;37m       Attack Estimation      [0m
[1;33m dim=256 	 	 	 β=50.03  [0m
[0m  [0m
[4;37m       Running the Attack      [0m
[3;32m 	 Worthy hint ! [0m [1;33m dim=256, δ=1.01248642, β=42.72 [0m
[3;32m 	 Worthy hint ! [0m [1;33m dim=256, δ=1.00995225, β=86.12 [0m
[1;37m integrate approx hint [0m [0m (conditionning) [0m [3;32m 	 Worthy hint ! [0m [1;33m dim=256, δ=1.00661809, β=184.09 [0m
[1;37m integrate approx hint [0m [0m (conditionning) [0m [3;32m 	 Worthy hint ! [0m [1;33m dim=256, δ=1.01235941, β=44.87 [0m
[1;37m integrate approx hint [0m [0m (conditionning) [0m [3;32m 	 Worthy hint ! [0m [1;33m dim=256, δ=1.01172630, β=56.06 [0m
[1;37m integrate approx hint [0m [0m (conditionning) [0m [3;32m 	 Worthy hint ! [0m [1;33m dim=256, δ=1.01005892, β=84.10 [0m
[1;37m integrate approx hint [0m [0m (conditionning) [0m β= 2,	 pr=7.7779e-40, 	 cum-pr=7.7779e-40 	 rem-pr=1.0000e+00
β= 3,	 pr=1.0082e-36, 	 cum-pr=1.0090e-36 	 rem-pr=1.0000e+00
β= 4,	 pr=4.1287e-35, 	 cum-pr=4.2296e-35 	 rem-pr=1.0000e+00
β= 5,	 pr=4.8405e-34, 	 cum-pr=5.2634e-34 	 rem-pr=1.0000e+00
β= 6,	 pr=3.0850e-33, 	 cum-pr=3.6113e-33 	 rem-pr=1.0000e+00
β= 7,	 pr=1.3779e-32, 	 cum-pr=1.7390e-32 	 rem-pr=1.0000e+00
β= 8,	 pr=5.0472e-32, 	 cum-pr=6.7862e-32 	 rem-pr=1.0000e+00
β= 9,	 pr=1.6491e-31, 	 cum-pr=2.3277e-31 	 rem-pr=1.0000e+00
β= 10,	 pr=5.0009e-31, 	 cum-pr=7.3287e-31 	 rem-pr=1.0000e+00
β= 11,	 pr=1.5005e-30, 	 cum-pr=2.2334e-30 	 rem-pr=1.0000e+00
β= 12,	 pr=4.6274e-30, 	 cum-pr=6.8608e-30 	 rem-pr=1.0000e+00
β= 13,	 pr=1.4950e-29, 	 cum-pr=2.1811e-29 	 rem-pr=1.0000e+00
β= 14,	 pr=5.0256e-29, 	 cum-pr=7.2067e-29 	 rem-pr=1.0000e+00
β= 15,	 pr=2.0046e-28, 	 cum-pr=2.7252e-28 	 rem-pr=1.0000e+00
β= 16,	 pr=8.7476e-28, 	 cum-pr=1.1473e-27 	 rem-pr=1.0000e+00
β= 17,	 pr=4.2956e-27, 	 cum-pr=5.4429e-27 	 rem-pr=1.0000e+00
β= 18,	 pr=2.5352e-26, 	 cum-pr=3.0794e-26 	 rem-pr=1.0000e+00
β= 19,	 pr=1.7506e-25, 	 cum-pr=2.0585e-25 	 rem-pr=1.0000e+00
β= 20,	 pr=1.2027e-24, 	 cum-pr=1.4086e-24 	 rem-pr=1.0000e+00
β= 21,	 pr=9.0752e-24, 	 cum-pr=1.0484e-23 	 rem-pr=1.0000e+00
β= 22,	 pr=7.5058e-23, 	 cum-pr=8.5542e-23 	 rem-pr=1.0000e+00
β= 23,	 pr=8.9640e-22, 	 cum-pr=9.8194e-22 	 rem-pr=1.0000e+00
β= 24,	 pr=1.1591e-20, 	 cum-pr=1.2573e-20 	 rem-pr=1.0000e+00
β= 25,	 pr=1.4069e-19, 	 cum-pr=1.5326e-19 	 rem-pr=1.0000e+00
β= 26,	 pr=1.4799e-18, 	 cum-pr=1.6331e-18 	 rem-pr=1.0000e+00
β= 27,	 pr=1.3255e-17, 	 cum-pr=1.4888e-17 	 rem-pr=1.0000e+00
β= 28,	 pr=1.3099e-16, 	 cum-pr=1.4587e-16 	 rem-pr=1.0000e+00
β= 29,	 pr=1.4613e-15, 	 cum-pr=1.6071e-15 	 rem-pr=1.0000e+00
β= 30,	 pr=1.7463e-14, 	 cum-pr=1.9070e-14 	 rem-pr=1.0000e+00
β= 31,	 pr=2.3002e-13, 	 cum-pr=2.4909e-13 	 rem-pr=1.0000e+00
β= 32,	 pr=3.0516e-12, 	 cum-pr=3.3007e-12 	 rem-pr=1.0000e+00
β= 33,	 pr=2.8805e-11, 	 cum-pr=3.2106e-11 	 rem-pr=1.0000e+00
β= 34,	 pr=2.6620e-10, 	 cum-pr=2.9831e-10 	 rem-pr=1.0000e+00
β= 35,	 pr=1.7416e-09, 	 cum-pr=2.0399e-09 	 rem-pr=1.0000e+00
β= 36,	 pr=1.0195e-08, 	 cum-pr=1.2235e-08 	 rem-pr=1.0000e+00
β= 37,	 pr=5.3672e-08, 	 cum-pr=6.5907e-08 	 rem-pr=1.0000e+00
β= 38,	 pr=2.7481e-07, 	 cum-pr=3.4072e-07 	 rem-pr=1.0000e+00
β= 39,	 pr=1.4637e-06, 	 cum-pr=1.8045e-06 	 rem-pr=1.0000e+00
β= 40,	 pr=6.4163e-06, 	 cum-pr=8.2208e-06 	 rem-pr=9.9999e-01
β= 41,	 pr=2.7069e-05, 	 cum-pr=3.5290e-05 	 rem-pr=9.9996e-01
β= 42,	 pr=1.0495e-04, 	 cum-pr=1.4023e-04 	 rem-pr=9.9986e-01
β= 43,	 pr=4.8998e-04, 	 cum-pr=6.3014e-04 	 rem-pr=9.9937e-01
β= 44,	 pr=1.7140e-03, 	 cum-pr=2.3431e-03 	 rem-pr=9.9766e-01
β= 45,	 pr=5.5342e-03, 	 cum-pr=7.8643e-03 	 rem-pr=9.9214e-01
β= 46,	 pr=1.9018e-02, 	 cum-pr=2.6733e-02 	 rem-pr=9.7327e-01
β= 47,	 pr=4.8231e-02, 	 cum-pr=7.3675e-02 	 rem-pr=9.2633e-01
β= 48,	 pr=1.0540e-01, 	 cum-pr=1.7131e-01 	 rem-pr=8.2869e-01
β= 49,	 pr=1.9969e-01, 	 cum-pr=3.3679e-01 	 rem-pr=6.6321e-01
β= 50,	 pr=3.3121e-01, 	 cum-pr=5.5645e-01 	 rem-pr=4.4355e-01
β= 51,	 pr=4.8687e-01, 	 cum-pr=7.7240e-01 	 rem-pr=2.2760e-01
β= 52,	 pr=6.4373e-01, 	 cum-pr=9.1891e-01 	 rem-pr=8.1087e-02
β= 53,	 pr=7.7871e-01, 	 cum-pr=9.8206e-01 	 rem-pr=1.7943e-02
β= 54,	 pr=8.7815e-01, 	 cum-pr=9.9781e-01 	 rem-pr=2.1863e-03
β= 55,	 pr=9.4096e-01, 	 cum-pr=9.9987e-01 	 rem-pr=1.2908e-04
[4;37m       Attack Estimation      [0m
[1;33m dim=256 	 	 	 β=50.15  [0m
[0m  [0m
[4;37m       Running the Attack      [0m
[3;32m 	 Worthy hint ! [0m [1;33m dim=256, δ=1.01232256, β=46.02 [0m
[1;37m integrate approx hint [0m [0m (conditionning) [0m [3;31m 	 Unworthy hint, Forced it. [0m
[1;37m integrate approx hint [0m [0m (conditionning) [0m [3;32m 	 Worthy hint ! [0m [1;33m dim=256, δ=1.00975218, β=90.05 [0m
[1;37m integrate approx hint [0m [0m (conditionning) [0m [3;32m 	 Worthy hint ! [0m [1;33m dim=256, δ=1.01046060, β=76.62 [0m
[1;37m integrate approx hint [0m [0m (conditionning) [0m [3;32m 	 Worthy hint ! [0m [1;33m dim=256, δ=1.01016473, β=82.13 [0m
[1;37m integrate approx hint [0m [0m (conditionning) [0m [3;32m 	 Worthy hint ! [0m [1;33m dim=256, δ=1.00673859, β=178.48 [0m
[1;37m integrate approx hint [0m [0m (conditionning) [0m [3;32m 	 Worthy hint ! [0m [1;33m dim=256, δ=1.00671518, β=179.51 [0m
[1;37m integrate approx hint [0m [0m (conditionning) [0m [3;32m 	 Worthy hint ! [0m [1;33m dim=256, δ=1.01247311, β=43.23 [0m
[3;32m 	 Worthy hint ! [0m [1;33m dim=256, δ=1.01181390, β=54.46 [0m
[1;37m integrate approx hint [0m [0m (conditionning) [0m [3;32m 	 Worthy hint ! [0m [1;33m dim=256, δ=1.01026963, β=80.19 [0m
[1;37m integrate approx hint [0m [0m (conditionning) [0m [3;32m 	 Worthy hint ! [0m [1;33m dim=256, δ=1.01240305, β=44.39 [0m
[1;37m integrate approx hint [0m [0m (conditionning) [0m [3;32m 	 Worthy hint ! [0m [1;33m dim=256, δ=1.01037353, β=78.29 [0m
[1;37m integrate approx hint [0m [0m (conditionning) [0m [3;32m 	 Worthy hint ! [0m [1;33m dim=256, δ=1.00682138, β=175.07 [0m
[1;37m integrate approx hint [0m [0m (conditionning) [0m [3;32m 	 Worthy hint ! [0m [1;33m dim=256, δ=1.00984093, β=87.95 [0m
[1;37m integrate approx hint [0m [0m (conditionning) [0m [3;32m 	 Worthy hint ! [0m [1;33m dim=256, δ=1.01189957, β=52.86 [0m
[3;32m 	 Worthy hint ! [0m [1;33m dim=256, δ=1.01056248, β=74.78 [0m
[1;37m integrate approx hint [0m [0m (conditionning) [0m [1;37m integrate approx hint [0m [0m (conditionning) [0m [3;32m 	 Worthy hint ! [0m [1;33m dim=256, δ=1.00684502, β=174.06 [0m
[1;37m integrate approx hint [0m [0m (conditionning) [0m [4;37m       Attack Estimation      [0m
[1;33m dim=256 	 δ=1.012508 	 β=42.48  [0m
[0m  [0m
[3;32m 	 Worthy hint ! [0m [1;33m dim=256, δ=1.01047641, β=76.42 [0m
[1;37m integrate approx hint [0m [0m (conditionning) [0m [3;32m 	 Worthy hint ! [0m [1;33m dim=256, δ=1.01248392, β=42.75 [0m
[3;32m 	 Worthy hint ! [0m [1;33m dim=256, δ=1.00691603, β=170.76 [0m
[1;37m integrate approx hint [0m [0m (conditionning) [0m [3;32m 	 Worthy hint ! [0m [1;33m dim=256, δ=1.01057825, β=74.59 [0m
[1;37m integrate approx hint [0m [0m (conditionning) [0m [3;31m 	 Unworthy hint, Forced it. [0m
[1;37m integrate approx hint [0m [0m (conditionning) [0m [3;32m 	 Worthy hint ! [0m [1;33m dim=256, δ=1.01201525, β=51.25 [0m
[1;37m integrate approx hint [0m [0m (conditionning) [0m [3;32m 	 Worthy hint ! [0m [1;33m dim=256, δ=1.01067900, β=72.78 [0m
[1;37m integrate approx hint [0m [0m (conditionning) [0m [3;32m 	 Worthy hint ! [0m [1;33m dim=256, δ=1.00702018, β=166.58 [0m
[1;37m integrate approx hint [0m [0m (conditionning) [0m β= 2,	 pr=9.5890e-40, 	 cum-pr=9.5890e-40 	 rem-pr=1.0000e+00
β= 3,	 pr=1.2279e-36, 	 cum-pr=1.2289e-36 	 rem-pr=1.0000e+00
β= 4,	 pr=4.9976e-35, 	 cum-pr=5.1204e-35 	 rem-pr=1.0000e+00
β= 5,	 pr=5.8366e-34, 	 cum-pr=6.3486e-34 	 rem-pr=1.0000e+00
β= 6,	 pr=3.7097e-33, 	 cum-pr=4.3446e-33 	 rem-pr=1.0000e+00
β= 7,	 pr=1.6535e-32, 	 cum-pr=2.0879e-32 	 rem-pr=1.0000e+00
β= 8,	 pr=6.0466e-32, 	 cum-pr=8.1345e-32 	 rem-pr=1.0000e+00
β= 9,	 pr=1.9730e-31, 	 cum-pr=2.7864e-31 	 rem-pr=1.0000e+00
β= 10,	 pr=5.9758e-31, 	 cum-pr=8.7622e-31 	 rem-pr=1.0000e+00
β= 11,	 pr=1.7912e-30, 	 cum-pr=2.6674e-30 	 rem-pr=1.0000e+00
β= 12,	 pr=5.5177e-30, 	 cum-pr=8.1851e-30 	 rem-pr=1.0000e+00
β= 13,	 pr=1.7812e-29, 	 cum-pr=2.5997e-29 	 rem-pr=1.0000e+00
β= 14,	 pr=5.9819e-29, 	 cum-pr=8.5816e-29 	 rem-pr=1.0000e+00
β= 15,	 pr=2.3852e-28, 	 cum-pr=3.2433e-28 	 rem-pr=1.0000e+00
β= 16,	 pr=1.0386e-27, 	 cum-pr=1.3629e-27 	 rem-pr=1.0000e+00
β= 17,	 pr=5.0996e-27, 	 cum-pr=6.4625e-27 	 rem-pr=1.0000e+00
β= 18,	 pr=3.0093e-26, 	 cum-pr=3.6555e-26 	 rem-pr=1.0000e+00
β= 19,	 pr=2.0719e-25, 	 cum-pr=2.4374e-25 	 rem-pr=1.0000e+00
β= 20,	 pr=1.4183e-24, 	 cum-pr=1.6620e-24 	 rem-pr=1.0000e+00
β= 21,	 pr=1.0695e-23, 	 cum-pr=1.2357e-23 	 rem-pr=1.0000e+00
β= 22,	 pr=8.8496e-23, 	 cum-pr=1.0085e-22 	 rem-pr=1.0000e+00
β= 23,	 pr=1.0552e-21, 	 cum-pr=1.1561e-21 	 rem-pr=1.0000e+00
β= 24,	 pr=1.3587e-20, 	 cum-pr=1.4743e-20 	 rem-pr=1.0000e+00
β= 25,	 pr=1.6388e-19, 	 cum-pr=1.7862e-19 	 rem-pr=1.0000e+00
β= 26,	 pr=1.7133e-18, 	 cum-pr=1.8919e-18 	 rem-pr=1.0000e+00
β= 27,	 pr=1.5303e-17, 	 cum-pr=1.7195e-17 	 rem-pr=1.0000e+00
β= 28,	 pr=1.5121e-16, 	 cum-pr=1.6840e-16 	 rem-pr=1.0000e+00
β= 29,	 pr=1.6857e-15, 	 cum-pr=1.8541e-15 	 rem-pr=1.0000e+00
β= 30,	 pr=2.0101e-14, 	 cum-pr=2.1955e-14 	 rem-pr=1.0000e+00
β= 31,	 pr=2.6374e-13, 	 cum-pr=2.8570e-13 	 rem-pr=1.0000e+00
β= 32,	 pr=3.4781e-12, 	 cum-pr=3.7638e-12 	 rem-pr=1.0000e+00
β= 33,	 pr=3.2571e-11, 	 cum-pr=3.6334e-11 	 rem-pr=1.0000e+00
β= 34,	 pr=2.9830e-10, 	 cum-pr=3.3463e-10 	 rem-pr=1.0000e+00
β= 35,	 pr=1.9337e-09, 	 cum-pr=2.2683e-09 	 rem-pr=1.0000e+00
β= 36,	 pr=1.1242e-08, 	 cum-pr=1.3510e-08 	 rem-pr=1.0000e+00
β= 37,	 pr=5.8978e-08, 	 cum-pr=7.2488e-08 	 rem-pr=1.0000e+00
β= 38,	 pr=3.0154e-07, 	 cum-pr=3.7403e-07 	 rem-pr=1.0000e+00
β= 39,	 pr=1.6037e-06, 	 cum-pr=1.9777e-06 	 rem-pr=1.0000e+00
β= 40,	 pr=7.0175e-06, 	 cum-pr=8.9951e-06 	 rem-pr=9.9999e-01
β= 41,	 pr=2.9536e-05, 	 cum-pr=3.8531e-05 	 rem-pr=9.9996e-01
β= 42,	 pr=1.1418e-04, 	 cum-pr=1.5271e-04 	 rem-pr=9.9985e-01
β= 43,	 pr=5.3070e-04, 	 cum-pr=6.8333e-04 	 rem-pr=9.9932e-01
β= 44,	 pr=1.8480e-03, 	 cum-pr=2.5301e-03 	 rem-pr=9.9747e-01
β= 45,	 pr=5.9349e-03, 	 cum-pr=8.4500e-03 	 rem-pr=9.9155e-01
β= 46,	 pr=2.0246e-02, 	 cum-pr=2.8525e-02 	 rem-pr=9.7148e-01
β= 47,	 pr=5.0986e-02, 	 cum-pr=7.8056e-02 	 rem-pr=9.2194e-01
β= 48,	 pr=1.1060e-01, 	 cum-pr=1.8003e-01 	 rem-pr=8.1997e-01
β= 49,	 pr=2.0795e-01, 	 cum-pr=3.5054e-01 	 rem-pr=6.4946e-01
β= 50,	 pr=3.4227e-01, 	 cum-pr=5.7283e-01 	 rem-pr=4.2717e-01
β= 51,	 pr=4.9941e-01, 	 cum-pr=7.8616e-01 	 rem-pr=2.1384e-01
β= 52,	 pr=6.5581e-01, 	 cum-pr=9.2640e-01 	 rem-pr=7.3601e-02
β= 53,	 pr=7.8862e-01, 	 cum-pr=9.8444e-01 	 rem-pr=1.5558e-02
β= 54,	 pr=8.8507e-01, 	 cum-pr=9.9821e-01 	 rem-pr=1.7880e-03
β= 55,	 pr=9.4509e-01, 	 cum-pr=9.9990e-01 	 rem-pr=9.8183e-05
[4;37m       Attack Estimation      [0m
[1;33m dim=256 	 	 	 β=50.08  [0m
[0m  [0m
[4;37m       Running the Attack      [0m
[3;32m 	 Worthy hint ! [0m [1;33m dim=256, δ=1.00994820, β=85.90 [0m
[1;37m integrate approx hint [0m [0m (conditionning) [0m [3;32m 	 Worthy hint ! [0m [1;33m dim=256, δ=1.01066327, β=72.97 [0m
[1;37m integrate approx hint [0m [0m (conditionning) [0m [3;32m 	 Worthy hint ! [0m [1;33m dim=256, δ=1.00693983, β=169.77 [0m
[1;37m integrate approx hint [0m [0m (conditionning) [0m [3;32m 	 Worthy hint ! [0m [1;33m dim=256, δ=1.01080258, β=71.00 [0m
[1;37m integrate approx hint [0m [0m (conditionning) [0m [3;32m 	 Worthy hint ! [0m [1;33m dim=256, δ=1.01209779, β=49.63 [0m
[1;37m integrate approx hint [0m [0m (conditionning) [0m [3;32m 	 Worthy hint ! [0m [1;33m dim=256, δ=1.01090159, β=69.25 [0m
[1;37m integrate approx hint [0m [0m (conditionning) [0m [3;32m 	 Worthy hint ! [0m [1;33m dim=256, δ=1.00712335, β=162.52 [0m
[1;37m integrate approx hint [0m [0m (conditionning) [0m [3;32m 	 Worthy hint ! [0m [1;33m dim=256, δ=1.01099936, β=67.53 [0m
[1;37m integrate approx hint [0m [0m (conditionning) [0m [3;32m 	 Worthy hint ! [0m [1;33m dim=256, δ=1.01005463, β=83.88 [0m
[1;37m integrate approx hint [0m [0m (conditionning) [0m [3;32m 	 Worthy hint ! [0m [1;33m dim=256, δ=1.01078687, β=71.19 [0m
[1;37m integrate approx hint [0m [0m (conditionning) [0m [3;32m 	 Worthy hint ! [0m [1;33m dim=256, δ=1.01217803, β=48.00 [0m
[1;37m integrate approx hint [0m [0m (conditionning) [0m [3;32m 	 Worthy hint ! [0m [1;33m dim=256, δ=1.00704419, β=165.61 [0m
[1;37m integrate approx hint [0m [0m (conditionning) [0m [3;32m 	 Worthy hint ! [0m [1;33m dim=256, δ=1.01109582, β=65.83 [0m
[1;37m integrate approx hint [0m [0m (conditionning) [0m [3;31m 	 Unworthy hint, Forced it. [0m
[1;37m integrate approx hint [0m [0m (conditionning) [0m [3;32m 	 Worthy hint ! [0m [1;33m dim=256, δ=1.01121719, β=64.15 [0m
[1;37m integrate approx hint [0m [0m (conditionning) [0m [3;32m 	 Worthy hint ! [0m [1;33m dim=256, δ=1.00722549, β=158.59 [0m
[1;37m integrate approx hint [0m [0m (conditionning) [0m [3;32m 	 Worthy hint ! [0m [1;33m dim=256, δ=1.01229187, β=46.37 [0m
[1;37m integrate approx hint [0m [0m (conditionning) [0m [3;32m 	 Worthy hint ! [0m [1;33m dim=256, δ=1.01131153, β=62.49 [0m
[1;37m integrate approx hint [0m [0m (conditionning) [0m [3;32m 	 Worthy hint ! [0m [1;33m dim=256, δ=1.01016017, β=81.91 [0m
[1;37m integrate approx hint [0m [0m (conditionning) [0m [3;32m 	 Worthy hint ! [0m [1;33m dim=256, δ=1.01088591, β=69.44 [0m
[1;37m integrate approx hint [0m [0m (conditionning) [0m [3;32m 	 Worthy hint ! [0m [1;33m dim=256, δ=1.00714753, β=161.57 [0m
[1;37m integrate approx hint [0m [0m (conditionning) [0m [3;32m 	 Worthy hint ! [0m [1;33m dim=256, δ=1.01140437, β=60.85 [0m
[1;37m integrate approx hint [0m [0m (conditionning) [0m [3;32m 	 Worthy hint ! [0m [1;33m dim=256, δ=1.01237202, β=44.73 [0m
[1;37m integrate approx hint [0m [0m (conditionning) [0m [3;32m 	 Worthy hint ! [0m [1;33m dim=256, δ=1.00732655, β=154.76 [0m
[1;37m integrate approx hint [0m [0m (conditionning) [0m β= 2,	 pr=9.5499e-40, 	 cum-pr=9.5499e-40 	 rem-pr=1.0000e+00
β= 3,	 pr=1.2232e-36, 	 cum-pr=1.2242e-36 	 rem-pr=1.0000e+00
β= 4,	 pr=4.9790e-35, 	 cum-pr=5.1014e-35 	 rem-pr=1.0000e+00
β= 5,	 pr=5.8153e-34, 	 cum-pr=6.3255e-34 	 rem-pr=1.0000e+00
β= 6,	 pr=3.6964e-33, 	 cum-pr=4.3290e-33 	 rem-pr=1.0000e+00
β= 7,	 pr=1.6476e-32, 	 cum-pr=2.0805e-32 	 rem-pr=1.0000e+00
β= 8,	 pr=6.0253e-32, 	 cum-pr=8.1058e-32 	 rem-pr=1.0000e+00
β= 9,	 pr=1.9661e-31, 	 cum-pr=2.7767e-31 	 rem-pr=1.0000e+00
β= 10,	 pr=5.9551e-31, 	 cum-pr=8.7318e-31 	 rem-pr=1.0000e+00
β= 11,	 pr=1.7850e-30, 	 cum-pr=2.6582e-30 	 rem-pr=1.0000e+00
β= 12,	 pr=5.4988e-30, 	 cum-pr=8.1570e-30 	 rem-pr=1.0000e+00
β= 13,	 pr=1.7751e-29, 	 cum-pr=2.5908e-29 	 rem-pr=1.0000e+00
β= 14,	 pr=5.9616e-29, 	 cum-pr=8.5524e-29 	 rem-pr=1.0000e+00
β= 15,	 pr=2.3771e-28, 	 cum-pr=3.2323e-28 	 rem-pr=1.0000e+00
β= 16,	 pr=1.0351e-27, 	 cum-pr=1.3584e-27 	 rem-pr=1.0000e+00
β= 17,	 pr=5.0825e-27, 	 cum-pr=6.4409e-27 	 rem-pr=1.0000e+00
β= 18,	 pr=2.9992e-26, 	 cum-pr=3.6433e-26 	 rem-pr=1.0000e+00
β= 19,	 pr=2.0651e-25, 	 cum-pr=2.4294e-25 	 rem-pr=1.0000e+00
β= 20,	 pr=1.4137e-24, 	 cum-pr=1.6567e-24 	 rem-pr=1.0000e+00
β= 21,	 pr=1.0661e-23, 	 cum-pr=1.2317e-23 	 rem-pr=1.0000e+00
β= 22,	 pr=8.8212e-23, 	 cum-pr=1.0053e-22 	 rem-pr=1.0000e+00
β= 23,	 pr=1.0519e-21, 	 cum-pr=1.1524e-21 	 rem-pr=1.0000e+00
β= 24,	 pr=1.3545e-20, 	 cum-pr=1.4698e-20 	 rem-pr=1.0000e+00
β= 25,	 pr=1.6339e-19, 	 cum-pr=1.7809e-19 	 rem-pr=1.0000e+00
β= 26,	 pr=1.7084e-18, 	 cum-pr=1.8865e-18 	 rem-pr=1.0000e+00
β= 27,	 pr=1.5260e-17, 	 cum-pr=1.7146e-17 	 rem-pr=1.0000e+00
β= 28,	 pr=1.5079e-16, 	 cum-pr=1.6793e-16 	 rem-pr=1.0000e+00
β= 29,	 pr=1.6810e-15, 	 cum-pr=1.8489e-15 	 rem-pr=1.0000e+00
β= 30,	 pr=2.0046e-14, 	 cum-pr=2.1895e-14 	 rem-pr=1.0000e+00
β= 31,	 pr=2.6304e-13, 	 cum-pr=2.8493e-13 	 rem-pr=1.0000e+00
β= 32,	 pr=3.4693e-12, 	 cum-pr=3.7542e-12 	 rem-pr=1.0000e+00
β= 33,	 pr=3.2493e-11, 	 cum-pr=3.6247e-11 	 rem-pr=1.0000e+00
β= 34,	 pr=2.9764e-10, 	 cum-pr=3.3389e-10 	 rem-pr=1.0000e+00
β= 35,	 pr=1.9297e-09, 	 cum-pr=2.2636e-09 	 rem-pr=1.0000e+00
β= 36,	 pr=1.1220e-08, 	 cum-pr=1.3484e-08 	 rem-pr=1.0000e+00
β= 37,	 pr=5.8870e-08, 	 cum-pr=7.2353e-08 	 rem-pr=1.0000e+00
β= 38,	 pr=3.0100e-07, 	 cum-pr=3.7335e-07 	 rem-pr=1.0000e+00
β= 39,	 pr=1.6008e-06, 	 cum-pr=1.9742e-06 	 rem-pr=1.0000e+00
β= 40,	 pr=7.0052e-06, 	 cum-pr=8.9794e-06 	 rem-pr=9.9999e-01
β= 41,	 pr=2.9486e-05, 	 cum-pr=3.8465e-05 	 rem-pr=9.9996e-01
β= 42,	 pr=1.1400e-04, 	 cum-pr=1.5246e-04 	 rem-pr=9.9985e-01
β= 43,	 pr=5.2987e-04, 	 cum-pr=6.8225e-04 	 rem-pr=9.9932e-01
β= 44,	 pr=1.8453e-03, 	 cum-pr=2.5263e-03 	 rem-pr=9.9747e-01
β= 45,	 pr=5.9269e-03, 	 cum-pr=8.4382e-03 	 rem-pr=9.9156e-01
β= 46,	 pr=2.0221e-02, 	 cum-pr=2.8489e-02 	 rem-pr=9.7151e-01
β= 47,	 pr=5.0931e-02, 	 cum-pr=7.7969e-02 	 rem-pr=9.2203e-01
β= 48,	 pr=1.1050e-01, 	 cum-pr=1.7985e-01 	 rem-pr=8.2015e-01
β= 49,	 pr=2.0778e-01, 	 cum-pr=3.5027e-01 	 rem-pr=6.4973e-01
β= 50,	 pr=3.4205e-01, 	 cum-pr=5.7251e-01 	 rem-pr=4.2749e-01
β= 51,	 pr=4.9917e-01, 	 cum-pr=7.8590e-01 	 rem-pr=2.1410e-01
β= 52,	 pr=6.5557e-01, 	 cum-pr=9.2626e-01 	 rem-pr=7.3742e-02
β= 53,	 pr=7.8842e-01, 	 cum-pr=9.8440e-01 	 rem-pr=1.5602e-02
β= 54,	 pr=8.8494e-01, 	 cum-pr=9.9820e-01 	 rem-pr=1.7951e-03
β= 55,	 pr=9.4501e-01, 	 cum-pr=9.9990e-01 	 rem-pr=9.8715e-05
[4;37m       Attack Estimation      [0m
[1;33m dim=256 	 	 	 β=50.08  [0m
[0m  [0m
[4;37m       Running the Attack      [0m
[3;32m 	 Worthy hint ! [0m [1;33m dim=256, δ=1.00743847, β=151.04 [0m
[1;37m integrate approx hint [0m [0m (conditionning) [0m [3;32m 	 Worthy hint ! [0m [1;33m dim=256, δ=1.01152386, β=59.22 [0m
[1;37m integrate approx hint [0m [0m (conditionning) [0m [3;31m 	 Unworthy hint, Forced it. [0m
[1;37m integrate approx hint [0m [0m (conditionning) [0m [3;32m 	 Worthy hint ! [0m [1;33m dim=256, δ=1.01026479, β=79.97 [0m
[1;37m integrate approx hint [0m [0m (conditionning) [0m [3;32m 	 Worthy hint ! [0m [1;33m dim=256, δ=1.00724983, β=157.65 [0m
[1;37m integrate approx hint [0m [0m (conditionning) [0m [3;32m 	 Worthy hint ! [0m [1;33m dim=256, δ=1.01098364, β=67.71 [0m
[1;37m integrate approx hint [0m [0m (conditionning) [0m [3;32m 	 Worthy hint ! [0m [1;33m dim=256, δ=1.01248567, β=43.09 [0m
[3;32m 	 Worthy hint ! [0m [1;33m dim=256, δ=1.00753751, β=147.43 [0m
[1;37m integrate approx hint [0m [0m (conditionning) [0m [3;32m 	 Worthy hint ! [0m [1;33m dim=256, δ=1.00763532, β=143.92 [0m
[1;37m integrate approx hint [0m [0m (conditionning) [0m [3;32m 	 Worthy hint ! [0m [1;33m dim=256, δ=1.01161428, β=57.60 [0m
[1;37m integrate approx hint [0m [0m (conditionning) [0m [3;32m 	 Worthy hint ! [0m [1;33m dim=256, δ=1.00774468, β=140.50 [0m
[1;37m integrate approx hint [0m [0m (conditionning) [0m [3;32m 	 Worthy hint ! [0m [1;33m dim=256, δ=1.01039046, β=78.07 [0m
[1;37m integrate approx hint [0m [0m (conditionning) [0m [3;32m 	 Worthy hint ! [0m [1;33m dim=256, δ=1.00735103, β=153.84 [0m
[1;37m integrate approx hint [0m [0m (conditionning) [0m [3;32m 	 Worthy hint ! [0m [1;33m dim=256, δ=1.01110561, β=66.01 [0m
[1;37m integrate approx hint [0m [0m (conditionning) [0m [3;32m 	 Worthy hint ! [0m [1;33m dim=256, δ=1.00785329, β=137.18 [0m
[1;37m integrate approx hint [0m [0m (conditionning) [0m [3;32m 	 Worthy hint ! [0m [1;33m dim=256, δ=1.00794769, β=133.95 [0m
[1;37m integrate approx hint [0m [0m (conditionning) [0m [3;32m 	 Worthy hint ! [0m [1;33m dim=256, δ=1.00541592, β=252.97 [0m
[1;37m integrate approx hint [0m [0m (conditionning) [0m [3;32m 	 Worthy hint ! [0m [1;33m dim=256, δ=1.01170295, β=55.99 [0m
[1;37m integrate approx hint [0m [0m (conditionning) [0m [4;37m       Attack Estimation      [0m
[1;33m dim=256 	 δ=1.012538 	 β=41.77  [0m
[0m  [0m
[3;32m 	 Worthy hint ! [0m [1;33m dim=256, δ=1.00805438, β=130.80 [0m
[1;37m integrate approx hint [0m [0m (conditionning) [0m [3;32m 	 Worthy hint ! [0m [1;33m dim=256, δ=1.01049359, β=76.20 [0m
[1;37m integrate approx hint [0m [0m (conditionning) [0m [3;32m 	 Worthy hint ! [0m [1;33m dim=256, δ=1.00746314, β=150.13 [0m
[1;37m integrate approx hint [0m [0m (conditionning) [0m [3;32m 	 Worthy hint ! [0m [1;33m dim=256, δ=1.01120134, β=64.33 [0m
[1;37m integrate approx hint [0m [0m (conditionning) [0m [3;32m 	 Worthy hint ! [0m [1;33m dim=256, δ=1.01182027, β=54.39 [0m
[1;37m integrate approx hint [0m [0m (conditionning) [0m [3;32m 	 Worthy hint ! [0m [1;33m dim=256, δ=1.00816019, β=127.73 [0m
[1;37m integrate approx hint [0m [0m (conditionning) [0m [3;32m 	 Worthy hint ! [0m [1;33m dim=256, δ=1.01190611, β=52.79 [0m
[1;37m integrate approx hint [0m [0m (conditionning) [0m [3;32m 	 Worthy hint ! [0m [1;33m dim=256, δ=1.00826507, β=124.75 [0m
[1;37m integrate approx hint [0m [0m (conditionning) [0m [3;32m 	 Worthy hint ! [0m [1;33m dim=256, δ=1.01059567, β=74.37 [0m
[1;37m integrate approx hint [0m [0m (conditionning) [0m [3;32m 	 Worthy hint ! [0m [1;33m dim=256, δ=1.01129563, β=62.67 [0m
[1;37m integrate approx hint [0m [0m (conditionning) [0m [3;32m 	 Worthy hint ! [0m [1;33m dim=256, δ=1.00756227, β=146.54 [0m
[1;37m integrate approx hint [0m [0m (conditionning) [0m [3;32m 	 Worthy hint ! [0m [1;33m dim=256, δ=1.00551848, β=246.14 [0m
[1;37m integrate approx hint [0m [0m (conditionning) [0m [3;32m 	 Worthy hint ! [0m [1;33m dim=256, δ=1.01202196, β=51.18 [0m
[1;37m integrate approx hint [0m [0m (conditionning) [0m [3;32m 	 Worthy hint ! [0m [1;33m dim=256, δ=1.00836899, β=121.84 [0m
[1;37m integrate approx hint [0m [0m (conditionning) [0m β= 2,	 pr=2.8195e-39, 	 cum-pr=2.8195e-39 	 rem-pr=1.0000e+00
β= 3,	 pr=3.3899e-36, 	 cum-pr=3.3927e-36 	 rem-pr=1.0000e+00
β= 4,	 pr=1.3366e-34, 	 cum-pr=1.3706e-34 	 rem-pr=1.0000e+00
β= 5,	 pr=1.5302e-33, 	 cum-pr=1.6673e-33 	 rem-pr=1.0000e+00
β= 6,	 pr=9.5902e-33, 	 cum-pr=1.1258e-32 	 rem-pr=1.0000e+00
β= 7,	 pr=4.2289e-32, 	 cum-pr=5.3547e-32 	 rem-pr=1.0000e+00
β= 8,	 pr=1.5332e-31, 	 cum-pr=2.0687e-31 	 rem-pr=1.0000e+00
β= 9,	 pr=4.9672e-31, 	 cum-pr=7.0359e-31 	 rem-pr=1.0000e+00
β= 10,	 pr=1.4953e-30, 	 cum-pr=2.1989e-30 	 rem-pr=1.0000e+00
β= 11,	 pr=4.4584e-30, 	 cum-pr=6.6573e-30 	 rem-pr=1.0000e+00
β= 12,	 pr=1.3656e-29, 	 cum-pr=2.0313e-29 	 rem-pr=1.0000e+00
β= 13,	 pr=4.3895e-29, 	 cum-pr=6.4208e-29 	 rem-pr=1.0000e+00
β= 14,	 pr=1.4671e-28, 	 cum-pr=2.1092e-28 	 rem-pr=1.0000e+00
β= 15,	 pr=5.8367e-28, 	 cum-pr=7.9458e-28 	 rem-pr=1.0000e+00
β= 16,	 pr=2.5136e-27, 	 cum-pr=3.3082e-27 	 rem-pr=1.0000e+00
β= 17,	 pr=1.2341e-26, 	 cum-pr=1.5650e-26 	 rem-pr=1.0000e+00
β= 18,	 pr=7.2732e-26, 	 cum-pr=8.8382e-26 	 rem-pr=1.0000e+00
β= 19,	 pr=4.9293e-25, 	 cum-pr=5.8131e-25 	 rem-pr=1.0000e+00
β= 20,	 pr=3.3134e-24, 	 cum-pr=3.8948e-24 	 rem-pr=1.0000e+00
β= 21,	 pr=2.4924e-23, 	 cum-pr=2.8819e-23 	 rem-pr=1.0000e+00
β= 22,	 pr=2.0666e-22, 	 cum-pr=2.3548e-22 	 rem-pr=1.0000e+00
β= 23,	 pr=2.4417e-21, 	 cum-pr=2.6772e-21 	 rem-pr=1.0000e+00
β= 24,	 pr=3.0743e-20, 	 cum-pr=3.3420e-20 	 rem-pr=1.0000e+00
β= 25,	 pr=3.5879e-19, 	 cum-pr=3.9221e-19 	 rem-pr=1.0000e+00
β= 26,	 pr=3.6369e-18, 	 cum-pr=4.0292e-18 	 rem-pr=1.0000e+00
β= 27,	 pr=3.2070e-17, 	 cum-pr=3.6099e-17 	 rem-pr=1.0000e+00
β= 28,	 pr=3.1673e-16, 	 cum-pr=3.5283e-16 	 rem-pr=1.0000e+00
β= 29,	 pr=3.5162e-15, 	 cum-pr=3.8690e-15 	 rem-pr=1.0000e+00
β= 30,	 pr=4.1427e-14, 	 cum-pr=4.5296e-14 	 rem-pr=1.0000e+00
β= 31,	 pr=5.3221e-13, 	 cum-pr=5.7750e-13 	 rem-pr=1.0000e+00
β= 32,	 pr=6.7991e-12, 	 cum-pr=7.3766e-12 	 rem-pr=1.0000e+00
β= 33,	 pr=6.1055e-11, 	 cum-pr=6.8432e-11 	 rem-pr=1.0000e+00
β= 34,	 pr=5.3353e-10, 	 cum-pr=6.0196e-10 	 rem-pr=1.0000e+00
β= 35,	 pr=3.2997e-09, 	 cum-pr=3.9017e-09 	 rem-pr=1.0000e+00
β= 36,	 pr=1.8546e-08, 	 cum-pr=2.2448e-08 	 rem-pr=1.0000e+00
β= 37,	 pr=9.5734e-08, 	 cum-pr=1.1818e-07 	 rem-pr=1.0000e+00
β= 38,	 pr=4.8596e-07, 	 cum-pr=6.0414e-07 	 rem-pr=1.0000e+00
β= 39,	 pr=2.5631e-06, 	 cum-pr=3.1672e-06 	 rem-pr=1.0000e+00
β= 40,	 pr=1.1110e-05, 	 cum-pr=1.4278e-05 	 rem-pr=9.9999e-01
β= 41,	 pr=4.6177e-05, 	 cum-pr=6.0454e-05 	 rem-pr=9.9994e-01
β= 42,	 pr=1.7579e-04, 	 cum-pr=2.3623e-04 	 rem-pr=9.9976e-01
β= 43,	 pr=7.9758e-04, 	 cum-pr=1.0336e-03 	 rem-pr=9.9897e-01
β= 44,	 pr=2.7111e-03, 	 cum-pr=3.7419e-03 	 rem-pr=9.9626e-01
β= 45,	 pr=8.4622e-03, 	 cum-pr=1.2172e-02 	 rem-pr=9.8783e-01
β= 46,	 pr=2.7764e-02, 	 cum-pr=3.9598e-02 	 rem-pr=9.6040e-01
β= 47,	 pr=6.7389e-02, 	 cum-pr=1.0432e-01 	 rem-pr=8.9568e-01
β= 48,	 pr=1.4061e-01, 	 cum-pr=2.3026e-01 	 rem-pr=7.6974e-01
β= 49,	 pr=2.5403e-01, 	 cum-pr=4.2580e-01 	 rem-pr=5.7420e-01
β= 50,	 pr=4.0184e-01, 	 cum-pr=6.5654e-01 	 rem-pr=3.4346e-01
β= 51,	 pr=5.6443e-01, 	 cum-pr=8.5040e-01 	 rem-pr=1.4960e-01
β= 52,	 pr=7.1592e-01, 	 cum-pr=9.5750e-01 	 rem-pr=4.2499e-02
β= 53,	 pr=8.3581e-01, 	 cum-pr=9.9302e-01 	 rem-pr=6.9780e-03
β= 54,	 pr=9.1660e-01, 	 cum-pr=9.9942e-01 	 rem-pr=5.8198e-04
[4;37m       Attack Estimation      [0m
[1;33m dim=256 	 	 	 β=49.73  [0m
[0m  [0m
[4;37m       Running the Attack      [0m
[3;32m 	 Worthy hint ! [0m [1;33m dim=256, δ=1.00848689, β=119.01 [0m
[1;37m integrate approx hint [0m [0m (conditionning) [0m [3;32m 	 Worthy hint ! [0m [1;33m dim=256, δ=1.01210465, β=49.56 [0m
[1;37m integrate approx hint [0m [0m (conditionning) [0m [4;37m       Attack Estimation      [0m
[1;33m dim=256 	 δ=1.012492 	 β=42.65  [0m
[0m  [0m
[3;32m 	 Worthy hint ! [0m [1;33m dim=256, δ=1.01069665, β=72.57 [0m
[1;37m integrate approx hint [0m [0m (conditionning) [0m [3;32m 	 Worthy hint ! [0m [1;33m dim=256, δ=1.01141584, β=61.03 [0m
[1;37m integrate approx hint [0m [0m (conditionning) [0m [3;32m 	 Worthy hint ! [0m [1;33m dim=256, δ=1.00767275, β=143.04 [0m
[1;37m integrate approx hint [0m [0m (conditionning) [0m [3;32m 	 Worthy hint ! [0m [1;33m dim=256, δ=1.00858911, β=116.24 [0m
[1;37m integrate approx hint [0m [0m (conditionning) [0m [3;32m 	 Worthy hint ! [0m [1;33m dim=256, δ=1.01218503, β=47.92 [0m
[1;37m integrate approx hint [0m [0m (conditionning) [0m [3;32m 	 Worthy hint ! [0m [1;33m dim=256, δ=1.00869024, β=113.55 [0m
[1;37m integrate approx hint [0m [0m (conditionning) [0m [3;32m 	 Worthy hint ! [0m [1;33m dim=256, δ=1.00561228, β=239.56 [0m
[1;37m integrate approx hint [0m [0m (conditionning) [0m [3;32m 	 Worthy hint ! [0m [1;33m dim=256, δ=1.00879025, β=110.92 [0m
[1;37m integrate approx hint [0m [0m (conditionning) [0m [3;32m 	 Worthy hint ! [0m [1;33m dim=256, δ=1.01229900, β=46.29 [0m
[1;37m integrate approx hint [0m [0m (conditionning) [0m [3;32m 	 Worthy hint ! [0m [1;33m dim=256, δ=1.01079647, β=70.79 [0m
[1;37m integrate approx hint [0m [0m (conditionning) [0m [3;32m 	 Worthy hint ! [0m [1;33m dim=256, δ=1.01150785, β=59.40 [0m
[1;37m integrate approx hint [0m [0m (conditionning) [0m [3;32m 	 Worthy hint ! [0m [1;33m dim=256, δ=1.00776963, β=139.64 [0m
[1;37m integrate approx hint [0m [0m (conditionning) [0m [3;32m 	 Worthy hint ! [0m [1;33m dim=256, δ=1.01237929, β=44.65 [0m
[1;37m integrate approx hint [0m [0m (conditionning) [0m [3;32m 	 Worthy hint ! [0m [1;33m dim=256, δ=1.01249308, β=43.01 [0m
[3;32m 	 Worthy hint ! [0m [1;33m dim=256, δ=1.00890543, β=108.35 [0m
[1;37m integrate approx hint [0m [0m (conditionning) [0m [3;32m 	 Worthy hint ! [0m [1;33m dim=256, δ=1.01091967, β=69.04 [0m
[1;37m integrate approx hint [0m [0m (conditionning) [0m [3;32m 	 Worthy hint ! [0m [1;33m dim=256, δ=1.01159820, β=57.78 [0m
[1;37m integrate approx hint [0m [0m (conditionning) [0m [3;32m 	 Worthy hint ! [0m [1;33m dim=256, δ=1.00787837, β=136.33 [0m
[1;37m integrate approx hint [0m [0m (conditionning) [0m [3;32m 	 Worthy hint ! [0m [1;33m dim=256, δ=1.00571251, β=233.19 [0m
[1;37m integrate approx hint [0m [0m (conditionning) [0m [3;32m 	 Worthy hint ! [0m [1;33m dim=256, δ=1.01101767, β=67.32 [0m
[1;37m integrate approx hint [0m [0m (conditionning) [0m [3;32m 	 Worthy hint ! [0m [1;33m dim=256, δ=1.01171637, β=56.17 [0m
[1;37m integrate approx hint [0m [0m (conditionning) [0m [3;32m 	 Worthy hint ! [0m [1;33m dim=256, δ=1.00798630, β=133.11 [0m
[1;37m integrate approx hint [0m [0m (conditionning) [0m [3;32m 	 Worthy hint ! [0m [1;33m dim=256, δ=1.00900341, β=105.85 [0m
[1;37m integrate approx hint [0m [0m (conditionning) [0m [3;32m 	 Worthy hint ! [0m [1;33m dim=256, δ=1.01111436, β=65.62 [0m
[1;37m integrate approx hint [0m [0m (conditionning) [0m [3;32m 	 Worthy hint ! [0m [1;33m dim=256, δ=1.01180406, β=54.57 [0m
[1;37m integrate approx hint [0m [0m (conditionning) [0m [3;32m 	 Worthy hint ! [0m [1;33m dim=256, δ=1.00807960, β=129.98 [0m
[1;37m integrate approx hint [0m [0m (conditionning) [0m [3;32m 	 Worthy hint ! [0m [1;33m dim=256, δ=1.00581159, β=227.04 [0m
[1;37m integrate approx hint [0m [0m (conditionning) [0m [3;32m 	 Worthy hint ! [0m [1;33m dim=256, δ=1.00911715, β=103.40 [0m
[1;37m integrate approx hint [0m [0m (conditionning) [0m β= 2,	 pr=8.0915e-39, 	 cum-pr=8.0915e-39 	 rem-pr=1.0000e+00
β= 3,	 pr=9.1446e-36, 	 cum-pr=9.1527e-36 	 rem-pr=1.0000e+00
β= 4,	 pr=3.4952e-34, 	 cum-pr=3.5867e-34 	 rem-pr=1.0000e+00
β= 5,	 pr=3.9240e-33, 	 cum-pr=4.2826e-33 	 rem-pr=1.0000e+00
β= 6,	 pr=2.4254e-32, 	 cum-pr=2.8537e-32 	 rem-pr=1.0000e+00
β= 7,	 pr=1.0583e-31, 	 cum-pr=1.3437e-31 	 rem-pr=1.0000e+00
β= 8,	 pr=3.8047e-31, 	 cum-pr=5.1484e-31 	 rem-pr=1.0000e+00
β= 9,	 pr=1.2240e-30, 	 cum-pr=1.7388e-30 	 rem-pr=1.0000e+00
β= 10,	 pr=3.6623e-30, 	 cum-pr=5.4012e-30 	 rem-pr=1.0000e+00
β= 11,	 pr=1.0864e-29, 	 cum-pr=1.6265e-29 	 rem-pr=1.0000e+00
β= 12,	 pr=3.3094e-29, 	 cum-pr=4.9359e-29 	 rem-pr=1.0000e+00
β= 13,	 pr=1.0589e-28, 	 cum-pr=1.5525e-28 	 rem-pr=1.0000e+00
β= 14,	 pr=3.5245e-28, 	 cum-pr=5.0770e-28 	 rem-pr=1.0000e+00
β= 15,	 pr=1.3981e-27, 	 cum-pr=1.9058e-27 	 rem-pr=1.0000e+00
β= 16,	 pr=5.9574e-27, 	 cum-pr=7.8632e-27 	 rem-pr=1.0000e+00
β= 17,	 pr=2.9272e-26, 	 cum-pr=3.7135e-26 	 rem-pr=1.0000e+00
β= 18,	 pr=1.7209e-25, 	 cum-pr=2.0922e-25 	 rem-pr=1.0000e+00
β= 19,	 pr=1.1474e-24, 	 cum-pr=1.3567e-24 	 rem-pr=1.0000e+00
β= 20,	 pr=7.5841e-24, 	 cum-pr=8.9408e-24 	 rem-pr=1.0000e+00
β= 21,	 pr=5.6989e-23, 	 cum-pr=6.5929e-23 	 rem-pr=1.0000e+00
β= 22,	 pr=4.7306e-22, 	 cum-pr=5.3899e-22 	 rem-pr=1.0000e+00
β= 23,	 pr=5.5313e-21, 	 cum-pr=6.0703e-21 	 rem-pr=1.0000e+00
β= 24,	 pr=6.8035e-20, 	 cum-pr=7.4105e-20 	 rem-pr=1.0000e+00
β= 25,	 pr=7.6845e-19, 	 cum-pr=8.4256e-19 	 rem-pr=1.0000e+00
β= 26,	 pr=7.5691e-18, 	 cum-pr=8.4117e-18 	 rem-pr=1.0000e+00
β= 27,	 pr=6.6060e-17, 	 cum-pr=7.4472e-17 	 rem-pr=1.0000e+00
β= 28,	 pr=6.5211e-16, 	 cum-pr=7.2658e-16 	 rem-pr=1.0000e+00
β= 29,	 pr=7.2021e-15, 	 cum-pr=7.9287e-15 	 rem-pr=1.0000e+00
β= 30,	 pr=8.3751e-14, 	 cum-pr=9.1680e-14 	 rem-pr=1.0000e+00
β= 31,	 pr=1.0523e-12, 	 cum-pr=1.1440e-12 	 rem-pr=1.0000e+00
β= 32,	 pr=1.3011e-11, 	 cum-pr=1.4155e-11 	 rem-pr=1.0000e+00
β= 33,	 pr=1.1198e-10, 	 cum-pr=1.2613e-10 	 rem-pr=1.0000e+00
β= 34,	 pr=9.3398e-10, 	 cum-pr=1.0601e-09 	 rem-pr=1.0000e+00
β= 35,	 pr=5.5236e-09, 	 cum-pr=6.5837e-09 	 rem-pr=1.0000e+00
β= 36,	 pr=3.0124e-08, 	 cum-pr=3.6708e-08 	 rem-pr=1.0000e+00
β= 37,	 pr=1.5341e-07, 	 cum-pr=1.9012e-07 	 rem-pr=1.0000e+00
β= 38,	 pr=7.7343e-07, 	 cum-pr=9.6355e-07 	 rem-pr=1.0000e+00
β= 39,	 pr=4.0436e-06, 	 cum-pr=5.0071e-06 	 rem-pr=9.9999e-01
β= 40,	 pr=1.7352e-05, 	 cum-pr=2.2359e-05 	 rem-pr=9.9998e-01
β= 41,	 pr=7.1169e-05, 	 cum-pr=9.3527e-05 	 rem-pr=9.9991e-01
β= 42,	 pr=2.6661e-04, 	 cum-pr=3.6011e-04 	 rem-pr=9.9964e-01
β= 43,	 pr=1.1799e-03, 	 cum-pr=1.5396e-03 	 rem-pr=9.9846e-01
β= 44,	 pr=3.9122e-03, 	 cum-pr=5.4458e-03 	 rem-pr=9.9455e-01
β= 45,	 pr=1.1860e-02, 	 cum-pr=1.7241e-02 	 rem-pr=9.8276e-01
β= 46,	 pr=3.7399e-02, 	 cum-pr=5.3996e-02 	 rem-pr=9.4600e-01
β= 47,	 pr=8.7448e-02, 	 cum-pr=1.3672e-01 	 rem-pr=8.6328e-01
β= 48,	 pr=1.7547e-01, 	 cum-pr=2.8820e-01 	 rem-pr=7.1180e-01
β= 49,	 pr=3.0463e-01, 	 cum-pr=5.0504e-01 	 rem-pr=4.9496e-01
β= 50,	 pr=4.6339e-01, 	 cum-pr=7.3440e-01 	 rem-pr=2.6560e-01
β= 51,	 pr=6.2737e-01, 	 cum-pr=9.0103e-01 	 rem-pr=9.8971e-02
β= 52,	 pr=7.7018e-01, 	 cum-pr=9.7725e-01 	 rem-pr=2.2745e-02
β= 53,	 pr=8.7536e-01, 	 cum-pr=9.9716e-01 	 rem-pr=2.8351e-03
β= 54,	 pr=9.4101e-01, 	 cum-pr=9.9983e-01 	 rem-pr=1.6724e-04
[4;37m       Attack Estimation      [0m
[1;33m dim=256 	 	 	 β=49.38  [0m
[0m  [0m
[4;37m       Running the Attack      [0m
[3;32m 	 Worthy hint ! [0m [1;33m dim=256, δ=1.01120967, β=63.94 [0m
[1;37m integrate approx hint [0m [0m (conditionning) [0m [3;32m 	 Worthy hint ! [0m [1;33m dim=256, δ=1.01188980, β=52.97 [0m
[1;37m integrate approx hint [0m [0m (conditionning) [0m [3;32m 	 Worthy hint ! [0m [1;33m dim=256, δ=1.00818552, β=126.93 [0m
[1;37m integrate approx hint [0m [0m (conditionning) [0m [3;32m 	 Worthy hint ! [0m [1;33m dim=256, δ=1.00923026, β=101.01 [0m
[1;37m integrate approx hint [0m [0m (conditionning) [0m [3;32m 	 Worthy hint ! [0m [1;33m dim=256, δ=1.00590945, β=221.09 [0m
[1;37m integrate approx hint [0m [0m (conditionning) [0m [3;32m 	 Worthy hint ! [0m [1;33m dim=256, δ=1.01133055, β=62.28 [0m
[1;37m integrate approx hint [0m [0m (conditionning) [0m [3;32m 	 Worthy hint ! [0m [1;33m dim=256, δ=1.01200552, β=51.36 [0m
[1;37m integrate approx hint [0m [0m (conditionning) [0m [3;32m 	 Worthy hint ! [0m [1;33m dim=256, δ=1.00829052, β=123.96 [0m
[1;37m integrate approx hint [0m [0m (conditionning) [0m [4;37m       Attack Estimation      [0m
[1;33m dim=256 	 δ=1.012475 	 β=42.85  [0m
[0m  [0m
β= 2,	 pr=2.1591e-39, 	 cum-pr=2.1591e-39 	 rem-pr=1.0000e+00
β= 3,	 pr=2.6369e-36, 	 cum-pr=2.6390e-36 	 rem-pr=1.0000e+00
β= 4,	 pr=1.0479e-34, 	 cum-pr=1.0743e-34 	 rem-pr=1.0000e+00
β= 5,	 pr=1.2056e-33, 	 cum-pr=1.3131e-33 	 rem-pr=1.0000e+00
β= 6,	 pr=7.5822e-33, 	 cum-pr=8.8952e-33 	 rem-pr=1.0000e+00
β= 7,	 pr=3.3523e-32, 	 cum-pr=4.2419e-32 	 rem-pr=1.0000e+00
β= 8,	 pr=1.2180e-31, 	 cum-pr=1.6422e-31 	 rem-pr=1.0000e+00
β= 9,	 pr=3.9530e-31, 	 cum-pr=5.5952e-31 	 rem-pr=1.0000e+00
β= 10,	 pr=1.1918e-30, 	 cum-pr=1.7513e-30 	 rem-pr=1.0000e+00
β= 11,	 pr=3.5581e-30, 	 cum-pr=5.3095e-30 	 rem-pr=1.0000e+00
β= 12,	 pr=1.0914e-29, 	 cum-pr=1.6223e-29 	 rem-pr=1.0000e+00
β= 13,	 pr=3.5119e-29, 	 cum-pr=5.1342e-29 	 rem-pr=1.0000e+00
β= 14,	 pr=1.1751e-28, 	 cum-pr=1.6885e-28 	 rem-pr=1.0000e+00
β= 15,	 pr=4.6779e-28, 	 cum-pr=6.3665e-28 	 rem-pr=1.0000e+00
β= 16,	 pr=2.0201e-27, 	 cum-pr=2.6567e-27 	 rem-pr=1.0000e+00
β= 17,	 pr=9.9176e-27, 	 cum-pr=1.2574e-26 	 rem-pr=1.0000e+00
β= 18,	 pr=5.8473e-26, 	 cum-pr=7.1048e-26 	 rem-pr=1.0000e+00
β= 19,	 pr=3.9788e-25, 	 cum-pr=4.6893e-25 	 rem-pr=1.0000e+00
β= 20,	 pr=2.6863e-24, 	 cum-pr=3.1553e-24 	 rem-pr=1.0000e+00
β= 21,	 pr=2.0217e-23, 	 cum-pr=2.3372e-23 	 rem-pr=1.0000e+00
β= 22,	 pr=1.6755e-22, 	 cum-pr=1.9093e-22 	 rem-pr=1.0000e+00
β= 23,	 pr=1.9844e-21, 	 cum-pr=2.1754e-21 	 rem-pr=1.0000e+00
β= 24,	 pr=2.5128e-20, 	 cum-pr=2.7304e-20 	 rem-pr=1.0000e+00
β= 25,	 pr=2.9568e-19, 	 cum-pr=3.2299e-19 	 rem-pr=1.0000e+00
β= 26,	 pr=3.0198e-18, 	 cum-pr=3.3428e-18 	 rem-pr=1.0000e+00
β= 27,	 pr=2.6707e-17, 	 cum-pr=3.0050e-17 	 rem-pr=1.0000e+00
β= 28,	 pr=2.6379e-16, 	 cum-pr=2.9384e-16 	 rem-pr=1.0000e+00
β= 29,	 pr=2.9318e-15, 	 cum-pr=3.2257e-15 	 rem-pr=1.0000e+00
β= 30,	 pr=3.4650e-14, 	 cum-pr=3.7876e-14 	 rem-pr=1.0000e+00
β= 31,	 pr=4.4753e-13, 	 cum-pr=4.8541e-13 	 rem-pr=1.0000e+00
β= 32,	 pr=5.7634e-12, 	 cum-pr=6.2488e-12 	 rem-pr=1.0000e+00
β= 33,	 pr=5.2302e-11, 	 cum-pr=5.8551e-11 	 rem-pr=1.0000e+00
β= 34,	 pr=4.6241e-10, 	 cum-pr=5.2097e-10 	 rem-pr=1.0000e+00
β= 35,	 pr=2.8931e-09, 	 cum-pr=3.4141e-09 	 rem-pr=1.0000e+00
β= 36,	 pr=1.6392e-08, 	 cum-pr=1.9806e-08 	 rem-pr=1.0000e+00
β= 37,	 pr=8.4937e-08, 	 cum-pr=1.0474e-07 	 rem-pr=1.0000e+00
β= 38,	 pr=4.3191e-07, 	 cum-pr=5.3665e-07 	 rem-pr=1.0000e+00
β= 39,	 pr=2.2829e-06, 	 cum-pr=2.8195e-06 	 rem-pr=1.0000e+00
β= 40,	 pr=9.9195e-06, 	 cum-pr=1.2739e-05 	 rem-pr=9.9999e-01
β= 41,	 pr=4.1360e-05, 	 cum-pr=5.4099e-05 	 rem-pr=9.9995e-01
β= 42,	 pr=1.5807e-04, 	 cum-pr=2.1216e-04 	 rem-pr=9.9979e-01
β= 43,	 pr=7.2155e-04, 	 cum-pr=9.3355e-04 	 rem-pr=9.9907e-01
β= 44,	 pr=2.4677e-03, 	 cum-pr=3.3989e-03 	 rem-pr=9.9660e-01
β= 45,	 pr=7.7578e-03, 	 cum-pr=1.1130e-02 	 rem-pr=9.8887e-01
β= 46,	 pr=2.5703e-02, 	 cum-pr=3.6547e-02 	 rem-pr=9.6345e-01
β= 47,	 pr=6.2967e-02, 	 cum-pr=9.7213e-02 	 rem-pr=9.0279e-01
β= 48,	 pr=1.3267e-01, 	 cum-pr=2.1699e-01 	 rem-pr=7.8301e-01
β= 49,	 pr=2.4208e-01, 	 cum-pr=4.0654e-01 	 rem-pr=5.9346e-01
β= 50,	 pr=3.8673e-01, 	 cum-pr=6.3605e-01 	 rem-pr=3.6395e-01
β= 51,	 pr=5.4834e-01, 	 cum-pr=8.3562e-01 	 rem-pr=1.6438e-01
β= 52,	 pr=7.0143e-01, 	 cum-pr=9.5092e-01 	 rem-pr=4.9080e-02
β= 53,	 pr=8.2475e-01, 	 cum-pr=9.9140e-01 	 rem-pr=8.6014e-03
β= 54,	 pr=9.0943e-01, 	 cum-pr=9.9922e-01 	 rem-pr=7.7900e-04
[4;37m       Attack Estimation      [0m
[1;33m dim=256 	 	 	 β=49.81  [0m
[0m  [0m
[4;37m       Running the Attack      [0m
[3;32m 	 Worthy hint ! [0m [1;33m dim=256, δ=1.01142361, β=60.64 [0m
[1;37m integrate approx hint [0m [0m (conditionning) [0m [3;32m 	 Worthy hint ! [0m [1;33m dim=256, δ=1.01208810, β=49.74 [0m
[1;37m integrate approx hint [0m [0m (conditionning) [0m [3;32m 	 Worthy hint ! [0m [1;33m dim=256, δ=1.00840928, β=121.06 [0m
[1;37m integrate approx hint [0m [0m (conditionning) [0m [3;32m 	 Worthy hint ! [0m [1;33m dim=256, δ=1.00932500, β=98.68 [0m
[1;37m integrate approx hint [0m [0m (conditionning) [0m [3;32m 	 Worthy hint ! [0m [1;33m dim=256, δ=1.00600603, β=215.35 [0m
[1;37m integrate approx hint [0m [0m (conditionning) [0m [3;32m 	 Worthy hint ! [0m [1;33m dim=256, δ=1.01220170, β=48.11 [0m
[1;37m integrate approx hint [0m [0m (conditionning) [0m [3;32m 	 Worthy hint ! [0m [1;33m dim=256, δ=1.01154332, β=59.01 [0m
[1;37m integrate approx hint [0m [0m (conditionning) [0m [3;32m 	 Worthy hint ! [0m [1;33m dim=256, δ=1.00851260, β=118.24 [0m
[1;37m integrate approx hint [0m [0m (conditionning) [0m [3;32m 	 Worthy hint ! [0m [1;33m dim=256, δ=1.01163393, β=57.39 [0m
[1;37m integrate approx hint [0m [0m (conditionning) [0m [3;32m 	 Worthy hint ! [0m [1;33m dim=256, δ=1.01228217, β=46.47 [0m
[1;37m integrate approx hint [0m [0m (conditionning) [0m [3;32m 	 Worthy hint ! [0m [1;33m dim=256, δ=1.00610126, β=209.78 [0m
[1;37m integrate approx hint [0m [0m (conditionning) [0m [3;32m 	 Worthy hint ! [0m [1;33m dim=256, δ=1.00943650, β=96.39 [0m
[1;37m integrate approx hint [0m [0m (conditionning) [0m [3;32m 	 Worthy hint ! [0m [1;33m dim=256, δ=1.00861487, β=115.49 [0m
[1;37m integrate approx hint [0m [0m (conditionning) [0m [3;32m 	 Worthy hint ! [0m [1;33m dim=256, δ=1.01236232, β=44.84 [0m
[1;37m integrate approx hint [0m [0m (conditionning) [0m [3;32m 	 Worthy hint ! [0m [1;33m dim=256, δ=1.01172279, β=55.78 [0m
[1;37m integrate approx hint [0m [0m (conditionning) [0m [3;32m 	 Worthy hint ! [0m [1;33m dim=256, δ=1.00871603, β=112.80 [0m
[1;37m integrate approx hint [0m [0m (conditionning) [0m [3;32m 	 Worthy hint ! [0m [1;33m dim=256, δ=1.00620409, β=204.40 [0m
[1;37m integrate approx hint [0m [0m (conditionning) [0m [3;32m 	 Worthy hint ! [0m [1;33m dim=256, δ=1.00954733, β=94.16 [0m
[1;37m integrate approx hint [0m [0m (conditionning) [0m [3;32m 	 Worthy hint ! [0m [1;33m dim=256, δ=1.01184029, β=54.17 [0m
[3;32m 	 Worthy hint ! [0m [1;33m dim=256, δ=1.01247596, β=43.20 [0m
[1;37m integrate approx hint [0m [0m (conditionning) [0m [3;32m 	 Worthy hint ! [0m [1;33m dim=256, δ=1.00883216, β=110.18 [0m
[1;37m integrate approx hint [0m [0m (conditionning) [0m [3;32m 	 Worthy hint ! [0m [1;33m dim=256, δ=1.01192632, β=52.57 [0m
[1;37m integrate approx hint [0m [0m (conditionning) [0m [3;32m 	 Worthy hint ! [0m [1;33m dim=256, δ=1.00630587, β=199.19 [0m
[1;37m integrate approx hint [0m [0m (conditionning) [0m [3;32m 	 Worthy hint ! [0m [1;33m dim=256, δ=1.00893138, β=107.63 [0m
[1;37m integrate approx hint [0m [0m (conditionning) [0m [3;32m 	 Worthy hint ! [0m [1;33m dim=256, δ=1.00963846, β=91.98 [0m
[1;37m integrate approx hint [0m [0m (conditionning) [0m [3;32m 	 Worthy hint ! [0m [1;33m dim=256, δ=1.01201028, β=50.96 [0m
[1;37m integrate approx hint [0m [0m (conditionning) [0m [3;32m 	 Worthy hint ! [0m [1;33m dim=256, δ=1.00904615, β=105.13 [0m
[1;37m integrate approx hint [0m [0m (conditionning) [0m [3;32m 	 Worthy hint ! [0m [1;33m dim=256, δ=1.00640656, β=194.14 [0m
[1;37m integrate approx hint [0m [0m (conditionning) [0m [3;32m 	 Worthy hint ! [0m [1;33m dim=256, δ=1.00974743, β=89.84 [0m
[1;37m integrate approx hint [0m [0m (conditionning) [0m [3;32m 	 Worthy hint ! [0m [1;33m dim=256, δ=1.01212521, β=49.33 [0m
[1;37m integrate approx hint [0m [0m (conditionning) [0m [3;32m 	 Worthy hint ! [0m [1;33m dim=256, δ=1.00914324, β=102.70 [0m
[1;37m integrate approx hint [0m [0m (conditionning) [0m [4;37m       Attack Estimation      [0m
[1;33m dim=256 	 δ=1.012469 	 β=42.91  [0m
[0m  [0m
[3;32m 	 Worthy hint ! [0m [1;33m dim=256, δ=1.01220579, β=47.69 [0m
[1;37m integrate approx hint [0m [0m (conditionning) [0m [3;32m 	 Worthy hint ! [0m [1;33m dim=256, δ=1.00650611, β=189.25 [0m
[1;37m integrate approx hint [0m [0m (conditionning) [0m [3;32m 	 Worthy hint ! [0m [1;33m dim=256, δ=1.00925654, β=100.31 [0m
[1;37m integrate approx hint [0m [0m (conditionning) [0m [3;32m 	 Worthy hint ! [0m [1;33m dim=256, δ=1.00985561, β=87.75 [0m
[1;37m integrate approx hint [0m [0m (conditionning) [0m β= 2,	 pr=1.6111e-39, 	 cum-pr=1.6111e-39 	 rem-pr=1.0000e+00
β= 3,	 pr=2.0015e-36, 	 cum-pr=2.0031e-36 	 rem-pr=1.0000e+00
β= 4,	 pr=8.0229e-35, 	 cum-pr=8.2232e-35 	 rem-pr=1.0000e+00
β= 5,	 pr=9.2806e-34, 	 cum-pr=1.0103e-33 	 rem-pr=1.0000e+00
β= 6,	 pr=5.8590e-33, 	 cum-pr=6.8692e-33 	 rem-pr=1.0000e+00
β= 7,	 pr=2.5980e-32, 	 cum-pr=3.2849e-32 	 rem-pr=1.0000e+00
β= 8,	 pr=9.4614e-32, 	 cum-pr=1.2746e-31 	 rem-pr=1.0000e+00
β= 9,	 pr=3.0766e-31, 	 cum-pr=4.3512e-31 	 rem-pr=1.0000e+00
β= 10,	 pr=9.2912e-31, 	 cum-pr=1.3642e-30 	 rem-pr=1.0000e+00
β= 11,	 pr=2.7779e-30, 	 cum-pr=4.1422e-30 	 rem-pr=1.0000e+00
β= 12,	 pr=8.5336e-30, 	 cum-pr=1.2676e-29 	 rem-pr=1.0000e+00
β= 13,	 pr=2.7493e-29, 	 cum-pr=4.0169e-29 	 rem-pr=1.0000e+00
β= 14,	 pr=9.2110e-29, 	 cum-pr=1.3228e-28 	 rem-pr=1.0000e+00
β= 15,	 pr=3.6691e-28, 	 cum-pr=4.9919e-28 	 rem-pr=1.0000e+00
β= 16,	 pr=1.5892e-27, 	 cum-pr=2.0884e-27 	 rem-pr=1.0000e+00
β= 17,	 pr=7.8020e-27, 	 cum-pr=9.8904e-27 	 rem-pr=1.0000e+00
β= 18,	 pr=4.6018e-26, 	 cum-pr=5.5908e-26 	 rem-pr=1.0000e+00
β= 19,	 pr=3.1448e-25, 	 cum-pr=3.7039e-25 	 rem-pr=1.0000e+00
β= 20,	 pr=2.1337e-24, 	 cum-pr=2.5041e-24 	 rem-pr=1.0000e+00
β= 21,	 pr=1.6068e-23, 	 cum-pr=1.8572e-23 	 rem-pr=1.0000e+00
β= 22,	 pr=1.3310e-22, 	 cum-pr=1.5167e-22 	 rem-pr=1.0000e+00
β= 23,	 pr=1.5803e-21, 	 cum-pr=1.7320e-21 	 rem-pr=1.0000e+00
β= 24,	 pr=2.0135e-20, 	 cum-pr=2.1867e-20 	 rem-pr=1.0000e+00
β= 25,	 pr=2.3906e-19, 	 cum-pr=2.6092e-19 	 rem-pr=1.0000e+00
β= 26,	 pr=2.4619e-18, 	 cum-pr=2.7228e-18 	 rem-pr=1.0000e+00
β= 27,	 pr=2.1847e-17, 	 cum-pr=2.4570e-17 	 rem-pr=1.0000e+00
β= 28,	 pr=2.1582e-16, 	 cum-pr=2.4039e-16 	 rem-pr=1.0000e+00
β= 29,	 pr=2.4015e-15, 	 cum-pr=2.6419e-15 	 rem-pr=1.0000e+00
β= 30,	 pr=2.8476e-14, 	 cum-pr=3.1118e-14 	 rem-pr=1.0000e+00
β= 31,	 pr=3.6992e-13, 	 cum-pr=4.0104e-13 	 rem-pr=1.0000e+00
β= 32,	 pr=4.8055e-12, 	 cum-pr=5.2065e-12 	 rem-pr=1.0000e+00
β= 33,	 pr=4.4110e-11, 	 cum-pr=4.9317e-11 	 rem-pr=1.0000e+00
β= 34,	 pr=3.9500e-10, 	 cum-pr=4.4432e-10 	 rem-pr=1.0000e+00
β= 35,	 pr=2.5030e-09, 	 cum-pr=2.9473e-09 	 rem-pr=1.0000e+00
β= 36,	 pr=1.4311e-08, 	 cum-pr=1.7259e-08 	 rem-pr=1.0000e+00
β= 37,	 pr=7.4476e-08, 	 cum-pr=9.1735e-08 	 rem-pr=1.0000e+00
β= 38,	 pr=3.7945e-07, 	 cum-pr=4.7118e-07 	 rem-pr=1.0000e+00
β= 39,	 pr=2.0101e-06, 	 cum-pr=2.4813e-06 	 rem-pr=1.0000e+00
β= 40,	 pr=8.7571e-06, 	 cum-pr=1.1238e-05 	 rem-pr=9.9999e-01
β= 41,	 pr=3.6640e-05, 	 cum-pr=4.7878e-05 	 rem-pr=9.9995e-01
β= 42,	 pr=1.4062e-04, 	 cum-pr=1.8849e-04 	 rem-pr=9.9981e-01
β= 43,	 pr=6.4614e-04, 	 cum-pr=8.3450e-04 	 rem-pr=9.9917e-01
β= 44,	 pr=2.2244e-03, 	 cum-pr=3.0570e-03 	 rem-pr=9.9694e-01
β= 45,	 pr=7.0476e-03, 	 cum-pr=1.0083e-02 	 rem-pr=9.8992e-01
β= 46,	 pr=2.3599e-02, 	 cum-pr=3.3445e-02 	 rem-pr=9.6656e-01
β= 47,	 pr=5.8398e-02, 	 cum-pr=8.9889e-02 	 rem-pr=9.1011e-01
β= 48,	 pr=1.2435e-01, 	 cum-pr=2.0306e-01 	 rem-pr=7.9694e-01
β= 49,	 pr=2.2938e-01, 	 cum-pr=3.8587e-01 	 rem-pr=6.1413e-01
β= 50,	 pr=3.7042e-01, 	 cum-pr=6.1335e-01 	 rem-pr=3.8665e-01
β= 51,	 pr=5.3066e-01, 	 cum-pr=8.1853e-01 	 rem-pr=1.8147e-01
β= 52,	 pr=6.8522e-01, 	 cum-pr=9.4288e-01 	 rem-pr=5.7122e-02
β= 53,	 pr=8.1214e-01, 	 cum-pr=9.8927e-01 	 rem-pr=1.0731e-02
β= 54,	 pr=9.0110e-01, 	 cum-pr=9.9894e-01 	 rem-pr=1.0613e-03
β= 55,	 pr=9.5439e-01, 	 cum-pr=9.9995e-01 	 rem-pr=4.8410e-05
[4;37m       Attack Estimation      [0m
[1;33m dim=256 	 	 	 β=49.91  [0m
[0m  [0m
[4;37m       Running the Attack      [0m
[3;32m 	 Worthy hint ! [0m [1;33m dim=256, δ=1.01231995, β=46.05 [0m
[1;37m integrate approx hint [0m [0m (conditionning) [0m [3;32m 	 Worthy hint ! [0m [1;33m dim=256, δ=1.00935130, β=97.99 [0m
[1;37m integrate approx hint [0m [0m (conditionning) [0m [3;32m 	 Worthy hint ! [0m [1;33m dim=256, δ=1.00660445, β=184.52 [0m
[1;37m integrate approx hint [0m [0m (conditionning) [0m [3;32m 	 Worthy hint ! [0m [1;33m dim=256, δ=1.01240042, β=44.41 [0m
[1;37m integrate approx hint [0m [0m (conditionning) [0m [3;32m 	 Worthy hint ! [0m [1;33m dim=256, δ=1.00996299, β=85.69 [0m
[1;37m integrate approx hint [0m [0m (conditionning) [0m [3;32m 	 Worthy hint ! [0m [1;33m dim=256, δ=1.00946296, β=95.71 [0m
[1;37m integrate approx hint [0m [0m (conditionning) [0m [4;37m       Attack Estimation      [0m
[1;33m dim=256 	 δ=1.012479 	 β=42.80  [0m
[0m  [0m
[3;32m 	 Worthy hint ! [0m [1;33m dim=256, δ=1.01248128, β=42.77 [0m
[3;32m 	 Worthy hint ! [0m [1;33m dim=256, δ=1.00957393, β=93.49 [0m
[1;37m integrate approx hint [0m [0m (conditionning) [0m [3;32m 	 Worthy hint ! [0m [1;33m dim=256, δ=1.00670154, β=179.93 [0m
[1;37m integrate approx hint [0m [0m (conditionning) [0m [3;32m 	 Worthy hint ! [0m [1;33m dim=256, δ=1.01006952, β=83.68 [0m
[1;37m integrate approx hint [0m [0m (conditionning) [0m [3;32m 	 Worthy hint ! [0m [1;33m dim=256, δ=1.00968418, β=91.31 [0m
[1;37m integrate approx hint [0m [0m (conditionning) [0m [3;32m 	 Worthy hint ! [0m [1;33m dim=256, δ=1.00680773, β=175.47 [0m
[1;37m integrate approx hint [0m [0m (conditionning) [0m [3;32m 	 Worthy hint ! [0m [1;33m dim=256, δ=1.00979369, β=89.18 [0m
[1;37m integrate approx hint [0m [0m (conditionning) [0m [3;32m 	 Worthy hint ! [0m [1;33m dim=256, δ=1.01017517, β=81.71 [0m
[1;37m integrate approx hint [0m [0m (conditionning) [0m [3;32m 	 Worthy hint ! [0m [1;33m dim=256, δ=1.00990241, β=87.09 [0m
[1;37m integrate approx hint [0m [0m (conditionning) [0m [3;32m 	 Worthy hint ! [0m [1;33m dim=256, δ=1.00691303, β=171.15 [0m
[1;37m integrate approx hint [0m [0m (conditionning) [0m [3;32m 	 Worthy hint ! [0m [1;33m dim=256, δ=1.01027990, β=79.78 [0m
[1;37m integrate approx hint [0m [0m (conditionning) [0m [3;32m 	 Worthy hint ! [0m [1;33m dim=256, δ=1.01001033, β=85.04 [0m
[1;37m integrate approx hint [0m [0m (conditionning) [0m β= 2,	 pr=1.4724e-39, 	 cum-pr=1.4724e-39 	 rem-pr=1.0000e+00
β= 3,	 pr=1.8389e-36, 	 cum-pr=1.8404e-36 	 rem-pr=1.0000e+00
β= 4,	 pr=7.3907e-35, 	 cum-pr=7.5747e-35 	 rem-pr=1.0000e+00
β= 5,	 pr=8.5635e-34, 	 cum-pr=9.3210e-34 	 rem-pr=1.0000e+00
β= 6,	 pr=5.4126e-33, 	 cum-pr=6.3447e-33 	 rem-pr=1.0000e+00
β= 7,	 pr=2.4022e-32, 	 cum-pr=3.0367e-32 	 rem-pr=1.0000e+00
β= 8,	 pr=8.7547e-32, 	 cum-pr=1.1791e-31 	 rem-pr=1.0000e+00
β= 9,	 pr=2.8485e-31, 	 cum-pr=4.0276e-31 	 rem-pr=1.0000e+00
β= 10,	 pr=8.6067e-31, 	 cum-pr=1.2634e-30 	 rem-pr=1.0000e+00
β= 11,	 pr=2.5744e-30, 	 cum-pr=3.8378e-30 	 rem-pr=1.0000e+00
β= 12,	 pr=7.9122e-30, 	 cum-pr=1.1750e-29 	 rem-pr=1.0000e+00
β= 13,	 pr=2.5500e-29, 	 cum-pr=3.7250e-29 	 rem-pr=1.0000e+00
β= 14,	 pr=8.5467e-29, 	 cum-pr=1.2272e-28 	 rem-pr=1.0000e+00
β= 15,	 pr=3.4051e-28, 	 cum-pr=4.6323e-28 	 rem-pr=1.0000e+00
β= 16,	 pr=1.4762e-27, 	 cum-pr=1.9394e-27 	 rem-pr=1.0000e+00
β= 17,	 pr=7.2474e-27, 	 cum-pr=9.1868e-27 	 rem-pr=1.0000e+00
β= 18,	 pr=4.2751e-26, 	 cum-pr=5.1938e-26 	 rem-pr=1.0000e+00
β= 19,	 pr=2.9254e-25, 	 cum-pr=3.4447e-25 	 rem-pr=1.0000e+00
β= 20,	 pr=1.9879e-24, 	 cum-pr=2.3324e-24 	 rem-pr=1.0000e+00
β= 21,	 pr=1.4973e-23, 	 cum-pr=1.7305e-23 	 rem-pr=1.0000e+00
β= 22,	 pr=1.2400e-22, 	 cum-pr=1.4131e-22 	 rem-pr=1.0000e+00
β= 23,	 pr=1.4735e-21, 	 cum-pr=1.6148e-21 	 rem-pr=1.0000e+00
β= 24,	 pr=1.8808e-20, 	 cum-pr=2.0423e-20 	 rem-pr=1.0000e+00
β= 25,	 pr=2.2392e-19, 	 cum-pr=2.4434e-19 	 rem-pr=1.0000e+00
β= 26,	 pr=2.3120e-18, 	 cum-pr=2.5564e-18 	 rem-pr=1.0000e+00
β= 27,	 pr=2.0540e-17, 	 cum-pr=2.3096e-17 	 rem-pr=1.0000e+00
β= 28,	 pr=2.0291e-16, 	 cum-pr=2.2601e-16 	 rem-pr=1.0000e+00
β= 29,	 pr=2.2586e-15, 	 cum-pr=2.4846e-15 	 rem-pr=1.0000e+00
β= 30,	 pr=2.6808e-14, 	 cum-pr=2.9293e-14 	 rem-pr=1.0000e+00
β= 31,	 pr=3.4887e-13, 	 cum-pr=3.7816e-13 	 rem-pr=1.0000e+00
β= 32,	 pr=4.5440e-12, 	 cum-pr=4.9221e-12 	 rem-pr=1.0000e+00
β= 33,	 pr=4.1856e-11, 	 cum-pr=4.6778e-11 	 rem-pr=1.0000e+00
β= 34,	 pr=3.7628e-10, 	 cum-pr=4.2306e-10 	 rem-pr=1.0000e+00
β= 35,	 pr=2.3938e-09, 	 cum-pr=2.8168e-09 	 rem-pr=1.0000e+00
β= 36,	 pr=1.3726e-08, 	 cum-pr=1.6543e-08 	 rem-pr=1.0000e+00
β= 37,	 pr=7.1525e-08, 	 cum-pr=8.8068e-08 	 rem-pr=1.0000e+00
β= 38,	 pr=3.6463e-07, 	 cum-pr=4.5270e-07 	 rem-pr=1.0000e+00
β= 39,	 pr=1.9330e-06, 	 cum-pr=2.3857e-06 	 rem-pr=1.0000e+00
β= 40,	 pr=8.4276e-06, 	 cum-pr=1.0813e-05 	 rem-pr=9.9999e-01
β= 41,	 pr=3.5298e-05, 	 cum-pr=4.6111e-05 	 rem-pr=9.9995e-01
β= 42,	 pr=1.3564e-04, 	 cum-pr=1.8175e-04 	 rem-pr=9.9982e-01
β= 43,	 pr=6.2452e-04, 	 cum-pr=8.0616e-04 	 rem-pr=9.9919e-01
β= 44,	 pr=2.1543e-03, 	 cum-pr=2.9587e-03 	 rem-pr=9.9704e-01
β= 45,	 pr=6.8417e-03, 	 cum-pr=9.7802e-03 	 rem-pr=9.9022e-01
β= 46,	 pr=2.2985e-02, 	 cum-pr=3.2540e-02 	 rem-pr=9.6746e-01
β= 47,	 pr=5.7051e-02, 	 cum-pr=8.7734e-02 	 rem-pr=9.1227e-01
β= 48,	 pr=1.2188e-01, 	 cum-pr=1.9892e-01 	 rem-pr=8.0108e-01
β= 49,	 pr=2.2557e-01, 	 cum-pr=3.7962e-01 	 rem-pr=6.2038e-01
β= 50,	 pr=3.6547e-01, 	 cum-pr=6.0635e-01 	 rem-pr=3.9365e-01
β= 51,	 pr=5.2524e-01, 	 cum-pr=8.1311e-01 	 rem-pr=1.8689e-01
β= 52,	 pr=6.8018e-01, 	 cum-pr=9.4023e-01 	 rem-pr=5.9772e-02
β= 53,	 pr=8.0817e-01, 	 cum-pr=9.8853e-01 	 rem-pr=1.1466e-02
β= 54,	 pr=8.9843e-01, 	 cum-pr=9.9884e-01 	 rem-pr=1.1646e-03
β= 55,	 pr=9.5287e-01, 	 cum-pr=9.9995e-01 	 rem-pr=5.4891e-05
[4;37m       Attack Estimation      [0m
[1;33m dim=256 	 	 	 β=49.94  [0m
[0m  [0m
[4;37m       Running the Attack      [0m
[3;32m 	 Worthy hint ! [0m [1;33m dim=256, δ=1.01011738, β=83.04 [0m
[1;37m integrate approx hint [0m [0m (conditionning) [0m [3;32m 	 Worthy hint ! [0m [1;33m dim=256, δ=1.00700646, β=166.96 [0m
[1;37m integrate approx hint [0m [0m (conditionning) [0m [3;32m 	 Worthy hint ! [0m [1;33m dim=256, δ=1.01038366, β=77.88 [0m
[1;37m integrate approx hint [0m [0m (conditionning) [0m [4;37m       Attack Estimation      [0m
[1;33m dim=256 	 δ=1.012493 	 β=43.01  [0m
[0m  [0m
[3;32m 	 Worthy hint ! [0m [1;33m dim=256, δ=1.01022355, β=81.07 [0m
[1;37m integrate approx hint [0m [0m (conditionning) [0m [3;32m 	 Worthy hint ! [0m [1;33m dim=256, δ=1.00710957, β=162.90 [0m
[1;37m integrate approx hint [0m [0m (conditionning) [0m [3;32m 	 Worthy hint ! [0m [1;33m dim=256, δ=1.01050896, β=76.01 [0m
[1;37m integrate approx hint [0m [0m (conditionning) [0m [3;32m 	 Worthy hint ! [0m [1;33m dim=256, δ=1.01032878, β=79.14 [0m
[1;37m integrate approx hint [0m [0m (conditionning) [0m [3;32m 	 Worthy hint ! [0m [1;33m dim=256, δ=1.01043303, β=77.25 [0m
[1;37m integrate approx hint [0m [0m (conditionning) [0m [3;32m 	 Worthy hint ! [0m [1;33m dim=256, δ=1.00721166, β=158.95 [0m
[1;37m integrate approx hint [0m [0m (conditionning) [0m [3;32m 	 Worthy hint ! [0m [1;33m dim=256, δ=1.01061118, β=74.18 [0m
[1;37m integrate approx hint [0m [0m (conditionning) [0m [3;32m 	 Worthy hint ! [0m [1;33m dim=256, δ=1.01053620, β=75.39 [0m
[1;37m integrate approx hint [0m [0m (conditionning) [0m [3;32m 	 Worthy hint ! [0m [1;33m dim=256, δ=1.01063831, β=73.56 [0m
[1;37m integrate approx hint [0m [0m (conditionning) [0m [3;32m 	 Worthy hint ! [0m [1;33m dim=256, δ=1.00732437, β=155.11 [0m
[1;37m integrate approx hint [0m [0m (conditionning) [0m [3;32m 	 Worthy hint ! [0m [1;33m dim=256, δ=1.01071230, β=72.38 [0m
[1;37m integrate approx hint [0m [0m (conditionning) [0m [3;32m 	 Worthy hint ! [0m [1;33m dim=256, δ=1.01073929, β=71.76 [0m
[1;37m integrate approx hint [0m [0m (conditionning) [0m [0m Running BKZ-2 [0m [3;32m 	 Worthy hint ! [0m [1;33m dim=256, δ=1.00742453, β=151.39 [0m
[1;37m integrate approx hint [0m [0m (conditionning) [0m [3;32m 	 Worthy hint ! [0m [1;33m dim=256, δ=1.01081225, β=70.60 [0m
[1;37m integrate approx hint [0m [0m (conditionning) [0m [3;32m 	 Worthy hint ! [0m [1;33m dim=256, δ=1.01083910, β=69.99 [0m
[1;37m integrate approx hint [0m [0m (conditionning) [0m [3;32m 	 Worthy hint ! [0m [1;33m dim=256, δ=1.01096258, β=68.25 [0m
[1;37m integrate approx hint [0m [0m (conditionning) [0m [3;32m 	 Worthy hint ! [0m [1;33m dim=256, δ=1.00752352, β=147.77 [0m
[1;37m integrate approx hint [0m [0m (conditionning) [0m [3;32m 	 Worthy hint ! [0m [1;33m dim=256, δ=1.01091099, β=68.85 [0m
[1;37m integrate approx hint [0m [0m (conditionning) [0m [3;32m 	 Worthy hint ! [0m [1;33m dim=256, δ=1.01106051, β=66.53 [0m
[1;37m integrate approx hint [0m [0m (conditionning) [0m [4;37m       Attack Estimation      [0m
[1;33m dim=256 	 δ=1.012486 	 β=42.72  [0m
[0m  [0m
[0m Running BKZ-2 [0m [3;32m 	 Worthy hint ! [0m [1;33m dim=256, δ=1.01115710, β=64.83 [0m
[1;37m integrate approx hint [0m [0m (conditionning) [0m β= 2,	 pr=1.2539e-39, 	 cum-pr=1.2539e-39 	 rem-pr=1.0000e+00
β= 3,	 pr=1.5808e-36, 	 cum-pr=1.5821e-36 	 rem-pr=1.0000e+00
β= 4,	 pr=6.3833e-35, 	 cum-pr=6.5415e-35 	 rem-pr=1.0000e+00
β= 5,	 pr=7.4182e-34, 	 cum-pr=8.0723e-34 	 rem-pr=1.0000e+00
β= 6,	 pr=4.6985e-33, 	 cum-pr=5.5058e-33 	 rem-pr=1.0000e+00
β= 7,	 pr=2.0886e-32, 	 cum-pr=2.6392e-32 	 rem-pr=1.0000e+00
β= 8,	 pr=7.6216e-32, 	 cum-pr=1.0261e-31 	 rem-pr=1.0000e+00
β= 9,	 pr=2.4825e-31, 	 cum-pr=3.5085e-31 	 rem-pr=1.0000e+00
β= 10,	 pr=7.5076e-31, 	 cum-pr=1.1016e-30 	 rem-pr=1.0000e+00
β= 11,	 pr=2.2474e-30, 	 cum-pr=3.3490e-30 	 rem-pr=1.0000e+00
β= 12,	 pr=6.9131e-30, 	 cum-pr=1.0262e-29 	 rem-pr=1.0000e+00
β= 13,	 pr=2.2294e-29, 	 cum-pr=3.2556e-29 	 rem-pr=1.0000e+00
β= 14,	 pr=7.4776e-29, 	 cum-pr=1.0733e-28 	 rem-pr=1.0000e+00
β= 15,	 pr=2.9801e-28, 	 cum-pr=4.0534e-28 	 rem-pr=1.0000e+00
β= 16,	 pr=1.2941e-27, 	 cum-pr=1.6994e-27 	 rem-pr=1.0000e+00
β= 17,	 pr=6.3534e-27, 	 cum-pr=8.0529e-27 	 rem-pr=1.0000e+00
β= 18,	 pr=3.7484e-26, 	 cum-pr=4.5537e-26 	 rem-pr=1.0000e+00
β= 19,	 pr=2.5709e-25, 	 cum-pr=3.0263e-25 	 rem-pr=1.0000e+00
β= 20,	 pr=1.7518e-24, 	 cum-pr=2.0544e-24 	 rem-pr=1.0000e+00
β= 21,	 pr=1.3200e-23, 	 cum-pr=1.5254e-23 	 rem-pr=1.0000e+00
β= 22,	 pr=1.0929e-22, 	 cum-pr=1.2454e-22 	 rem-pr=1.0000e+00
β= 23,	 pr=1.3003e-21, 	 cum-pr=1.4249e-21 	 rem-pr=1.0000e+00
β= 24,	 pr=1.6653e-20, 	 cum-pr=1.8078e-20 	 rem-pr=1.0000e+00
β= 25,	 pr=1.9923e-19, 	 cum-pr=2.1731e-19 	 rem-pr=1.0000e+00
β= 26,	 pr=2.0667e-18, 	 cum-pr=2.2840e-18 	 rem-pr=1.0000e+00
β= 27,	 pr=1.8396e-17, 	 cum-pr=2.0680e-17 	 rem-pr=1.0000e+00
β= 28,	 pr=1.8175e-16, 	 cum-pr=2.0243e-16 	 rem-pr=1.0000e+00
β= 29,	 pr=2.0242e-15, 	 cum-pr=2.2267e-15 	 rem-pr=1.0000e+00
β= 30,	 pr=2.4069e-14, 	 cum-pr=2.6295e-14 	 rem-pr=1.0000e+00
β= 31,	 pr=3.1419e-13, 	 cum-pr=3.4049e-13 	 rem-pr=1.0000e+00
β= 32,	 pr=4.1115e-12, 	 cum-pr=4.4520e-12 	 rem-pr=1.0000e+00
β= 33,	 pr=3.8108e-11, 	 cum-pr=4.2560e-11 	 rem-pr=1.0000e+00
β= 34,	 pr=3.4499e-10, 	 cum-pr=3.8755e-10 	 rem-pr=1.0000e+00
β= 35,	 pr=2.2102e-09, 	 cum-pr=2.5977e-09 	 rem-pr=1.0000e+00
β= 36,	 pr=1.2738e-08, 	 cum-pr=1.5336e-08 	 rem-pr=1.0000e+00
β= 37,	 pr=6.6543e-08, 	 cum-pr=8.1879e-08 	 rem-pr=1.0000e+00
β= 38,	 pr=3.3960e-07, 	 cum-pr=4.2148e-07 	 rem-pr=1.0000e+00
β= 39,	 pr=1.8025e-06, 	 cum-pr=2.2239e-06 	 rem-pr=1.0000e+00
β= 40,	 pr=7.8695e-06, 	 cum-pr=1.0093e-05 	 rem-pr=9.9999e-01
β= 41,	 pr=3.3021e-05, 	 cum-pr=4.3114e-05 	 rem-pr=9.9996e-01
β= 42,	 pr=1.2718e-04, 	 cum-pr=1.7029e-04 	 rem-pr=9.9983e-01
β= 43,	 pr=5.8765e-04, 	 cum-pr=7.5784e-04 	 rem-pr=9.9924e-01
β= 44,	 pr=2.0344e-03, 	 cum-pr=2.7907e-03 	 rem-pr=9.9721e-01
β= 45,	 pr=6.4880e-03, 	 cum-pr=9.2606e-03 	 rem-pr=9.9074e-01
β= 46,	 pr=2.1922e-02, 	 cum-pr=3.0980e-02 	 rem-pr=9.6902e-01
β= 47,	 pr=5.4711e-02, 	 cum-pr=8.3996e-02 	 rem-pr=9.1600e-01
β= 48,	 pr=1.1755e-01, 	 cum-pr=1.9168e-01 	 rem-pr=8.0832e-01
β= 49,	 pr=2.1886e-01, 	 cum-pr=3.6858e-01 	 rem-pr=6.3142e-01
β= 50,	 pr=3.5670e-01, 	 cum-pr=5.9381e-01 	 rem-pr=4.0619e-01
β= 51,	 pr=5.1555e-01, 	 cum-pr=8.0322e-01 	 rem-pr=1.9678e-01
β= 52,	 pr=6.7112e-01, 	 cum-pr=9.3528e-01 	 rem-pr=6.4718e-02
β= 53,	 pr=8.0096e-01, 	 cum-pr=9.8712e-01 	 rem-pr=1.2881e-02
β= 54,	 pr=8.9356e-01, 	 cum-pr=9.9863e-01 	 rem-pr=1.3711e-03
β= 55,	 pr=9.5006e-01, 	 cum-pr=9.9993e-01 	 rem-pr=6.8476e-05
[4;37m       Attack Estimation      [0m
[1;33m dim=256 	 	 	 β=49.99  [0m
[0m  [0m
[4;37m       Running the Attack      [0m
[3;32m 	 Worthy hint ! [0m [1;33m dim=256, δ=1.00763380, β=144.25 [0m
[1;37m integrate approx hint [0m [0m (conditionning) [0m [4;37m       Attack Estimation      [0m
[1;33m dim=256 	 δ=1.012473 	 β=43.23  [0m
[0m  [0m
[3;32m 	 Worthy hint ! [0m [1;33m dim=256, δ=1.01103369, β=67.13 [0m
[1;37m integrate approx hint [0m [0m (conditionning) [0m [0m Running BKZ-2 [0m [3;32m 	 Worthy hint ! [0m [1;33m dim=256, δ=1.01127893, β=63.16 [0m
[1;37m integrate approx hint [0m [0m (conditionning) [0m [0m Running BKZ-2 [0m [4;37m       Attack Estimation      [0m
[1;33m dim=256 	 δ=1.012484 	 β=42.75  [0m
[0m  [0m
[3;32m 	 Worthy hint ! [0m [1;33m dim=256, δ=1.00773057, β=140.82 [0m
[1;37m integrate approx hint [0m [0m (conditionning) [0m [3;32m 	 Worthy hint ! [0m [1;33m dim=256, δ=1.01137334, β=61.50 [0m
[1;37m integrate approx hint [0m [0m (conditionning) [0m [3;32m 	 Worthy hint ! [0m [1;33m dim=256, δ=1.01113049, β=65.43 [0m
[1;37m integrate approx hint [0m [0m (conditionning) [0m [0m Running BKZ-2 [0m [3;32m 	 Worthy hint ! [0m [1;33m dim=256, δ=1.01146620, β=59.86 [0m
[1;37m integrate approx hint [0m [0m (conditionning) [0m [3;32m 	 Worthy hint ! [0m [1;33m dim=256, δ=1.00783912, β=137.49 [0m
[1;37m integrate approx hint [0m [0m (conditionning) [0m [3;32m 	 Worthy hint ! [0m [1;33m dim=256, δ=1.01122588, β=63.75 [0m
[1;37m integrate approx hint [0m [0m (conditionning) [0m [3;32m 	 Worthy hint ! [0m [1;33m dim=256, δ=1.01158608, β=58.23 [0m
[1;37m integrate approx hint [0m [0m (conditionning) [0m [3;32m 	 Worthy hint ! [0m [1;33m dim=256, δ=1.00794688, β=134.25 [0m
[1;37m integrate approx hint [0m [0m (conditionning) [0m [3;32m 	 Worthy hint ! [0m [1;33m dim=256, δ=1.00805381, β=131.10 [0m
[1;37m integrate approx hint [0m [0m (conditionning) [0m [3;32m 	 Worthy hint ! [0m [1;33m dim=256, δ=1.01167644, β=56.61 [0m
[1;37m integrate approx hint [0m [0m (conditionning) [0m [3;32m 	 Worthy hint ! [0m [1;33m dim=256, δ=1.00815988, β=128.03 [0m
[1;37m integrate approx hint [0m [0m (conditionning) [0m [4;37m       Attack Estimation      [0m
[1;33m dim=256 	 δ=1.012486 	 β=43.09  [0m
[0m  [0m
[3;32m 	 Worthy hint ! [0m [1;33m dim=256, δ=1.01134685, β=62.10 [0m
[1;37m integrate approx hint [0m [0m (conditionning) [0m [3;32m 	 Worthy hint ! [0m [1;33m dim=256, δ=1.00826505, β=125.04 [0m
[1;37m integrate approx hint [0m [0m (conditionning) [0m [3;32m 	 Worthy hint ! [0m [1;33m dim=256, δ=1.01176498, β=54.99 [0m
[1;37m integrate approx hint [0m [0m (conditionning) [0m [3;32m 	 Worthy hint ! [0m [1;33m dim=256, δ=1.00836928, β=122.12 [0m
[1;37m integrate approx hint [0m [0m (conditionning) [0m [3;32m 	 Worthy hint ! [0m [1;33m dim=256, δ=1.01144003, β=60.45 [0m
[1;37m integrate approx hint [0m [0m (conditionning) [0m [3;32m 	 Worthy hint ! [0m [1;33m dim=256, δ=1.00847253, β=119.28 [0m
[1;37m integrate approx hint [0m [0m (conditionning) [0m [3;32m 	 Worthy hint ! [0m [1;33m dim=256, δ=1.01188261, β=53.38 [0m
[1;37m integrate approx hint [0m [0m (conditionning) [0m [3;32m 	 Worthy hint ! [0m [1;33m dim=256, δ=1.00857474, β=116.51 [0m
[1;37m integrate approx hint [0m [0m (conditionning) [0m [3;32m 	 Worthy hint ! [0m [1;33m dim=256, δ=1.00867587, β=113.81 [0m
[1;37m integrate approx hint [0m [0m (conditionning) [0m [3;32m 	 Worthy hint ! [0m [1;33m dim=256, δ=1.00879184, β=111.17 [0m
[1;37m integrate approx hint [0m [0m (conditionning) [0m [3;32m 	 Worthy hint ! [0m [1;33m dim=256, δ=1.01196822, β=51.77 [0m
[1;37m integrate approx hint [0m [0m (conditionning) [0m [3;32m 	 Worthy hint ! [0m [1;33m dim=256, δ=1.00889105, β=108.60 [0m
[1;37m integrate approx hint [0m [0m (conditionning) [0m [3;32m 	 Worthy hint ! [0m [1;33m dim=256, δ=1.01153162, β=58.82 [0m
[1;37m integrate approx hint [0m [0m (conditionning) [0m [3;32m 	 Worthy hint ! [0m [1;33m dim=256, δ=1.00900569, β=106.09 [0m
[1;37m integrate approx hint [0m [0m (conditionning) [0m [3;32m 	 Worthy hint ! [0m [1;33m dim=256, δ=1.01208430, β=50.14 [0m
[1;37m integrate approx hint [0m [0m (conditionning) [0m [3;32m 	 Worthy hint ! [0m [1;33m dim=256, δ=1.01216621, β=48.50 [0m
[1;37m integrate approx hint [0m [0m (conditionning) [0m [3;32m 	 Worthy hint ! [0m [1;33m dim=256, δ=1.01165062, β=57.21 [0m
[1;37m integrate approx hint [0m [0m (conditionning) [0m [3;32m 	 Worthy hint ! [0m [1;33m dim=256, δ=1.00910281, β=103.64 [0m
[1;37m integrate approx hint [0m [0m (conditionning) [0m [3;32m 	 Worthy hint ! [0m [1;33m dim=256, δ=1.01224757, β=46.86 [0m
[1;37m integrate approx hint [0m [0m (conditionning) [0m [3;32m 	 Worthy hint ! [0m [1;33m dim=256, δ=1.01173961, β=55.60 [0m
[1;37m integrate approx hint [0m [0m (conditionning) [0m [3;32m 	 Worthy hint ! [0m [1;33m dim=256, δ=1.01236196, β=45.21 [0m
[1;37m integrate approx hint [0m [0m (conditionning) [0m [0m Running BKZ-2 [0m [3;32m 	 Worthy hint ! [0m [1;33m dim=256, δ=1.00921601, β=101.24 [0m
[1;37m integrate approx hint [0m [0m (conditionning) [0m [3;32m 	 Worthy hint ! [0m [1;33m dim=256, δ=1.01244316, β=43.57 [0m
[1;37m integrate approx hint [0m [0m (conditionning) [0m β= 2,	 pr=1.9572e-39, 	 cum-pr=1.9572e-39 	 rem-pr=1.0000e+00
β= 3,	 pr=2.4040e-36, 	 cum-pr=2.4059e-36 	 rem-pr=1.0000e+00
β= 4,	 pr=9.5811e-35, 	 cum-pr=9.8217e-35 	 rem-pr=1.0000e+00
β= 5,	 pr=1.1043e-33, 	 cum-pr=1.2026e-33 	 rem-pr=1.0000e+00
β= 6,	 pr=6.9541e-33, 	 cum-pr=8.1567e-33 	 rem-pr=1.0000e+00
β= 7,	 pr=3.0776e-32, 	 cum-pr=3.8933e-32 	 rem-pr=1.0000e+00
β= 8,	 pr=1.1191e-31, 	 cum-pr=1.5084e-31 	 rem-pr=1.0000e+00
β= 9,	 pr=3.6343e-31, 	 cum-pr=5.1427e-31 	 rem-pr=1.0000e+00
β= 10,	 pr=1.0963e-30, 	 cum-pr=1.6106e-30 	 rem-pr=1.0000e+00
β= 11,	 pr=3.2747e-30, 	 cum-pr=4.8853e-30 	 rem-pr=1.0000e+00
β= 12,	 pr=1.0049e-29, 	 cum-pr=1.4935e-29 	 rem-pr=1.0000e+00
β= 13,	 pr=3.2351e-29, 	 cum-pr=4.7286e-29 	 rem-pr=1.0000e+00
β= 14,	 pr=1.0829e-28, 	 cum-pr=1.5558e-28 	 rem-pr=1.0000e+00
β= 15,	 pr=4.3120e-28, 	 cum-pr=5.8678e-28 	 rem-pr=1.0000e+00
β= 16,	 pr=1.8639e-27, 	 cum-pr=2.4507e-27 	 rem-pr=1.0000e+00
β= 17,	 pr=9.1508e-27, 	 cum-pr=1.1601e-26 	 rem-pr=1.0000e+00
β= 18,	 pr=5.3960e-26, 	 cum-pr=6.5561e-26 	 rem-pr=1.0000e+00
β= 19,	 pr=3.6770e-25, 	 cum-pr=4.3326e-25 	 rem-pr=1.0000e+00
β= 20,	 pr=2.4867e-24, 	 cum-pr=2.9199e-24 	 rem-pr=1.0000e+00
β= 21,	 pr=1.8718e-23, 	 cum-pr=2.1638e-23 	 rem-pr=1.0000e+00
β= 22,	 pr=1.5510e-22, 	 cum-pr=1.7674e-22 	 rem-pr=1.0000e+00
β= 23,	 pr=1.8386e-21, 	 cum-pr=2.0153e-21 	 rem-pr=1.0000e+00
β= 24,	 pr=2.3330e-20, 	 cum-pr=2.5345e-20 	 rem-pr=1.0000e+00
β= 25,	 pr=2.7534e-19, 	 cum-pr=3.0069e-19 	 rem-pr=1.0000e+00
β= 26,	 pr=2.8199e-18, 	 cum-pr=3.1206e-18 	 rem-pr=1.0000e+00
β= 27,	 pr=2.4967e-17, 	 cum-pr=2.8088e-17 	 rem-pr=1.0000e+00
β= 28,	 pr=2.4662e-16, 	 cum-pr=2.7471e-16 	 rem-pr=1.0000e+00
β= 29,	 pr=2.7421e-15, 	 cum-pr=3.0168e-15 	 rem-pr=1.0000e+00
β= 30,	 pr=3.2444e-14, 	 cum-pr=3.5460e-14 	 rem-pr=1.0000e+00
β= 31,	 pr=4.1986e-13, 	 cum-pr=4.5532e-13 	 rem-pr=1.0000e+00
β= 32,	 pr=5.4228e-12, 	 cum-pr=5.8781e-12 	 rem-pr=1.0000e+00
β= 33,	 pr=4.9401e-11, 	 cum-pr=5.5279e-11 	 rem-pr=1.0000e+00
β= 34,	 pr=4.3864e-10, 	 cum-pr=4.9392e-10 	 rem-pr=1.0000e+00
β= 35,	 pr=2.7561e-09, 	 cum-pr=3.2500e-09 	 rem-pr=1.0000e+00
β= 36,	 pr=1.5663e-08, 	 cum-pr=1.8913e-08 	 rem-pr=1.0000e+00
β= 37,	 pr=8.1276e-08, 	 cum-pr=1.0019e-07 	 rem-pr=1.0000e+00
β= 38,	 pr=4.1356e-07, 	 cum-pr=5.1374e-07 	 rem-pr=1.0000e+00
β= 39,	 pr=2.1875e-06, 	 cum-pr=2.7013e-06 	 rem-pr=1.0000e+00
β= 40,	 pr=9.5137e-06, 	 cum-pr=1.2215e-05 	 rem-pr=9.9999e-01
β= 41,	 pr=3.9714e-05, 	 cum-pr=5.1929e-05 	 rem-pr=9.9995e-01
β= 42,	 pr=1.5199e-04, 	 cum-pr=2.0391e-04 	 rem-pr=9.9980e-01
β= 43,	 pr=6.9536e-04, 	 cum-pr=8.9913e-04 	 rem-pr=9.9910e-01
β= 44,	 pr=2.3834e-03, 	 cum-pr=3.2804e-03 	 rem-pr=9.9672e-01
β= 45,	 pr=7.5126e-03, 	 cum-pr=1.0768e-02 	 rem-pr=9.8923e-01
β= 46,	 pr=2.4980e-02, 	 cum-pr=3.5479e-02 	 rem-pr=9.6452e-01
β= 47,	 pr=6.1402e-02, 	 cum-pr=9.4703e-02 	 rem-pr=9.0530e-01
β= 48,	 pr=1.2983e-01, 	 cum-pr=2.1224e-01 	 rem-pr=7.8776e-01
β= 49,	 pr=2.3778e-01, 	 cum-pr=3.9955e-01 	 rem-pr=6.0045e-01
β= 50,	 pr=3.8123e-01, 	 cum-pr=6.2846e-01 	 rem-pr=3.7154e-01
β= 51,	 pr=5.4241e-01, 	 cum-pr=8.2999e-01 	 rem-pr=1.7001e-01
β= 52,	 pr=6.9602e-01, 	 cum-pr=9.4832e-01 	 rem-pr=5.1680e-02
β= 53,	 pr=8.2057e-01, 	 cum-pr=9.9073e-01 	 rem-pr=9.2727e-03
β= 54,	 pr=9.0669e-01, 	 cum-pr=9.9913e-01 	 rem-pr=8.6521e-04
[4;37m       Attack Estimation      [0m
[1;33m dim=256 	 	 	 β=49.85  [0m
[0m  [0m
[4;37m       Running the Attack      [0m
[3;32m 	 Worthy hint ! [0m [1;33m dim=256, δ=1.01182675, β=53.99 [0m
[1;37m integrate approx hint [0m [0m (conditionning) [0m [0m Running BKZ-2 [0m [3;32m 	 Worthy hint ! [0m [1;33m dim=256, δ=1.00931083, β=98.90 [0m
[1;37m integrate approx hint [0m [0m (conditionning) [0m [3;32m 	 Worthy hint ! [0m [1;33m dim=256, δ=1.01252525, β=41.92 [0m
β= 2,	 pr=8.9536e-40, 	 cum-pr=8.9536e-40 	 rem-pr=1.0000e+00
β= 3,	 pr=1.1512e-36, 	 cum-pr=1.1521e-36 	 rem-pr=1.0000e+00
β= 4,	 pr=4.6945e-35, 	 cum-pr=4.8097e-35 	 rem-pr=1.0000e+00
β= 5,	 pr=5.4896e-34, 	 cum-pr=5.9706e-34 	 rem-pr=1.0000e+00
β= 6,	 pr=3.4923e-33, 	 cum-pr=4.0894e-33 	 rem-pr=1.0000e+00
β= 7,	 pr=1.5576e-32, 	 cum-pr=1.9666e-32 	 rem-pr=1.0000e+00
β= 8,	 pr=5.6992e-32, 	 cum-pr=7.6658e-32 	 rem-pr=1.0000e+00
β= 9,	 pr=1.8605e-31, 	 cum-pr=2.6270e-31 	 rem-pr=1.0000e+00
β= 10,	 pr=5.6373e-31, 	 cum-pr=8.2643e-31 	 rem-pr=1.0000e+00
β= 11,	 pr=1.6903e-30, 	 cum-pr=2.5167e-30 	 rem-pr=1.0000e+00
β= 12,	 pr=5.2087e-30, 	 cum-pr=7.7255e-30 	 rem-pr=1.0000e+00
β= 13,	 pr=1.6819e-29, 	 cum-pr=2.4545e-29 	 rem-pr=1.0000e+00
β= 14,	 pr=5.6502e-29, 	 cum-pr=8.1047e-29 	 rem-pr=1.0000e+00
β= 15,	 pr=2.2532e-28, 	 cum-pr=3.0636e-28 	 rem-pr=1.0000e+00
β= 16,	 pr=9.8182e-28, 	 cum-pr=1.2882e-27 	 rem-pr=1.0000e+00
β= 17,	 pr=4.8209e-27, 	 cum-pr=6.1091e-27 	 rem-pr=1.0000e+00
β= 18,	 pr=2.8450e-26, 	 cum-pr=3.4559e-26 	 rem-pr=1.0000e+00
β= 19,	 pr=1.9606e-25, 	 cum-pr=2.3062e-25 	 rem-pr=1.0000e+00
β= 20,	 pr=1.3438e-24, 	 cum-pr=1.5744e-24 	 rem-pr=1.0000e+00
β= 21,	 pr=1.0135e-23, 	 cum-pr=1.1709e-23 	 rem-pr=1.0000e+00
β= 22,	 pr=8.3849e-23, 	 cum-pr=9.5559e-23 	 rem-pr=1.0000e+00
β= 23,	 pr=1.0003e-21, 	 cum-pr=1.0959e-21 	 rem-pr=1.0000e+00
β= 24,	 pr=1.2899e-20, 	 cum-pr=1.3994e-20 	 rem-pr=1.0000e+00
β= 25,	 pr=1.5589e-19, 	 cum-pr=1.6989e-19 	 rem-pr=1.0000e+00
β= 26,	 pr=1.6331e-18, 	 cum-pr=1.8030e-18 	 rem-pr=1.0000e+00
β= 27,	 pr=1.4599e-17, 	 cum-pr=1.6402e-17 	 rem-pr=1.0000e+00
β= 28,	 pr=1.4426e-16, 	 cum-pr=1.6067e-16 	 rem-pr=1.0000e+00
β= 29,	 pr=1.6087e-15, 	 cum-pr=1.7693e-15 	 rem-pr=1.0000e+00
β= 30,	 pr=1.9196e-14, 	 cum-pr=2.0965e-14 	 rem-pr=1.0000e+00
β= 31,	 pr=2.5219e-13, 	 cum-pr=2.7316e-13 	 rem-pr=1.0000e+00
β= 32,	 pr=3.3323e-12, 	 cum-pr=3.6055e-12 	 rem-pr=1.0000e+00
β= 33,	 pr=3.1287e-11, 	 cum-pr=3.4892e-11 	 rem-pr=1.0000e+00
β= 34,	 pr=2.8739e-10, 	 cum-pr=3.2229e-10 	 rem-pr=1.0000e+00
β= 35,	 pr=1.8686e-09, 	 cum-pr=2.1909e-09 	 rem-pr=1.0000e+00
β= 36,	 pr=1.0888e-08, 	 cum-pr=1.3079e-08 	 rem-pr=1.0000e+00
β= 37,	 pr=5.7185e-08, 	 cum-pr=7.0264e-08 	 rem-pr=1.0000e+00
β= 38,	 pr=2.9251e-07, 	 cum-pr=3.6278e-07 	 rem-pr=1.0000e+00
β= 39,	 pr=1.5564e-06, 	 cum-pr=1.9192e-06 	 rem-pr=1.0000e+00
β= 40,	 pr=6.8147e-06, 	 cum-pr=8.7339e-06 	 rem-pr=9.9999e-01
β= 41,	 pr=2.8705e-05, 	 cum-pr=3.7438e-05 	 rem-pr=9.9996e-01
β= 42,	 pr=1.1107e-04, 	 cum-pr=1.4851e-04 	 rem-pr=9.9985e-01
β= 43,	 pr=5.1702e-04, 	 cum-pr=6.6545e-04 	 rem-pr=9.9933e-01
β= 44,	 pr=1.8031e-03, 	 cum-pr=2.4673e-03 	 rem-pr=9.9753e-01
β= 45,	 pr=5.8008e-03, 	 cum-pr=8.2538e-03 	 rem-pr=9.9175e-01
β= 46,	 pr=1.9836e-02, 	 cum-pr=2.7926e-02 	 rem-pr=9.7207e-01
β= 47,	 pr=5.0069e-02, 	 cum-pr=7.6597e-02 	 rem-pr=9.2340e-01
β= 48,	 pr=1.0888e-01, 	 cum-pr=1.7714e-01 	 rem-pr=8.2286e-01
β= 49,	 pr=2.0522e-01, 	 cum-pr=3.4600e-01 	 rem-pr=6.5400e-01
β= 50,	 pr=3.3863e-01, 	 cum-pr=5.6746e-01 	 rem-pr=4.3254e-01
β= 51,	 pr=4.9530e-01, 	 cum-pr=7.8170e-01 	 rem-pr=2.1830e-01
β= 52,	 pr=6.5186e-01, 	 cum-pr=9.2400e-01 	 rem-pr=7.5998e-02
β= 53,	 pr=7.8540e-01, 	 cum-pr=9.8369e-01 	 rem-pr=1.6309e-02
β= 54,	 pr=8.8284e-01, 	 cum-pr=9.9809e-01 	 rem-pr=1.9109e-03
β= 55,	 pr=9.4376e-01, 	 cum-pr=9.9989e-01 	 rem-pr=1.0746e-04
[4;37m       Attack Estimation      [0m
[1;33m dim=256 	 	 	 β=50.11  [0m
[0m  [0m
[4;37m       Running the Attack      [0m
[3;32m 	 Worthy hint ! [0m [1;33m dim=256, δ=1.00942242, β=96.61 [0m
[1;37m integrate approx hint [0m [0m (conditionning) [0m β= 2,	 pr=1.8769e-39, 	 cum-pr=1.8769e-39 	 rem-pr=1.0000e+00
β= 3,	 pr=2.3110e-36, 	 cum-pr=2.3129e-36 	 rem-pr=1.0000e+00
β= 4,	 pr=9.2221e-35, 	 cum-pr=9.4533e-35 	 rem-pr=1.0000e+00
β= 5,	 pr=1.0638e-33, 	 cum-pr=1.1583e-33 	 rem-pr=1.0000e+00
β= 6,	 pr=6.7023e-33, 	 cum-pr=7.8606e-33 	 rem-pr=1.0000e+00
β= 7,	 pr=2.9674e-32, 	 cum-pr=3.7535e-32 	 rem-pr=1.0000e+00
β= 8,	 pr=1.0794e-31, 	 cum-pr=1.4547e-31 	 rem-pr=1.0000e+00
β= 9,	 pr=3.5063e-31, 	 cum-pr=4.9610e-31 	 rem-pr=1.0000e+00
β= 10,	 pr=1.0580e-30, 	 cum-pr=1.5541e-30 	 rem-pr=1.0000e+00
β= 11,	 pr=3.1608e-30, 	 cum-pr=4.7148e-30 	 rem-pr=1.0000e+00
β= 12,	 pr=9.7019e-30, 	 cum-pr=1.4417e-29 	 rem-pr=1.0000e+00
β= 13,	 pr=3.1238e-29, 	 cum-pr=4.5655e-29 	 rem-pr=1.0000e+00
β= 14,	 pr=1.0459e-28, 	 cum-pr=1.5024e-28 	 rem-pr=1.0000e+00
β= 15,	 pr=4.1647e-28, 	 cum-pr=5.6672e-28 	 rem-pr=1.0000e+00
β= 16,	 pr=1.8010e-27, 	 cum-pr=2.3677e-27 	 rem-pr=1.0000e+00
β= 17,	 pr=8.8421e-27, 	 cum-pr=1.1210e-26 	 rem-pr=1.0000e+00
β= 18,	 pr=5.2143e-26, 	 cum-pr=6.3352e-26 	 rem-pr=1.0000e+00
β= 19,	 pr=3.5554e-25, 	 cum-pr=4.1889e-25 	 rem-pr=1.0000e+00
β= 20,	 pr=2.4061e-24, 	 cum-pr=2.8250e-24 	 rem-pr=1.0000e+00
β= 21,	 pr=1.8113e-23, 	 cum-pr=2.0938e-23 	 rem-pr=1.0000e+00
β= 22,	 pr=1.5008e-22, 	 cum-pr=1.7102e-22 	 rem-pr=1.0000e+00
β= 23,	 pr=1.7797e-21, 	 cum-pr=1.9507e-21 	 rem-pr=1.0000e+00
β= 24,	 pr=2.2602e-20, 	 cum-pr=2.4553e-20 	 rem-pr=1.0000e+00
β= 25,	 pr=2.6710e-19, 	 cum-pr=2.9165e-19 	 rem-pr=1.0000e+00
β= 26,	 pr=2.7388e-18, 	 cum-pr=3.0304e-18 	 rem-pr=1.0000e+00
β= 27,	 pr=2.4260e-17, 	 cum-pr=2.7291e-17 	 rem-pr=1.0000e+00
β= 28,	 pr=2.3964e-16, 	 cum-pr=2.6693e-16 	 rem-pr=1.0000e+00
β= 29,	 pr=2.6649e-15, 	 cum-pr=2.9319e-15 	 rem-pr=1.0000e+00
β= 30,	 pr=3.1546e-14, 	 cum-pr=3.4477e-14 	 rem-pr=1.0000e+00
β= 31,	 pr=4.0858e-13, 	 cum-pr=4.4305e-13 	 rem-pr=1.0000e+00
β= 32,	 pr=5.2837e-12, 	 cum-pr=5.7267e-12 	 rem-pr=1.0000e+00
β= 33,	 pr=4.8212e-11, 	 cum-pr=5.3939e-11 	 rem-pr=1.0000e+00
β= 34,	 pr=4.2887e-10, 	 cum-pr=4.8281e-10 	 rem-pr=1.0000e+00
β= 35,	 pr=2.6996e-09, 	 cum-pr=3.1824e-09 	 rem-pr=1.0000e+00
β= 36,	 pr=1.5362e-08, 	 cum-pr=1.8545e-08 	 rem-pr=1.0000e+00
β= 37,	 pr=7.9762e-08, 	 cum-pr=9.8307e-08 	 rem-pr=1.0000e+00
β= 38,	 pr=4.0597e-07, 	 cum-pr=5.0427e-07 	 rem-pr=1.0000e+00
β= 39,	 pr=2.1481e-06, 	 cum-pr=2.6524e-06 	 rem-pr=1.0000e+00
β= 40,	 pr=9.3456e-06, 	 cum-pr=1.1998e-05 	 rem-pr=9.9999e-01
β= 41,	 pr=3.9032e-05, 	 cum-pr=5.1029e-05 	 rem-pr=9.9995e-01
β= 42,	 pr=1.4947e-04, 	 cum-pr=2.0049e-04 	 rem-pr=9.9980e-01
β= 43,	 pr=6.8447e-04, 	 cum-pr=8.8483e-04 	 rem-pr=9.9912e-01
β= 44,	 pr=2.3483e-03, 	 cum-pr=3.2310e-03 	 rem-pr=9.9677e-01
β= 45,	 pr=7.4102e-03, 	 cum-pr=1.0617e-02 	 rem-pr=9.8938e-01
β= 46,	 pr=2.4677e-02, 	 cum-pr=3.5032e-02 	 rem-pr=9.6497e-01
β= 47,	 pr=6.0745e-02, 	 cum-pr=9.3649e-02 	 rem-pr=9.0635e-01
β= 48,	 pr=1.2864e-01, 	 cum-pr=2.1024e-01 	 rem-pr=7.8976e-01
β= 49,	 pr=2.3595e-01, 	 cum-pr=3.9659e-01 	 rem-pr=6.0341e-01
β= 50,	 pr=3.7889e-01, 	 cum-pr=6.2522e-01 	 rem-pr=3.7478e-01
β= 51,	 pr=5.3988e-01, 	 cum-pr=8.2756e-01 	 rem-pr=1.7244e-01
β= 52,	 pr=6.9371e-01, 	 cum-pr=9.4718e-01 	 rem-pr=5.2818e-02
β= 53,	 pr=8.1878e-01, 	 cum-pr=9.9043e-01 	 rem-pr=9.5719e-03
β= 54,	 pr=9.0551e-01, 	 cum-pr=9.9910e-01 	 rem-pr=9.0447e-04
[4;37m       Attack Estimation      [0m
[1;33m dim=256 	 	 	 β=49.86  [0m
[0m  [0m
[4;37m       Running the Attack      [0m
[3;32m 	 Worthy hint ! [0m [1;33m dim=256, δ=1.01194343, β=52.38 [0m
[1;37m integrate approx hint [0m [0m (conditionning) [0m [3;32m 	 Worthy hint ! [0m [1;33m dim=256, δ=1.00953333, β=94.37 [0m
[1;37m integrate approx hint [0m [0m (conditionning) [0m [3;32m 	 Worthy hint ! [0m [1;33m dim=256, δ=1.00964354, β=92.18 [0m
[1;37m integrate approx hint [0m [0m (conditionning) [0m [3;32m 	 Worthy hint ! [0m [1;33m dim=256, δ=1.00975301, β=90.04 [0m
[1;37m integrate approx hint [0m [0m (conditionning) [0m [3;32m 	 Worthy hint ! [0m [1;33m dim=256, δ=1.01202754, β=50.77 [0m
[1;37m integrate approx hint [0m [0m (conditionning) [0m [3;32m 	 Worthy hint ! [0m [1;33m dim=256, δ=1.00984197, β=87.94 [0m
[1;37m integrate approx hint [0m [0m (conditionning) [0m [0m Running BKZ-3 [0m [3;32m 	 Worthy hint ! [0m [1;33m dim=256, δ=1.00994946, β=85.88 [0m
[1;37m integrate approx hint [0m [0m (conditionning) [0m [3;32m 	 Worthy hint ! [0m [1;33m dim=256, δ=1.01005607, β=83.86 [0m
[1;37m integrate approx hint [0m [0m (conditionning) [0m [3;32m 	 Worthy hint ! [0m [1;33m dim=256, δ=1.01016180, β=81.89 [0m
[1;37m integrate approx hint [0m [0m (conditionning) [0m [0m Running BKZ-2 [0m [3;32m 	 Worthy hint ! [0m [1;33m dim=256, δ=1.01214264, β=49.13 [0m
[1;37m integrate approx hint [0m [0m (conditionning) [0m [3;32m 	 Worthy hint ! [0m [1;33m dim=256, δ=1.01026657, β=79.95 [0m
[1;37m integrate approx hint [0m [0m (conditionning) [0m β= 2,	 pr=1.7232e-39, 	 cum-pr=1.7232e-39 	 rem-pr=1.0000e+00
β= 3,	 pr=2.1324e-36, 	 cum-pr=2.1342e-36 	 rem-pr=1.0000e+00
β= 4,	 pr=8.5307e-35, 	 cum-pr=8.7441e-35 	 rem-pr=1.0000e+00
β= 5,	 pr=9.8558e-34, 	 cum-pr=1.0730e-33 	 rem-pr=1.0000e+00
β= 6,	 pr=6.2166e-33, 	 cum-pr=7.2896e-33 	 rem-pr=1.0000e+00
β= 7,	 pr=2.7547e-32, 	 cum-pr=3.4837e-32 	 rem-pr=1.0000e+00
β= 8,	 pr=1.0027e-31, 	 cum-pr=1.3511e-31 	 rem-pr=1.0000e+00
β= 9,	 pr=3.2590e-31, 	 cum-pr=4.6101e-31 	 rem-pr=1.0000e+00
β= 10,	 pr=9.8383e-31, 	 cum-pr=1.4448e-30 	 rem-pr=1.0000e+00
β= 11,	 pr=2.9405e-30, 	 cum-pr=4.3854e-30 	 rem-pr=1.0000e+00
β= 12,	 pr=9.0300e-30, 	 cum-pr=1.3415e-29 	 rem-pr=1.0000e+00
β= 13,	 pr=2.9084e-29, 	 cum-pr=4.2500e-29 	 rem-pr=1.0000e+00
β= 14,	 pr=9.7412e-29, 	 cum-pr=1.3991e-28 	 rem-pr=1.0000e+00
β= 15,	 pr=3.8798e-28, 	 cum-pr=5.2789e-28 	 rem-pr=1.0000e+00
β= 16,	 pr=1.6793e-27, 	 cum-pr=2.2072e-27 	 rem-pr=1.0000e+00
β= 17,	 pr=8.2443e-27, 	 cum-pr=1.0451e-26 	 rem-pr=1.0000e+00
β= 18,	 pr=4.8623e-26, 	 cum-pr=5.9074e-26 	 rem-pr=1.0000e+00
β= 19,	 pr=3.3195e-25, 	 cum-pr=3.9102e-25 	 rem-pr=1.0000e+00
β= 20,	 pr=2.2497e-24, 	 cum-pr=2.6407e-24 	 rem-pr=1.0000e+00
β= 21,	 pr=1.6939e-23, 	 cum-pr=1.9579e-23 	 rem-pr=1.0000e+00
β= 22,	 pr=1.4033e-22, 	 cum-pr=1.5991e-22 	 rem-pr=1.0000e+00
β= 23,	 pr=1.6653e-21, 	 cum-pr=1.8252e-21 	 rem-pr=1.0000e+00
β= 24,	 pr=2.1187e-20, 	 cum-pr=2.3012e-20 	 rem-pr=1.0000e+00
β= 25,	 pr=2.5103e-19, 	 cum-pr=2.7404e-19 	 rem-pr=1.0000e+00
β= 26,	 pr=2.5803e-18, 	 cum-pr=2.8543e-18 	 rem-pr=1.0000e+00
β= 27,	 pr=2.2880e-17, 	 cum-pr=2.5734e-17 	 rem-pr=1.0000e+00
β= 28,	 pr=2.2601e-16, 	 cum-pr=2.5174e-16 	 rem-pr=1.0000e+00
β= 29,	 pr=2.5142e-15, 	 cum-pr=2.7659e-15 	 rem-pr=1.0000e+00
β= 30,	 pr=2.9790e-14, 	 cum-pr=3.2556e-14 	 rem-pr=1.0000e+00
β= 31,	 pr=3.8649e-13, 	 cum-pr=4.1904e-13 	 rem-pr=1.0000e+00
β= 32,	 pr=5.0107e-12, 	 cum-pr=5.4297e-12 	 rem-pr=1.0000e+00
β= 33,	 pr=4.5874e-11, 	 cum-pr=5.1303e-11 	 rem-pr=1.0000e+00
β= 34,	 pr=4.0959e-10, 	 cum-pr=4.6089e-10 	 rem-pr=1.0000e+00
β= 35,	 pr=2.5878e-09, 	 cum-pr=3.0487e-09 	 rem-pr=1.0000e+00
β= 36,	 pr=1.4765e-08, 	 cum-pr=1.7814e-08 	 rem-pr=1.0000e+00
β= 37,	 pr=7.6761e-08, 	 cum-pr=9.4575e-08 	 rem-pr=1.0000e+00
β= 38,	 pr=3.9091e-07, 	 cum-pr=4.8549e-07 	 rem-pr=1.0000e+00
β= 39,	 pr=2.0698e-06, 	 cum-pr=2.5553e-06 	 rem-pr=1.0000e+00
β= 40,	 pr=9.0118e-06, 	 cum-pr=1.1567e-05 	 rem-pr=9.9999e-01
β= 41,	 pr=3.7675e-05, 	 cum-pr=4.9242e-05 	 rem-pr=9.9995e-01
β= 42,	 pr=1.4446e-04, 	 cum-pr=1.9369e-04 	 rem-pr=9.9981e-01
β= 43,	 pr=6.6276e-04, 	 cum-pr=8.5633e-04 	 rem-pr=9.9914e-01
β= 44,	 pr=2.2782e-03, 	 cum-pr=3.1326e-03 	 rem-pr=9.9687e-01
β= 45,	 pr=7.2053e-03, 	 cum-pr=1.0315e-02 	 rem-pr=9.8968e-01
β= 46,	 pr=2.4069e-02, 	 cum-pr=3.4136e-02 	 rem-pr=9.6586e-01
β= 47,	 pr=5.9422e-02, 	 cum-pr=9.1530e-02 	 rem-pr=9.0847e-01
β= 48,	 pr=1.2623e-01, 	 cum-pr=2.0620e-01 	 rem-pr=7.9380e-01
β= 49,	 pr=2.3226e-01, 	 cum-pr=3.9057e-01 	 rem-pr=6.0943e-01
β= 50,	 pr=3.7414e-01, 	 cum-pr=6.1859e-01 	 rem-pr=3.8141e-01
β= 51,	 pr=5.3473e-01, 	 cum-pr=8.2254e-01 	 rem-pr=1.7746e-01
β= 52,	 pr=6.8897e-01, 	 cum-pr=9.4480e-01 	 rem-pr=5.5196e-02
β= 53,	 pr=8.1508e-01, 	 cum-pr=9.8979e-01 	 rem-pr=1.0207e-02
β= 54,	 pr=9.0306e-01, 	 cum-pr=9.9901e-01 	 rem-pr=9.8949e-04
[4;37m       Attack Estimation      [0m
[1;33m dim=256 	 	 	 β=49.89  [0m
[0m  [0m
[4;37m       Running the Attack      [0m
[3;32m 	 Worthy hint ! [0m [1;33m dim=256, δ=1.01039240, β=78.05 [0m
[1;37m integrate approx hint [0m [0m (conditionning) [0m [3;32m 	 Worthy hint ! [0m [1;33m dim=256, δ=1.01049571, β=76.18 [0m
[1;37m integrate approx hint [0m [0m (conditionning) [0m [0m Running BKZ-3 [0m [3;32m 	 Worthy hint ! [0m [1;33m dim=256, δ=1.01059794, β=74.34 [0m
[1;37m integrate approx hint [0m [0m (conditionning) [0m [0m Running BKZ-4 [0m β= 2,	 pr=1.1066e-39, 	 cum-pr=1.1066e-39 	 rem-pr=1.0000e+00
β= 3,	 pr=1.4053e-36, 	 cum-pr=1.4064e-36 	 rem-pr=1.0000e+00
β= 4,	 pr=5.6955e-35, 	 cum-pr=5.8361e-35 	 rem-pr=1.0000e+00
β= 5,	 pr=6.6342e-34, 	 cum-pr=7.2178e-34 	 rem-pr=1.0000e+00
β= 6,	 pr=4.2088e-33, 	 cum-pr=4.9306e-33 	 rem-pr=1.0000e+00
β= 7,	 pr=1.8732e-32, 	 cum-pr=2.3663e-32 	 rem-pr=1.0000e+00
β= 8,	 pr=6.8425e-32, 	 cum-pr=9.2088e-32 	 rem-pr=1.0000e+00
β= 9,	 pr=2.2305e-31, 	 cum-pr=3.1514e-31 	 rem-pr=1.0000e+00
β= 10,	 pr=6.7505e-31, 	 cum-pr=9.9019e-31 	 rem-pr=1.0000e+00
β= 11,	 pr=2.0220e-30, 	 cum-pr=3.0122e-30 	 rem-pr=1.0000e+00
β= 12,	 pr=6.2239e-30, 	 cum-pr=9.2361e-30 	 rem-pr=1.0000e+00
β= 13,	 pr=2.0081e-29, 	 cum-pr=2.9317e-29 	 rem-pr=1.0000e+00
β= 14,	 pr=6.7393e-29, 	 cum-pr=9.6710e-29 	 rem-pr=1.0000e+00
β= 15,	 pr=2.6865e-28, 	 cum-pr=3.6536e-28 	 rem-pr=1.0000e+00
β= 16,	 pr=1.1681e-27, 	 cum-pr=1.5334e-27 	 rem-pr=1.0000e+00
β= 17,	 pr=5.7350e-27, 	 cum-pr=7.2684e-27 	 rem-pr=1.0000e+00
β= 18,	 pr=3.3839e-26, 	 cum-pr=4.1107e-26 	 rem-pr=1.0000e+00
β= 19,	 pr=2.3251e-25, 	 cum-pr=2.7361e-25 	 rem-pr=1.0000e+00
β= 20,	 pr=1.5877e-24, 	 cum-pr=1.8613e-24 	 rem-pr=1.0000e+00
β= 21,	 pr=1.1967e-23, 	 cum-pr=1.3829e-23 	 rem-pr=1.0000e+00
β= 22,	 pr=9.9056e-23, 	 cum-pr=1.1288e-22 	 rem-pr=1.0000e+00
β= 23,	 pr=1.1798e-21, 	 cum-pr=1.2927e-21 	 rem-pr=1.0000e+00
β= 24,	 pr=1.5148e-20, 	 cum-pr=1.6440e-20 	 rem-pr=1.0000e+00
β= 25,	 pr=1.8191e-19, 	 cum-pr=1.9835e-19 	 rem-pr=1.0000e+00
β= 26,	 pr=1.8938e-18, 	 cum-pr=2.0922e-18 	 rem-pr=1.0000e+00
β= 27,	 pr=1.6884e-17, 	 cum-pr=1.8976e-17 	 rem-pr=1.0000e+00
β= 28,	 pr=1.6682e-16, 	 cum-pr=1.8580e-16 	 rem-pr=1.0000e+00
β= 29,	 pr=1.8588e-15, 	 cum-pr=2.0446e-15 	 rem-pr=1.0000e+00
β= 30,	 pr=2.2132e-14, 	 cum-pr=2.4176e-14 	 rem-pr=1.0000e+00
β= 31,	 pr=2.8960e-13, 	 cum-pr=3.1378e-13 	 rem-pr=1.0000e+00
β= 32,	 pr=3.8034e-12, 	 cum-pr=4.1172e-12 	 rem-pr=1.0000e+00
β= 33,	 pr=3.5422e-11, 	 cum-pr=3.9540e-11 	 rem-pr=1.0000e+00
β= 34,	 pr=3.2242e-10, 	 cum-pr=3.6196e-10 	 rem-pr=1.0000e+00
β= 35,	 pr=2.0769e-09, 	 cum-pr=2.4388e-09 	 rem-pr=1.0000e+00
β= 36,	 pr=1.2018e-08, 	 cum-pr=1.4457e-08 	 rem-pr=1.0000e+00
β= 37,	 pr=6.2906e-08, 	 cum-pr=7.7363e-08 	 rem-pr=1.0000e+00
β= 38,	 pr=3.2131e-07, 	 cum-pr=3.9867e-07 	 rem-pr=1.0000e+00
β= 39,	 pr=1.7070e-06, 	 cum-pr=2.1057e-06 	 rem-pr=1.0000e+00
β= 40,	 pr=7.4606e-06, 	 cum-pr=9.5662e-06 	 rem-pr=9.9999e-01
β= 41,	 pr=3.1350e-05, 	 cum-pr=4.0916e-05 	 rem-pr=9.9996e-01
β= 42,	 pr=1.2096e-04, 	 cum-pr=1.6187e-04 	 rem-pr=9.9984e-01
β= 43,	 pr=5.6042e-04, 	 cum-pr=7.2220e-04 	 rem-pr=9.9928e-01
β= 44,	 pr=1.9454e-03, 	 cum-pr=2.6662e-03 	 rem-pr=9.9733e-01
β= 45,	 pr=6.2247e-03, 	 cum-pr=8.8743e-03 	 rem-pr=9.9113e-01
β= 46,	 pr=2.1126e-02, 	 cum-pr=2.9813e-02 	 rem-pr=9.7019e-01
β= 47,	 pr=5.2948e-02, 	 cum-pr=8.1183e-02 	 rem-pr=9.1882e-01
β= 48,	 pr=1.1427e-01, 	 cum-pr=1.8618e-01 	 rem-pr=8.1382e-01
β= 49,	 pr=2.1373e-01, 	 cum-pr=3.6012e-01 	 rem-pr=6.3988e-01
β= 50,	 pr=3.4994e-01, 	 cum-pr=5.8404e-01 	 rem-pr=4.1596e-01
β= 51,	 pr=5.0803e-01, 	 cum-pr=7.9536e-01 	 rem-pr=2.0464e-01
β= 52,	 pr=6.6401e-01, 	 cum-pr=9.3124e-01 	 rem-pr=6.8757e-02
β= 53,	 pr=7.9526e-01, 	 cum-pr=9.8592e-01 	 rem-pr=1.4077e-02
β= 54,	 pr=8.8966e-01, 	 cum-pr=9.9845e-01 	 rem-pr=1.5533e-03
β= 55,	 pr=9.4779e-01, 	 cum-pr=9.9992e-01 	 rem-pr=8.1104e-05
[4;37m       Attack Estimation      [0m
[1;33m dim=256 	 	 	 β=50.04  [0m
[0m  [0m
[4;37m       Running the Attack      [0m
[3;32m 	 Worthy hint ! [0m [1;33m dim=256, δ=1.01069908, β=72.54 [0m
[1;37m integrate approx hint [0m [0m (conditionning) [0m [0m Running BKZ-2 [0m [3;32m 	 Worthy hint ! [0m [1;33m dim=256, δ=1.01222338, β=47.50 [0m
[1;37m integrate approx hint [0m [0m (conditionning) [0m [3;32m 	 Worthy hint ! [0m [1;33m dim=256, δ=1.01079907, β=70.76 [0m
[1;37m integrate approx hint [0m [0m (conditionning) [0m [0m Running BKZ-3 [0m [3;32m 	 Worthy hint ! [0m [1;33m dim=256, δ=1.01092239, β=69.01 [0m
[1;37m integrate approx hint [0m [0m (conditionning) [0m [0m Running BKZ-5 [0m [3;32m 	 Worthy hint ! [0m [1;33m dim=256, δ=1.01230396, β=45.86 [0m
[1;37m integrate approx hint [0m [0m (conditionning) [0m [0m Running BKZ-2 [0m [3;32m 	 Worthy hint ! [0m [1;33m dim=256, δ=1.01102049, β=67.29 [0m
[1;37m integrate approx hint [0m [0m (conditionning) [0m [0m Running BKZ-4 [0m [3;32m 	 Worthy hint ! [0m [1;33m dim=256, δ=1.01111728, β=65.58 [0m
[1;37m integrate approx hint [0m [0m (conditionning) [0m [3;32m 	 Worthy hint ! [0m [1;33m dim=256, δ=1.01121268, β=63.90 [0m
[1;37m integrate approx hint [0m [0m (conditionning) [0m [0m Running BKZ-6 [0m [0m Running BKZ-4 [0m [3;32m 	 Worthy hint ! [0m [1;33m dim=256, δ=1.01241835, β=44.21 [0m
[1;37m integrate approx hint [0m [0m (conditionning) [0m [3;32m 	 Worthy hint ! [0m [1;33m dim=256, δ=1.01133366, β=62.24 [0m
[1;37m integrate approx hint [0m [0m (conditionning) [0m [0m Running BKZ-5 [0m [3;32m 	 Worthy hint ! [0m [1;33m dim=256, δ=1.01142684, β=60.60 [0m
[1;37m integrate approx hint [0m [0m (conditionning) [0m [3;32m 	 Worthy hint ! [0m [1;33m dim=256, δ=1.01151842, β=58.97 [0m
[1;37m integrate approx hint [0m [0m (conditionning) [0m [3;32m 	 Worthy hint ! [0m [1;33m dim=256, δ=1.01163741, β=57.35 [0m
[1;37m integrate approx hint [0m [0m (conditionning) [0m [3;32m 	 Worthy hint ! [0m [1;33m dim=256, δ=1.01172642, β=55.74 [0m
[1;37m integrate approx hint [0m [0m (conditionning) [0m [3;32m 	 Worthy hint ! [0m [1;33m dim=256, δ=1.01249937, β=42.57 [0m
[0m Running BKZ-5 [0m [0m Running BKZ-7 [0m [3;32m 	 Worthy hint ! [0m [1;33m dim=256, δ=1.01184408, β=54.13 [0m
[1;37m integrate approx hint [0m [0m (conditionning) [0m [3;32m 	 Worthy hint ! [0m [1;33m dim=256, δ=1.01193023, β=52.53 [0m
[1;37m integrate approx hint [0m [0m (conditionning) [0m [3;32m 	 Worthy hint ! [0m [1;33m dim=256, δ=1.01201434, β=50.91 [0m
[1;37m integrate approx hint [0m [0m (conditionning) [0m [3;32m 	 Worthy hint ! [0m [1;33m dim=256, δ=1.01212942, β=49.28 [0m
[1;37m integrate approx hint [0m [0m (conditionning) [0m [3;32m 	 Worthy hint ! [0m [1;33m dim=256, δ=1.01221015, β=47.64 [0m
[1;37m integrate approx hint [0m [0m (conditionning) [0m [3;32m 	 Worthy hint ! [0m [1;33m dim=256, δ=1.01232443, β=46.00 [0m
[1;37m integrate approx hint [0m [0m (conditionning) [0m [0m Running BKZ-3 [0m [0m Running BKZ-3 [0m [3;32m 	 Worthy hint ! [0m [1;33m dim=256, δ=1.01240500, β=44.36 [0m
[1;37m integrate approx hint [0m [0m (conditionning) [0m [0m Running BKZ-8 [0m [3;32m 	 Worthy hint ! [0m [1;33m dim=256, δ=1.01248594, β=42.72 [0m
[0m Running BKZ-6 [0m [0m Running BKZ-9 [0m [0m Running BKZ-7 [0m [0m Running BKZ-4 [0m [0m Running BKZ-6 [0m [0m Running BKZ-5 [0m [0m Running BKZ-10 [0m [0m Running BKZ-8 [0m [0m Running BKZ-3 [0m [0m Running BKZ-6 [0m [0m Running BKZ-7 [0m [0m Running BKZ-3 [0m [0m Running BKZ-4 [0m [0m Running BKZ-2 [0m [0m Running BKZ-11 [0m [0m Running BKZ-2 [0m [0m Running BKZ-9 [0m [0m Running BKZ-7 [0m [0m Running BKZ-5 [0m [0m Running BKZ-4 [0m [0m Running BKZ-8 [0m [0m Running BKZ-4 [0m [0m Running BKZ-12 [0m [0m Running BKZ-10 [0m [0m Running BKZ-5 [0m [0m Running BKZ-3 [0m [0m Running BKZ-6 [0m [0m Running BKZ-9 [0m [0m Running BKZ-8 [0m [0m Running BKZ-6 [0m [0m Running BKZ-13 [0m [0m Running BKZ-11 [0m [0m Running BKZ-4 [0m [0m Running BKZ-3 [0m [0m Running BKZ-7 [0m [0m Running BKZ-5 [0m [0m Running BKZ-5 [0m [0m Running BKZ-10 [0m [0m Running BKZ-7 [0m [0m Running BKZ-12 [0m [0m Running BKZ-14 [0m [0m Running BKZ-8 [0m [0m Running BKZ-9 [0m [0m Running BKZ-4 [0m [0m Running BKZ-6 [0m [0m Running BKZ-11 [0m [4;37m       Attack Estimation      [0m
[1;33m dim=256 	 δ=1.012476 	 β=43.20  [0m
[0m  [0m
[0m Running BKZ-13 [0m [0m Running BKZ-8 [0m [0m Running BKZ-9 [0m [0m Running BKZ-15 [0m [0m Running BKZ-5 [0m [0m Running BKZ-7 [0m [0m Running BKZ-3 [0m [0m Running BKZ-12 [0m [0m Running BKZ-10 [0m [0m Running BKZ-14 [0m [0m Running BKZ-10 [0m [0m Running BKZ-6 [0m [0m Running BKZ-9 [0m [0m Running BKZ-8 [0m [0m Running BKZ-16 [0m [0m Running BKZ-13 [0m [0m Running BKZ-4 [0m [0m Running BKZ-15 [0m [0m Running BKZ-11 [0m [0m Running BKZ-7 [0m [0m Running BKZ-6 [0m [0m Running BKZ-9 [0m [0m Running BKZ-5 [0m [0m Running BKZ-10 [0m [0m Running BKZ-17 [0m [0m Running BKZ-14 [0m [0m Running BKZ-12 [0m [4;37m       Attack Estimation      [0m
[1;33m dim=256 	 δ=1.012481 	 β=42.77  [0m
[0m  [0m
[0m Running BKZ-16 [0m [4;37m       Attack Estimation      [0m
[1;33m dim=256 	 δ=1.012486 	 β=42.72  [0m
[0m  [0m
[0m Running BKZ-10 [0m [0m Running BKZ-8 [0m [0m Running BKZ-3 [0m [0m Running BKZ-11 [0m [0m Running BKZ-11 [0m [0m Running BKZ-15 [0m [0m Running BKZ-18 [0m [0m Running BKZ-13 [0m [0m Running BKZ-17 [0m [0m Running BKZ-6 [0m [0m Running BKZ-11 [0m [0m Running BKZ-4 [0m [0m Running BKZ-9 [0m [0m Running BKZ-12 [0m [0m Running BKZ-14 [0m [0m Running BKZ-16 [0m [0m Running BKZ-3 [0m [0m Running BKZ-5 [0m [0m Running BKZ-19 [0m [0m Running BKZ-12 [0m [0m Running BKZ-10 [0m [0m Running BKZ-13 [0m [0m Running BKZ-18 [0m [0m Running BKZ-15 [0m [0m Running BKZ-4 [0m [0m Running BKZ-17 [0m [0m Running BKZ-6 [0m [0m Running BKZ-7 [0m [0m Running BKZ-13 [0m [0m Running BKZ-5 [0m [0m Running BKZ-11 [0m [0m Running BKZ-20 [0m [0m Running BKZ-14 [0m β= 2,	 pr=1.9416e-39, 	 cum-pr=1.9416e-39 	 rem-pr=1.0000e+00
β= 3,	 pr=2.3860e-36, 	 cum-pr=2.3879e-36 	 rem-pr=1.0000e+00
β= 4,	 pr=9.5116e-35, 	 cum-pr=9.7504e-35 	 rem-pr=1.0000e+00
β= 5,	 pr=1.0965e-33, 	 cum-pr=1.1940e-33 	 rem-pr=1.0000e+00
β= 6,	 pr=6.9054e-33, 	 cum-pr=8.0994e-33 	 rem-pr=1.0000e+00
β= 7,	 pr=3.0563e-32, 	 cum-pr=3.8663e-32 	 rem-pr=1.0000e+00
β= 8,	 pr=1.1114e-31, 	 cum-pr=1.4980e-31 	 rem-pr=1.0000e+00
β= 9,	 pr=3.6095e-31, 	 cum-pr=5.1076e-31 	 rem-pr=1.0000e+00
β= 10,	 pr=1.0889e-30, 	 cum-pr=1.5997e-30 	 rem-pr=1.0000e+00
β= 11,	 pr=3.2527e-30, 	 cum-pr=4.8523e-30 	 rem-pr=1.0000e+00
β= 12,	 pr=9.9822e-30, 	 cum-pr=1.4834e-29 	 rem-pr=1.0000e+00
β= 13,	 pr=3.2136e-29, 	 cum-pr=4.6970e-29 	 rem-pr=1.0000e+00
β= 14,	 pr=1.0758e-28, 	 cum-pr=1.5455e-28 	 rem-pr=1.0000e+00
β= 15,	 pr=4.2835e-28, 	 cum-pr=5.8290e-28 	 rem-pr=1.0000e+00
β= 16,	 pr=1.8518e-27, 	 cum-pr=2.4346e-27 	 rem-pr=1.0000e+00
β= 17,	 pr=9.0911e-27, 	 cum-pr=1.1526e-26 	 rem-pr=1.0000e+00
β= 18,	 pr=5.3609e-26, 	 cum-pr=6.5134e-26 	 rem-pr=1.0000e+00
β= 19,	 pr=3.6535e-25, 	 cum-pr=4.3048e-25 	 rem-pr=1.0000e+00
β= 20,	 pr=2.4711e-24, 	 cum-pr=2.9016e-24 	 rem-pr=1.0000e+00
β= 21,	 pr=1.8601e-23, 	 cum-pr=2.1502e-23 	 rem-pr=1.0000e+00
β= 22,	 pr=1.5413e-22, 	 cum-pr=1.7564e-22 	 rem-pr=1.0000e+00
β= 23,	 pr=1.8272e-21, 	 cum-pr=2.0028e-21 	 rem-pr=1.0000e+00
β= 24,	 pr=2.3189e-20, 	 cum-pr=2.5192e-20 	 rem-pr=1.0000e+00
β= 25,	 pr=2.7375e-19, 	 cum-pr=2.9894e-19 	 rem-pr=1.0000e+00
β= 26,	 pr=2.8043e-18, 	 cum-pr=3.1032e-18 	 rem-pr=1.0000e+00
β= 27,	 pr=2.4831e-17, 	 cum-pr=2.7934e-17 	 rem-pr=1.0000e+00
β= 28,	 pr=2.4527e-16, 	 cum-pr=2.7321e-16 	 rem-pr=1.0000e+00
β= 29,	 pr=2.7272e-15, 	 cum-pr=3.0004e-15 	 rem-pr=1.0000e+00
β= 30,	 pr=3.2270e-14, 	 cum-pr=3.5271e-14 	 rem-pr=1.0000e+00
β= 31,	 pr=4.1768e-13, 	 cum-pr=4.5295e-13 	 rem-pr=1.0000e+00
β= 32,	 pr=5.3960e-12, 	 cum-pr=5.8490e-12 	 rem-pr=1.0000e+00
β= 33,	 pr=4.9172e-11, 	 cum-pr=5.5021e-11 	 rem-pr=1.0000e+00
β= 34,	 pr=4.3676e-10, 	 cum-pr=4.9178e-10 	 rem-pr=1.0000e+00
β= 35,	 pr=2.7452e-09, 	 cum-pr=3.2370e-09 	 rem-pr=1.0000e+00
β= 36,	 pr=1.5606e-08, 	 cum-pr=1.8843e-08 	 rem-pr=1.0000e+00
β= 37,	 pr=8.0985e-08, 	 cum-pr=9.9828e-08 	 rem-pr=1.0000e+00
β= 38,	 pr=4.1210e-07, 	 cum-pr=5.1192e-07 	 rem-pr=1.0000e+00
β= 39,	 pr=2.1800e-06, 	 cum-pr=2.6919e-06 	 rem-pr=1.0000e+00
β= 40,	 pr=9.4814e-06, 	 cum-pr=1.2173e-05 	 rem-pr=9.9999e-01
β= 41,	 pr=3.9583e-05, 	 cum-pr=5.1756e-05 	 rem-pr=9.9995e-01
β= 42,	 pr=1.5151e-04, 	 cum-pr=2.0326e-04 	 rem-pr=9.9980e-01
β= 43,	 pr=6.9327e-04, 	 cum-pr=8.9639e-04 	 rem-pr=9.9910e-01
β= 44,	 pr=2.3767e-03, 	 cum-pr=3.2709e-03 	 rem-pr=9.9673e-01
β= 45,	 pr=7.4929e-03, 	 cum-pr=1.0739e-02 	 rem-pr=9.8926e-01
β= 46,	 pr=2.4922e-02, 	 cum-pr=3.5393e-02 	 rem-pr=9.6461e-01
β= 47,	 pr=6.1276e-02, 	 cum-pr=9.4501e-02 	 rem-pr=9.0550e-01
β= 48,	 pr=1.2961e-01, 	 cum-pr=2.1186e-01 	 rem-pr=7.8814e-01
β= 49,	 pr=2.3743e-01, 	 cum-pr=3.9898e-01 	 rem-pr=6.0102e-01
β= 50,	 pr=3.8078e-01, 	 cum-pr=6.2784e-01 	 rem-pr=3.7216e-01
β= 51,	 pr=5.4193e-01, 	 cum-pr=8.2952e-01 	 rem-pr=1.7048e-01
β= 52,	 pr=6.9558e-01, 	 cum-pr=9.4810e-01 	 rem-pr=5.1896e-02
β= 53,	 pr=8.2023e-01, 	 cum-pr=9.9067e-01 	 rem-pr=9.3291e-03
β= 54,	 pr=9.0647e-01, 	 cum-pr=9.9913e-01 	 rem-pr=8.7258e-04
[4;37m       Attack Estimation      [0m
[1;33m dim=256 	 	 	 β=49.85  [0m
[0m  [0m
[4;37m       Running the Attack      [0m
[0m Running BKZ-16 [0m [0m Running BKZ-19 [0m [0m Running BKZ-7 [0m [0m Running BKZ-2 [0m [0m Running BKZ-12 [0m [0m Running BKZ-18 [0m [0m Running BKZ-14 [0m [0m Running BKZ-12 [0m [0m Running BKZ-6 [0m [0m Running BKZ-15 [0m [0m Running BKZ-7 [0m [0m Running BKZ-21 [0m [0m Running BKZ-17 [0m [0m Running BKZ-20 [0m [0m Running BKZ-7 [0m [0m Running BKZ-13 [0m [0m Running BKZ-15 [0m [0m Running BKZ-8 [0m [0m Running BKZ-19 [0m β= 2,	 pr=9.3959e-40, 	 cum-pr=9.3959e-40 	 rem-pr=1.0000e+00
β= 3,	 pr=1.2046e-36, 	 cum-pr=1.2056e-36 	 rem-pr=1.0000e+00
β= 4,	 pr=4.9056e-35, 	 cum-pr=5.0262e-35 	 rem-pr=1.0000e+00
β= 5,	 pr=5.7314e-34, 	 cum-pr=6.2340e-34 	 rem-pr=1.0000e+00
β= 6,	 pr=3.6438e-33, 	 cum-pr=4.2672e-33 	 rem-pr=1.0000e+00
β= 7,	 pr=1.6244e-32, 	 cum-pr=2.0512e-32 	 rem-pr=1.0000e+00
β= 8,	 pr=5.9414e-32, 	 cum-pr=7.9925e-32 	 rem-pr=1.0000e+00
β= 9,	 pr=1.9389e-31, 	 cum-pr=2.7381e-31 	 rem-pr=1.0000e+00
β= 10,	 pr=5.8733e-31, 	 cum-pr=8.6114e-31 	 rem-pr=1.0000e+00
β= 11,	 pr=1.7607e-30, 	 cum-pr=2.6218e-30 	 rem-pr=1.0000e+00
β= 12,	 pr=5.4242e-30, 	 cum-pr=8.0459e-30 	 rem-pr=1.0000e+00
β= 13,	 pr=1.7512e-29, 	 cum-pr=2.5557e-29 	 rem-pr=1.0000e+00
β= 14,	 pr=5.8815e-29, 	 cum-pr=8.4372e-29 	 rem-pr=1.0000e+00
β= 15,	 pr=2.3452e-28, 	 cum-pr=3.1889e-28 	 rem-pr=1.0000e+00
β= 16,	 pr=1.0214e-27, 	 cum-pr=1.3403e-27 	 rem-pr=1.0000e+00
β= 17,	 pr=5.0152e-27, 	 cum-pr=6.3555e-27 	 rem-pr=1.0000e+00
β= 18,	 pr=2.9596e-26, 	 cum-pr=3.5951e-26 	 rem-pr=1.0000e+00
β= 19,	 pr=2.0382e-25, 	 cum-pr=2.3977e-25 	 rem-pr=1.0000e+00
β= 20,	 pr=1.3958e-24, 	 cum-pr=1.6355e-24 	 rem-pr=1.0000e+00
β= 21,	 pr=1.0526e-23, 	 cum-pr=1.2161e-23 	 rem-pr=1.0000e+00
β= 22,	 pr=8.7091e-23, 	 cum-pr=9.9252e-23 	 rem-pr=1.0000e+00
β= 23,	 pr=1.0386e-21, 	 cum-pr=1.1379e-21 	 rem-pr=1.0000e+00
β= 24,	 pr=1.3379e-20, 	 cum-pr=1.4517e-20 	 rem-pr=1.0000e+00
β= 25,	 pr=1.6147e-19, 	 cum-pr=1.7599e-19 	 rem-pr=1.0000e+00
β= 26,	 pr=1.6891e-18, 	 cum-pr=1.8651e-18 	 rem-pr=1.0000e+00
β= 27,	 pr=1.5091e-17, 	 cum-pr=1.6956e-17 	 rem-pr=1.0000e+00
β= 28,	 pr=1.4911e-16, 	 cum-pr=1.6607e-16 	 rem-pr=1.0000e+00
β= 29,	 pr=1.6625e-15, 	 cum-pr=1.8285e-15 	 rem-pr=1.0000e+00
β= 30,	 pr=1.9828e-14, 	 cum-pr=2.1657e-14 	 rem-pr=1.0000e+00
β= 31,	 pr=2.6026e-13, 	 cum-pr=2.8192e-13 	 rem-pr=1.0000e+00
β= 32,	 pr=3.4342e-12, 	 cum-pr=3.7161e-12 	 rem-pr=1.0000e+00
β= 33,	 pr=3.2184e-11, 	 cum-pr=3.5900e-11 	 rem-pr=1.0000e+00
β= 34,	 pr=2.9502e-10, 	 cum-pr=3.3092e-10 	 rem-pr=1.0000e+00
β= 35,	 pr=1.9142e-09, 	 cum-pr=2.2451e-09 	 rem-pr=1.0000e+00
β= 36,	 pr=1.1135e-08, 	 cum-pr=1.3381e-08 	 rem-pr=1.0000e+00
β= 37,	 pr=5.8440e-08, 	 cum-pr=7.1821e-08 	 rem-pr=1.0000e+00
β= 38,	 pr=2.9883e-07, 	 cum-pr=3.7065e-07 	 rem-pr=1.0000e+00
β= 39,	 pr=1.5895e-06, 	 cum-pr=1.9602e-06 	 rem-pr=1.0000e+00
β= 40,	 pr=6.9567e-06, 	 cum-pr=8.9168e-06 	 rem-pr=9.9999e-01
β= 41,	 pr=2.9287e-05, 	 cum-pr=3.8204e-05 	 rem-pr=9.9996e-01
β= 42,	 pr=1.1325e-04, 	 cum-pr=1.5145e-04 	 rem-pr=9.9985e-01
β= 43,	 pr=5.2660e-04, 	 cum-pr=6.7797e-04 	 rem-pr=9.9932e-01
β= 44,	 pr=1.8346e-03, 	 cum-pr=2.5113e-03 	 rem-pr=9.9749e-01
β= 45,	 pr=5.8948e-03, 	 cum-pr=8.3914e-03 	 rem-pr=9.9161e-01
β= 46,	 pr=2.0123e-02, 	 cum-pr=2.8346e-02 	 rem-pr=9.7165e-01
β= 47,	 pr=5.0713e-02, 	 cum-pr=7.7621e-02 	 rem-pr=9.2238e-01
β= 48,	 pr=1.1009e-01, 	 cum-pr=1.7916e-01 	 rem-pr=8.2084e-01
β= 49,	 pr=2.0714e-01, 	 cum-pr=3.4919e-01 	 rem-pr=6.5081e-01
β= 50,	 pr=3.4119e-01, 	 cum-pr=5.7124e-01 	 rem-pr=4.2876e-01
β= 51,	 pr=4.9819e-01, 	 cum-pr=7.8484e-01 	 rem-pr=2.1516e-01
β= 52,	 pr=6.5464e-01, 	 cum-pr=9.2569e-01 	 rem-pr=7.4307e-02
β= 53,	 pr=7.8766e-01, 	 cum-pr=9.8422e-01 	 rem-pr=1.5778e-02
β= 54,	 pr=8.8441e-01, 	 cum-pr=9.9818e-01 	 rem-pr=1.8237e-03
β= 55,	 pr=9.4470e-01, 	 cum-pr=9.9990e-01 	 rem-pr=1.0086e-04
[4;37m       Attack Estimation      [0m
[1;33m dim=256 	 	 	 β=50.09  [0m
[0m  [0m
[4;37m       Running the Attack      [0m
[0m Running BKZ-16 [0m [0m Running BKZ-18 [0m [0m Running BKZ-22 [0m [0m Running BKZ-21 [0m [0m Running BKZ-16 [0m [0m Running BKZ-17 [0m [0m Running BKZ-8 [0m [0m Running BKZ-14 [0m [0m Running BKZ-20 [0m [0m Running BKZ-19 [0m [0m Running BKZ-8 [0m β= 2,	 pr=1.7952e-39, 	 cum-pr=1.7952e-39 	 rem-pr=1.0000e+00
β= 3,	 pr=2.2162e-36, 	 cum-pr=2.2180e-36 	 rem-pr=1.0000e+00
β= 4,	 pr=8.8551e-35, 	 cum-pr=9.0768e-35 	 rem-pr=1.0000e+00
β= 5,	 pr=1.0223e-33, 	 cum-pr=1.1130e-33 	 rem-pr=1.0000e+00
β= 6,	 pr=6.4446e-33, 	 cum-pr=7.5577e-33 	 rem-pr=1.0000e+00
β= 7,	 pr=2.8546e-32, 	 cum-pr=3.6104e-32 	 rem-pr=1.0000e+00
β= 8,	 pr=1.0387e-31, 	 cum-pr=1.3997e-31 	 rem-pr=1.0000e+00
β= 9,	 pr=3.3752e-31, 	 cum-pr=4.7749e-31 	 rem-pr=1.0000e+00
β= 10,	 pr=1.0187e-30, 	 cum-pr=1.4962e-30 	 rem-pr=1.0000e+00
β= 11,	 pr=3.0440e-30, 	 cum-pr=4.5402e-30 	 rem-pr=1.0000e+00
β= 12,	 pr=9.3457e-30, 	 cum-pr=1.3886e-29 	 rem-pr=1.0000e+00
β= 13,	 pr=3.0096e-29, 	 cum-pr=4.3982e-29 	 rem-pr=1.0000e+00
β= 14,	 pr=1.0078e-28, 	 cum-pr=1.4477e-28 	 rem-pr=1.0000e+00
β= 15,	 pr=4.0137e-28, 	 cum-pr=5.4614e-28 	 rem-pr=1.0000e+00
β= 16,	 pr=1.7365e-27, 	 cum-pr=2.2827e-27 	 rem-pr=1.0000e+00
β= 17,	 pr=8.5253e-27, 	 cum-pr=1.0808e-26 	 rem-pr=1.0000e+00
β= 18,	 pr=5.0277e-26, 	 cum-pr=6.1085e-26 	 rem-pr=1.0000e+00
β= 19,	 pr=3.4304e-25, 	 cum-pr=4.0413e-25 	 rem-pr=1.0000e+00
β= 20,	 pr=2.3233e-24, 	 cum-pr=2.7274e-24 	 rem-pr=1.0000e+00
β= 21,	 pr=1.7491e-23, 	 cum-pr=2.0218e-23 	 rem-pr=1.0000e+00
β= 22,	 pr=1.4492e-22, 	 cum-pr=1.6514e-22 	 rem-pr=1.0000e+00
β= 23,	 pr=1.7191e-21, 	 cum-pr=1.8842e-21 	 rem-pr=1.0000e+00
β= 24,	 pr=2.1853e-20, 	 cum-pr=2.3737e-20 	 rem-pr=1.0000e+00
β= 25,	 pr=2.5860e-19, 	 cum-pr=2.8234e-19 	 rem-pr=1.0000e+00
β= 26,	 pr=2.6550e-18, 	 cum-pr=2.9373e-18 	 rem-pr=1.0000e+00
β= 27,	 pr=2.3531e-17, 	 cum-pr=2.6468e-17 	 rem-pr=1.0000e+00
β= 28,	 pr=2.3244e-16, 	 cum-pr=2.5891e-16 	 rem-pr=1.0000e+00
β= 29,	 pr=2.5853e-15, 	 cum-pr=2.8442e-15 	 rem-pr=1.0000e+00
β= 30,	 pr=3.0618e-14, 	 cum-pr=3.3462e-14 	 rem-pr=1.0000e+00
β= 31,	 pr=3.9691e-13, 	 cum-pr=4.3037e-13 	 rem-pr=1.0000e+00
β= 32,	 pr=5.1396e-12, 	 cum-pr=5.5700e-12 	 rem-pr=1.0000e+00
β= 33,	 pr=4.6979e-11, 	 cum-pr=5.2549e-11 	 rem-pr=1.0000e+00
β= 34,	 pr=4.1872e-10, 	 cum-pr=4.7126e-10 	 rem-pr=1.0000e+00
β= 35,	 pr=2.6408e-09, 	 cum-pr=3.1120e-09 	 rem-pr=1.0000e+00
β= 36,	 pr=1.5048e-08, 	 cum-pr=1.8160e-08 	 rem-pr=1.0000e+00
β= 37,	 pr=7.8184e-08, 	 cum-pr=9.6344e-08 	 rem-pr=1.0000e+00
β= 38,	 pr=3.9805e-07, 	 cum-pr=4.9439e-07 	 rem-pr=1.0000e+00
β= 39,	 pr=2.1069e-06, 	 cum-pr=2.6013e-06 	 rem-pr=1.0000e+00
β= 40,	 pr=9.1701e-06, 	 cum-pr=1.1771e-05 	 rem-pr=9.9999e-01
β= 41,	 pr=3.8319e-05, 	 cum-pr=5.0090e-05 	 rem-pr=9.9995e-01
β= 42,	 pr=1.4684e-04, 	 cum-pr=1.9692e-04 	 rem-pr=9.9980e-01
β= 43,	 pr=6.7308e-04, 	 cum-pr=8.6986e-04 	 rem-pr=9.9913e-01
β= 44,	 pr=2.3115e-03, 	 cum-pr=3.1794e-03 	 rem-pr=9.9682e-01
β= 45,	 pr=7.3027e-03, 	 cum-pr=1.0459e-02 	 rem-pr=9.8954e-01
β= 46,	 pr=2.4358e-02, 	 cum-pr=3.4562e-02 	 rem-pr=9.6544e-01
β= 47,	 pr=6.0052e-02, 	 cum-pr=9.2539e-02 	 rem-pr=9.0746e-01
β= 48,	 pr=1.2738e-01, 	 cum-pr=2.0813e-01 	 rem-pr=7.9187e-01
β= 49,	 pr=2.3402e-01, 	 cum-pr=3.9345e-01 	 rem-pr=6.0655e-01
β= 50,	 pr=3.7641e-01, 	 cum-pr=6.2176e-01 	 rem-pr=3.7824e-01
β= 51,	 pr=5.3720e-01, 	 cum-pr=8.2495e-01 	 rem-pr=1.7505e-01
β= 52,	 pr=6.9124e-01, 	 cum-pr=9.4595e-01 	 rem-pr=5.4048e-02
β= 53,	 pr=8.1686e-01, 	 cum-pr=9.9010e-01 	 rem-pr=9.8986e-03
β= 54,	 pr=9.0424e-01, 	 cum-pr=9.9905e-01 	 rem-pr=9.4794e-04
[4;37m       Attack Estimation      [0m
[1;33m dim=256 	 	 	 β=49.87  [0m
[0m  [0m
[4;37m       Running the Attack      [0m
[0m Running BKZ-9 [0m [0m Running BKZ-22 [0m [0m Running BKZ-23 [0m [0m Running BKZ-18 [0m [0m Running BKZ-17 [0m [0m Running BKZ-15 [0m [0m Running BKZ-20 [0m [0m Running BKZ-9 [0m [0m Running BKZ-13 [0m [4;37m       Attack Estimation      [0m
[1;33m dim=256 	 δ=1.012499 	 β=42.57  [0m
[0m  [0m
[0m Running BKZ-21 [0m [0m Running BKZ-10 [0m [0m Running BKZ-2 [0m [0m Running BKZ-8 [0m [0m Running BKZ-10 [0m [0m Running BKZ-19 [0m [0m Running BKZ-18 [0m [0m Running BKZ-24 [0m [0m Running BKZ-23 [0m [0m Running BKZ-16 [0m [0m Running BKZ-21 [0m [4;37m       Attack Estimation      [0m
[1;33m dim=256 	 δ=1.012525 	 β=41.92  [0m
[0m  [0m
[0m Running BKZ-11 [0m [0m Running BKZ-20 [0m [0m Running BKZ-19 [0m [0m Running BKZ-17 [0m [0m Running BKZ-11 [0m [0m Running BKZ-12 [0m [0m Running BKZ-25 [0m [0m Running BKZ-24 [0m β= 2,	 pr=2.4331e-39, 	 cum-pr=2.4331e-39 	 rem-pr=1.0000e+00
β= 3,	 pr=2.9507e-36, 	 cum-pr=2.9532e-36 	 rem-pr=1.0000e+00
β= 4,	 pr=1.1685e-34, 	 cum-pr=1.1980e-34 	 rem-pr=1.0000e+00
β= 5,	 pr=1.3414e-33, 	 cum-pr=1.4612e-33 	 rem-pr=1.0000e+00
β= 6,	 pr=8.4231e-33, 	 cum-pr=9.8844e-33 	 rem-pr=1.0000e+00
β= 7,	 pr=3.7197e-32, 	 cum-pr=4.7081e-32 	 rem-pr=1.0000e+00
β= 8,	 pr=1.3502e-31, 	 cum-pr=1.8210e-31 	 rem-pr=1.0000e+00
β= 9,	 pr=4.3785e-31, 	 cum-pr=6.1995e-31 	 rem-pr=1.0000e+00
β= 10,	 pr=1.3192e-30, 	 cum-pr=1.9391e-30 	 rem-pr=1.0000e+00
β= 11,	 pr=3.9362e-30, 	 cum-pr=5.8753e-30 	 rem-pr=1.0000e+00
β= 12,	 pr=1.2066e-29, 	 cum-pr=1.7941e-29 	 rem-pr=1.0000e+00
β= 13,	 pr=3.8807e-29, 	 cum-pr=5.6748e-29 	 rem-pr=1.0000e+00
β= 14,	 pr=1.2978e-28, 	 cum-pr=1.8653e-28 	 rem-pr=1.0000e+00
β= 15,	 pr=5.1652e-28, 	 cum-pr=7.0305e-28 	 rem-pr=1.0000e+00
β= 16,	 pr=2.2277e-27, 	 cum-pr=2.9308e-27 	 rem-pr=1.0000e+00
β= 17,	 pr=1.0937e-26, 	 cum-pr=1.3868e-26 	 rem-pr=1.0000e+00
β= 18,	 pr=6.4474e-26, 	 cum-pr=7.8343e-26 	 rem-pr=1.0000e+00
β= 19,	 pr=4.3793e-25, 	 cum-pr=5.1628e-25 	 rem-pr=1.0000e+00
β= 20,	 pr=2.9509e-24, 	 cum-pr=3.4672e-24 	 rem-pr=1.0000e+00
β= 21,	 pr=2.2203e-23, 	 cum-pr=2.5670e-23 	 rem-pr=1.0000e+00
β= 22,	 pr=1.8405e-22, 	 cum-pr=2.0972e-22 	 rem-pr=1.0000e+00
β= 23,	 pr=2.1775e-21, 	 cum-pr=2.3872e-21 	 rem-pr=1.0000e+00
β= 24,	 pr=2.7503e-20, 	 cum-pr=2.9890e-20 	 rem-pr=1.0000e+00
β= 25,	 pr=3.2244e-19, 	 cum-pr=3.5233e-19 	 rem-pr=1.0000e+00
β= 26,	 pr=3.2820e-18, 	 cum-pr=3.6344e-18 	 rem-pr=1.0000e+00
β= 27,	 pr=2.8987e-17, 	 cum-pr=3.2622e-17 	 rem-pr=1.0000e+00
β= 28,	 pr=2.8630e-16, 	 cum-pr=3.1892e-16 	 rem-pr=1.0000e+00
β= 29,	 pr=3.1804e-15, 	 cum-pr=3.4993e-15 	 rem-pr=1.0000e+00
β= 30,	 pr=3.7536e-14, 	 cum-pr=4.1035e-14 	 rem-pr=1.0000e+00
β= 31,	 pr=4.8365e-13, 	 cum-pr=5.2468e-13 	 rem-pr=1.0000e+00
β= 32,	 pr=6.2063e-12, 	 cum-pr=6.7309e-12 	 rem-pr=1.0000e+00
β= 33,	 pr=5.6057e-11, 	 cum-pr=6.2788e-11 	 rem-pr=1.0000e+00
β= 34,	 pr=4.9303e-10, 	 cum-pr=5.5581e-10 	 rem-pr=1.0000e+00
β= 35,	 pr=3.0687e-09, 	 cum-pr=3.6245e-09 	 rem-pr=1.0000e+00
β= 36,	 pr=1.7324e-08, 	 cum-pr=2.0949e-08 	 rem-pr=1.0000e+00
β= 37,	 pr=8.9613e-08, 	 cum-pr=1.1056e-07 	 rem-pr=1.0000e+00
β= 38,	 pr=4.5532e-07, 	 cum-pr=5.6588e-07 	 rem-pr=1.0000e+00
β= 39,	 pr=2.4044e-06, 	 cum-pr=2.9702e-06 	 rem-pr=1.0000e+00
β= 40,	 pr=1.0436e-05, 	 cum-pr=1.3406e-05 	 rem-pr=9.9999e-01
β= 41,	 pr=4.3453e-05, 	 cum-pr=5.6858e-05 	 rem-pr=9.9994e-01
β= 42,	 pr=1.6578e-04, 	 cum-pr=2.2263e-04 	 rem-pr=9.9978e-01
β= 43,	 pr=7.5468e-04, 	 cum-pr=9.7714e-04 	 rem-pr=9.9902e-01
β= 44,	 pr=2.5740e-03, 	 cum-pr=3.5486e-03 	 rem-pr=9.9645e-01
β= 45,	 pr=8.0662e-03, 	 cum-pr=1.1586e-02 	 rem-pr=9.8841e-01
β= 46,	 pr=2.6608e-02, 	 cum-pr=3.7886e-02 	 rem-pr=9.6211e-01
β= 47,	 pr=6.4915e-02, 	 cum-pr=1.0034e-01 	 rem-pr=8.9966e-01
β= 48,	 pr=1.3618e-01, 	 cum-pr=2.2286e-01 	 rem-pr=7.7714e-01
β= 49,	 pr=2.4739e-01, 	 cum-pr=4.1512e-01 	 rem-pr=5.8488e-01
β= 50,	 pr=3.9347e-01, 	 cum-pr=6.4525e-01 	 rem-pr=3.5475e-01
β= 51,	 pr=5.5555e-01, 	 cum-pr=8.4233e-01 	 rem-pr=1.5767e-01
β= 52,	 pr=7.0795e-01, 	 cum-pr=9.5395e-01 	 rem-pr=4.6048e-02
β= 53,	 pr=8.2975e-01, 	 cum-pr=9.9216e-01 	 rem-pr=7.8396e-03
β= 54,	 pr=9.1269e-01, 	 cum-pr=9.9932e-01 	 rem-pr=6.8447e-04
[4;37m       Attack Estimation      [0m
[1;33m dim=256 	 	 	 β=49.77  [0m
[0m  [0m
[4;37m       Running the Attack      [0m
[0m Running BKZ-21 [0m [0m Running BKZ-20 [0m [0m Running BKZ-9 [0m [0m Running BKZ-22 [0m [0m Running BKZ-13 [0m [0m Running BKZ-12 [0m [0m Running BKZ-18 [0m [0m Running BKZ-25 [0m [0m Running BKZ-26 [0m [0m Running BKZ-14 [0m [0m Running BKZ-13 [0m [0m Running BKZ-14 [0m [0m Running BKZ-22 [0m [0m Running BKZ-21 [0m [0m Running BKZ-22 [0m [0m Running BKZ-19 [0m [0m Running BKZ-9 [0m [0m Running BKZ-23 [0m [0m Running BKZ-14 [0m [0m Running BKZ-15 [0m [0m Running BKZ-22 [0m [0m Running BKZ-23 [0m [0m Running BKZ-27 [0m [0m Running BKZ-20 [0m [0m Running BKZ-15 [0m [0m Running BKZ-16 [0m [0m Running BKZ-26 [0m [0m Running BKZ-24 [0m [0m Running BKZ-23 [0m β= 2,	 pr=6.5140e-39, 	 cum-pr=6.5140e-39 	 rem-pr=1.0000e+00
β= 3,	 pr=7.4563e-36, 	 cum-pr=7.4628e-36 	 rem-pr=1.0000e+00
β= 4,	 pr=2.8682e-34, 	 cum-pr=2.9429e-34 	 rem-pr=1.0000e+00
β= 5,	 pr=3.2331e-33, 	 cum-pr=3.5274e-33 	 rem-pr=1.0000e+00
β= 6,	 pr=2.0041e-32, 	 cum-pr=2.3568e-32 	 rem-pr=1.0000e+00
β= 7,	 pr=8.7638e-32, 	 cum-pr=1.1121e-31 	 rem-pr=1.0000e+00
β= 8,	 pr=3.1561e-31, 	 cum-pr=4.2682e-31 	 rem-pr=1.0000e+00
β= 9,	 pr=1.0168e-30, 	 cum-pr=1.4436e-30 	 rem-pr=1.0000e+00
β= 10,	 pr=3.0462e-30, 	 cum-pr=4.4898e-30 	 rem-pr=1.0000e+00
β= 11,	 pr=9.0457e-30, 	 cum-pr=1.3536e-29 	 rem-pr=1.0000e+00
β= 12,	 pr=2.7586e-29, 	 cum-pr=4.1122e-29 	 rem-pr=1.0000e+00
β= 13,	 pr=8.8354e-29, 	 cum-pr=1.2948e-28 	 rem-pr=1.0000e+00
β= 14,	 pr=2.9432e-28, 	 cum-pr=4.2379e-28 	 rem-pr=1.0000e+00
β= 15,	 pr=1.1683e-27, 	 cum-pr=1.5921e-27 	 rem-pr=1.0000e+00
β= 16,	 pr=4.9889e-27, 	 cum-pr=6.5809e-27 	 rem-pr=1.0000e+00
β= 17,	 pr=2.4508e-26, 	 cum-pr=3.1089e-26 	 rem-pr=1.0000e+00
β= 18,	 pr=1.4417e-25, 	 cum-pr=1.7526e-25 	 rem-pr=1.0000e+00
β= 19,	 pr=9.6457e-25, 	 cum-pr=1.1398e-24 	 rem-pr=1.0000e+00
β= 20,	 pr=6.3970e-24, 	 cum-pr=7.5368e-24 	 rem-pr=1.0000e+00
β= 21,	 pr=4.8074e-23, 	 cum-pr=5.5611e-23 	 rem-pr=1.0000e+00
β= 22,	 pr=3.9899e-22, 	 cum-pr=4.5460e-22 	 rem-pr=1.0000e+00
β= 23,	 pr=4.6759e-21, 	 cum-pr=5.1305e-21 	 rem-pr=1.0000e+00
β= 24,	 pr=5.7797e-20, 	 cum-pr=6.2927e-20 	 rem-pr=1.0000e+00
β= 25,	 pr=6.5725e-19, 	 cum-pr=7.2017e-19 	 rem-pr=1.0000e+00
β= 26,	 pr=6.5112e-18, 	 cum-pr=7.2314e-18 	 rem-pr=1.0000e+00
β= 27,	 pr=5.6938e-17, 	 cum-pr=6.4169e-17 	 rem-pr=1.0000e+00
β= 28,	 pr=5.6212e-16, 	 cum-pr=6.2629e-16 	 rem-pr=1.0000e+00
β= 29,	 pr=6.2154e-15, 	 cum-pr=6.8417e-15 	 rem-pr=1.0000e+00
β= 30,	 pr=7.2480e-14, 	 cum-pr=7.9322e-14 	 rem-pr=1.0000e+00
β= 31,	 pr=9.1498e-13, 	 cum-pr=9.9431e-13 	 rem-pr=1.0000e+00
β= 32,	 pr=1.1391e-11, 	 cum-pr=1.2385e-11 	 rem-pr=1.0000e+00
β= 33,	 pr=9.8906e-11, 	 cum-pr=1.1129e-10 	 rem-pr=1.0000e+00
β= 34,	 pr=8.3293e-10, 	 cum-pr=9.4422e-10 	 rem-pr=1.0000e+00
β= 35,	 pr=4.9710e-09, 	 cum-pr=5.9152e-09 	 rem-pr=1.0000e+00
β= 36,	 pr=2.7272e-08, 	 cum-pr=3.3187e-08 	 rem-pr=1.0000e+00
β= 37,	 pr=1.3925e-07, 	 cum-pr=1.7244e-07 	 rem-pr=1.0000e+00
β= 38,	 pr=7.0302e-07, 	 cum-pr=8.7546e-07 	 rem-pr=1.0000e+00
β= 39,	 pr=3.6824e-06, 	 cum-pr=4.5579e-06 	 rem-pr=1.0000e+00
β= 40,	 pr=1.5836e-05, 	 cum-pr=2.0394e-05 	 rem-pr=9.9998e-01
β= 41,	 pr=6.5133e-05, 	 cum-pr=8.5526e-05 	 rem-pr=9.9991e-01
β= 42,	 pr=2.4483e-04, 	 cum-pr=3.3033e-04 	 rem-pr=9.9967e-01
β= 43,	 pr=1.0892e-03, 	 cum-pr=1.4192e-03 	 rem-pr=9.9858e-01
β= 44,	 pr=3.6303e-03, 	 cum-pr=5.0443e-03 	 rem-pr=9.9496e-01
β= 45,	 pr=1.1073e-02, 	 cum-pr=1.6061e-02 	 rem-pr=9.8394e-01
β= 46,	 pr=3.5208e-02, 	 cum-pr=5.0704e-02 	 rem-pr=9.4930e-01
β= 47,	 pr=8.2967e-02, 	 cum-pr=1.2946e-01 	 rem-pr=8.7054e-01
β= 48,	 pr=1.6783e-01, 	 cum-pr=2.7557e-01 	 rem-pr=7.2443e-01
β= 49,	 pr=2.9380e-01, 	 cum-pr=4.8841e-01 	 rem-pr=5.1159e-01
β= 50,	 pr=4.5052e-01, 	 cum-pr=7.1889e-01 	 rem-pr=2.8111e-01
β= 51,	 pr=6.1456e-01, 	 cum-pr=8.9165e-01 	 rem-pr=1.0835e-01
β= 52,	 pr=7.5944e-01, 	 cum-pr=9.7394e-01 	 rem-pr=2.6065e-02
β= 53,	 pr=8.6777e-01, 	 cum-pr=9.9655e-01 	 rem-pr=3.4466e-03
β= 54,	 pr=9.3648e-01, 	 cum-pr=9.9978e-01 	 rem-pr=2.1893e-04
[4;37m       Attack Estimation      [0m
[1;33m dim=256 	 	 	 β=49.45  [0m
[0m  [0m
[4;37m       Running the Attack      [0m
[0m Running BKZ-24 [0m [0m Running BKZ-16 [0m [0m Running BKZ-21 [0m [0m Running BKZ-17 [0m [0m Running BKZ-10 [0m [0m Running BKZ-28 [0m [0m Running BKZ-2 [0m [0m Running BKZ-3 [0m [0m Running BKZ-27 [0m [0m Running BKZ-17 [0m [0m Running BKZ-24 [0m [0m Running BKZ-18 [0m [0m Running BKZ-15 [0m [0m Running BKZ-25 [0m [0m Running BKZ-25 [0m [0m Running BKZ-22 [0m [0m Running BKZ-4 [0m [0m Running BKZ-18 [0m [0m Running BKZ-5 [0m [0m Running BKZ-29 [0m [0m Running BKZ-10 [0m [0m Running BKZ-19 [0m [0m Running BKZ-28 [0m [0m Running BKZ-25 [0m [0m Running BKZ-6 [0m [0m Running BKZ-23 [0m [0m Running BKZ-26 [0m [0m Running BKZ-26 [0m [0m Running BKZ-19 [0m [0m Running BKZ-7 [0m [0m Running BKZ-20 [0m [0m Running BKZ-23 [0m error
[4;37m      Build EBDD from LWE      [0m
[1;33m n=128 	 m=128 	 q=3329 [0m
[0m Running BKZ-26 [0m [0m Running BKZ-30 [0m [0m Running BKZ-8 [0m [0m Running BKZ-20 [0m [0m Running BKZ-24 [0m [4;37m       Attack Estimation      [0m
[1;33m dim=256 	 δ=1.012119 	 β=49.40  [0m
[0m  [0m
[0m Running BKZ-27 [0m [0m Running BKZ-11 [0m [0m Running BKZ-21 [0m [0m Running BKZ-2 [0m [0m Running BKZ-9 [0m [0m Running BKZ-27 [0m [0m Running BKZ-16 [0m [0m Running BKZ-21 [0m [0m Running BKZ-27 [0m [0m Running BKZ-2 [0m [0m Running BKZ-25 [0m [0m Running BKZ-2 [0m [0m Running BKZ-2 [0m [0m Running BKZ-22 [0m [0m Running BKZ-11 [0m [0m Running BKZ-10 [0m [0m Running BKZ-31 [0m [0m Running BKZ-28 [0m [0m Running BKZ-22 [0m [0m Running BKZ-11 [0m [0m Running BKZ-23 [0m β= 2,	 pr=5.9861e-44, 	 cum-pr=5.9861e-44 	 rem-pr=1.0000e+00
β= 3,	 pr=1.3339e-40, 	 cum-pr=1.3345e-40 	 rem-pr=1.0000e+00
β= 4,	 pr=7.1719e-39, 	 cum-pr=7.3054e-39 	 rem-pr=1.0000e+00
β= 5,	 pr=9.9782e-38, 	 cum-pr=1.0709e-37 	 rem-pr=1.0000e+00
β= 6,	 pr=7.1767e-37, 	 cum-pr=8.2476e-37 	 rem-pr=1.0000e+00
β= 7,	 pr=3.5142e-36, 	 cum-pr=4.3390e-36 	 rem-pr=1.0000e+00
β= 8,	 pr=1.3859e-35, 	 cum-pr=1.8198e-35 	 rem-pr=1.0000e+00
β= 9,	 pr=4.8161e-35, 	 cum-pr=6.6359e-35 	 rem-pr=1.0000e+00
β= 10,	 pr=1.5391e-34, 	 cum-pr=2.2027e-34 	 rem-pr=1.0000e+00
β= 11,	 pr=4.8422e-34, 	 cum-pr=7.0449e-34 	 rem-pr=1.0000e+00
β= 12,	 pr=1.5680e-33, 	 cum-pr=2.2725e-33 	 rem-pr=1.0000e+00
β= 13,	 pr=5.2008e-33, 	 cum-pr=7.4733e-33 	 rem-pr=1.0000e+00
β= 14,	 pr=1.8554e-32, 	 cum-pr=2.6028e-32 	 rem-pr=1.0000e+00
β= 15,	 pr=7.4084e-32, 	 cum-pr=1.0011e-31 	 rem-pr=1.0000e+00
β= 16,	 pr=3.5144e-31, 	 cum-pr=4.5156e-31 	 rem-pr=1.0000e+00
β= 17,	 pr=1.8098e-30, 	 cum-pr=2.2613e-30 	 rem-pr=1.0000e+00
β= 18,	 pr=1.0442e-29, 	 cum-pr=1.2703e-29 	 rem-pr=1.0000e+00
β= 19,	 pr=7.8490e-29, 	 cum-pr=9.1193e-29 	 rem-pr=1.0000e+00
β= 20,	 pr=6.4021e-28, 	 cum-pr=7.3140e-28 	 rem-pr=1.0000e+00
β= 21,	 pr=5.3173e-27, 	 cum-pr=6.0487e-27 	 rem-pr=1.0000e+00
β= 22,	 pr=4.2968e-26, 	 cum-pr=4.9017e-26 	 rem-pr=1.0000e+00
β= 23,	 pr=5.2357e-25, 	 cum-pr=5.7259e-25 	 rem-pr=1.0000e+00
β= 24,	 pr=7.7057e-24, 	 cum-pr=8.2783e-24 	 rem-pr=1.0000e+00
β= 25,	 pr=1.1905e-22, 	 cum-pr=1.2732e-22 	 rem-pr=1.0000e+00
β= 26,	 pr=1.6830e-21, 	 cum-pr=1.8104e-21 	 rem-pr=1.0000e+00
β= 27,	 pr=1.8692e-20, 	 cum-pr=2.0503e-20 	 rem-pr=1.0000e+00
β= 28,	 pr=1.9502e-19, 	 cum-pr=2.1553e-19 	 rem-pr=1.0000e+00
β= 29,	 pr=2.1878e-18, 	 cum-pr=2.4034e-18 	 rem-pr=1.0000e+00
β= 30,	 pr=2.7542e-17, 	 cum-pr=2.9945e-17 	 rem-pr=1.0000e+00
β= 31,	 pr=4.0960e-16, 	 cum-pr=4.3954e-16 	 rem-pr=1.0000e+00
β= 32,	 pr=6.6776e-15, 	 cum-pr=7.1171e-15 	 rem-pr=1.0000e+00
β= 33,	 pr=8.4669e-14, 	 cum-pr=9.1786e-14 	 rem-pr=1.0000e+00
β= 34,	 pr=1.1201e-12, 	 cum-pr=1.2119e-12 	 rem-pr=1.0000e+00
β= 35,	 pr=1.1084e-11, 	 cum-pr=1.2296e-11 	 rem-pr=1.0000e+00
β= 36,	 pr=9.5031e-11, 	 cum-pr=1.0733e-10 	 rem-pr=1.0000e+00
β= 37,	 pr=6.5653e-10, 	 cum-pr=7.6386e-10 	 rem-pr=1.0000e+00
β= 38,	 pr=3.8364e-09, 	 cum-pr=4.6003e-09 	 rem-pr=1.0000e+00
β= 39,	 pr=2.1832e-08, 	 cum-pr=2.6433e-08 	 rem-pr=1.0000e+00
β= 40,	 pr=1.0086e-07, 	 cum-pr=1.2729e-07 	 rem-pr=1.0000e+00
β= 41,	 pr=4.5789e-07, 	 cum-pr=5.8518e-07 	 rem-pr=1.0000e+00
β= 42,	 pr=1.9505e-06, 	 cum-pr=2.5357e-06 	 rem-pr=1.0000e+00
β= 43,	 pr=1.0677e-05, 	 cum-pr=1.3212e-05 	 rem-pr=9.9999e-01
β= 44,	 pr=4.3851e-05, 	 cum-pr=5.7062e-05 	 rem-pr=9.9994e-01
β= 45,	 pr=1.7188e-04, 	 cum-pr=2.2893e-04 	 rem-pr=9.9977e-01
β= 46,	 pr=7.7774e-04, 	 cum-pr=1.0065e-03 	 rem-pr=9.9899e-01
β= 47,	 pr=2.5662e-03, 	 cum-pr=3.5701e-03 	 rem-pr=9.9643e-01
β= 48,	 pr=7.4510e-03, 	 cum-pr=1.0995e-02 	 rem-pr=9.8901e-01
β= 49,	 pr=1.9066e-02, 	 cum-pr=2.9851e-02 	 rem-pr=9.7015e-01
β= 50,	 pr=4.3193e-02, 	 cum-pr=7.1755e-02 	 rem-pr=9.2825e-01
β= 51,	 pr=8.7109e-02, 	 cum-pr=1.5261e-01 	 rem-pr=8.4739e-01
β= 52,	 pr=1.5740e-01, 	 cum-pr=2.8599e-01 	 rem-pr=7.1401e-01
β= 53,	 pr=2.5665e-01, 	 cum-pr=4.6924e-01 	 rem-pr=5.3076e-01
β= 54,	 pr=3.8063e-01, 	 cum-pr=6.7127e-01 	 rem-pr=3.2873e-01
β= 55,	 pr=5.1794e-01, 	 cum-pr=8.4153e-01 	 rem-pr=1.5847e-01
β= 56,	 pr=6.5299e-01, 	 cum-pr=9.4501e-01 	 rem-pr=5.4991e-02
β= 57,	 pr=7.7097e-01, 	 cum-pr=9.8741e-01 	 rem-pr=1.2594e-02
β= 58,	 pr=8.6251e-01, 	 cum-pr=9.9827e-01 	 rem-pr=1.7317e-03
β= 59,	 pr=9.2547e-01, 	 cum-pr=9.9987e-01 	 rem-pr=1.2905e-04
[4;37m       Attack Estimation      [0m
[1;33m dim=256 	 	 	 β=53.53  [0m
[0m  [0m
[4;37m       Running the Attack      [0m
[0m Running BKZ-17 [0m [0m Running BKZ-28 [0m [0m Running BKZ-2 [0m [0m Running BKZ-12 [0m [0m Running BKZ-12 [0m [0m Running BKZ-26 [0m [0m Running BKZ-23 [0m [0m Running BKZ-28 [0m [0m Running BKZ-3 [0m [0m Running BKZ-32 [0m [0m Running BKZ-29 [0m [0m Running BKZ-24 [0m [0m Running BKZ-13 [0m [0m Running BKZ-24 [0m [0m Running BKZ-18 [0m [0m Running BKZ-4 [0m [0m Running BKZ-13 [0m [0m Running BKZ-29 [0m [0m Running BKZ-2 [0m [0m Running BKZ-24 [0m [0m Running BKZ-5 [0m [0m Running BKZ-14 [0m [0m Running BKZ-12 [0m [0m Running BKZ-29 [0m [0m Running BKZ-19 [0m [0m Running BKZ-6 [0m [0m Running BKZ-25 [0m [0m Running BKZ-30 [0m [0m Running BKZ-15 [0m [0m Running BKZ-25 [0m [0m Running BKZ-7 [0m [0m Running BKZ-20 [0m [0m Running BKZ-30 [0m [0m Running BKZ-14 [0m [0m Running BKZ-16 [0m [0m Running BKZ-8 [0m [0m Running BKZ-33 [0m [0m Running BKZ-26 [0m [0m Running BKZ-15 [0m [0m Running BKZ-17 [0m [0m Running BKZ-21 [0m [0m Running BKZ-9 [0m [0m Running BKZ-3 [0m [0m Running BKZ-3 [0m [0m Running BKZ-31 [0m [0m Running BKZ-16 [0m [0m Running BKZ-18 [0m [0m Running BKZ-26 [0m [0m Running BKZ-10 [0m [0m Running BKZ-31 [0m [0m Running BKZ-27 [0m [0m Running BKZ-2 [0m [0m Running BKZ-13 [0m [0m Running BKZ-4 [0m [0m Running BKZ-22 [0m [0m Running BKZ-19 [0m [0m Running BKZ-11 [0m [0m Running BKZ-34 [0m [0m Running BKZ-5 [0m [0m Running BKZ-32 [0m [0m Running BKZ-25 [0m error
[4;37m      Build EBDD from LWE      [0m
[1;33m n=128 	 m=128 	 q=3329 [0m
[0m Running BKZ-12 [0m [0m Running BKZ-20 [0m [0m Running BKZ-3 [0m [0m Running BKZ-27 [0m [0m Running BKZ-3 [0m [0m Running BKZ-23 [0m [0m Running BKZ-17 [0m [0m Running BKZ-27 [0m [0m Running BKZ-28 [0m [0m Running BKZ-4 [0m [4;37m       Attack Estimation      [0m
[1;33m dim=256 	 δ=1.012119 	 β=49.40  [0m
[0m  [0m
[0m Running BKZ-6 [0m [0m Running BKZ-14 [0m [0m Running BKZ-13 [0m [0m Running BKZ-21 [0m [0m Running BKZ-7 [0m [0m Running BKZ-4 [0m [0m Running BKZ-24 [0m [0m Running BKZ-18 [0m [0m Running BKZ-3 [0m [0m Running BKZ-35 [0m [0m Running BKZ-14 [0m [0m Running BKZ-33 [0m [0m Running BKZ-22 [0m [0m Running BKZ-30 [0m [0m Running BKZ-8 [0m [0m Running BKZ-28 [0m [0m Running BKZ-5 [0m [0m Running BKZ-5 [0m [0m Running BKZ-4 [0m [0m Running BKZ-15 [0m [0m Running BKZ-9 [0m [0m Running BKZ-23 [0m [0m Running BKZ-5 [0m [0m Running BKZ-4 [0m [0m Running BKZ-19 [0m [0m Running BKZ-3 [0m [0m Running BKZ-25 [0m [0m Running BKZ-3 [0m [0m Running BKZ-29 [0m β= 2,	 pr=5.9861e-44, 	 cum-pr=5.9861e-44 	 rem-pr=1.0000e+00
β= 3,	 pr=1.3339e-40, 	 cum-pr=1.3345e-40 	 rem-pr=1.0000e+00
β= 4,	 pr=7.1719e-39, 	 cum-pr=7.3054e-39 	 rem-pr=1.0000e+00
β= 5,	 pr=9.9782e-38, 	 cum-pr=1.0709e-37 	 rem-pr=1.0000e+00
β= 6,	 pr=7.1767e-37, 	 cum-pr=8.2476e-37 	 rem-pr=1.0000e+00
β= 7,	 pr=3.5142e-36, 	 cum-pr=4.3390e-36 	 rem-pr=1.0000e+00
β= 8,	 pr=1.3859e-35, 	 cum-pr=1.8198e-35 	 rem-pr=1.0000e+00
β= 9,	 pr=4.8161e-35, 	 cum-pr=6.6359e-35 	 rem-pr=1.0000e+00
β= 10,	 pr=1.5391e-34, 	 cum-pr=2.2027e-34 	 rem-pr=1.0000e+00
β= 11,	 pr=4.8422e-34, 	 cum-pr=7.0449e-34 	 rem-pr=1.0000e+00
β= 12,	 pr=1.5680e-33, 	 cum-pr=2.2725e-33 	 rem-pr=1.0000e+00
β= 13,	 pr=5.2008e-33, 	 cum-pr=7.4733e-33 	 rem-pr=1.0000e+00
β= 14,	 pr=1.8554e-32, 	 cum-pr=2.6028e-32 	 rem-pr=1.0000e+00
β= 15,	 pr=7.4084e-32, 	 cum-pr=1.0011e-31 	 rem-pr=1.0000e+00
β= 16,	 pr=3.5144e-31, 	 cum-pr=4.5156e-31 	 rem-pr=1.0000e+00
β= 17,	 pr=1.8098e-30, 	 cum-pr=2.2613e-30 	 rem-pr=1.0000e+00
β= 18,	 pr=1.0442e-29, 	 cum-pr=1.2703e-29 	 rem-pr=1.0000e+00
β= 19,	 pr=7.8490e-29, 	 cum-pr=9.1193e-29 	 rem-pr=1.0000e+00
β= 20,	 pr=6.4021e-28, 	 cum-pr=7.3140e-28 	 rem-pr=1.0000e+00
β= 21,	 pr=5.3173e-27, 	 cum-pr=6.0487e-27 	 rem-pr=1.0000e+00
β= 22,	 pr=4.2968e-26, 	 cum-pr=4.9017e-26 	 rem-pr=1.0000e+00
β= 23,	 pr=5.2357e-25, 	 cum-pr=5.7259e-25 	 rem-pr=1.0000e+00
β= 24,	 pr=7.7057e-24, 	 cum-pr=8.2783e-24 	 rem-pr=1.0000e+00
β= 25,	 pr=1.1905e-22, 	 cum-pr=1.2732e-22 	 rem-pr=1.0000e+00
β= 26,	 pr=1.6830e-21, 	 cum-pr=1.8104e-21 	 rem-pr=1.0000e+00
β= 27,	 pr=1.8692e-20, 	 cum-pr=2.0503e-20 	 rem-pr=1.0000e+00
β= 28,	 pr=1.9502e-19, 	 cum-pr=2.1553e-19 	 rem-pr=1.0000e+00
β= 29,	 pr=2.1878e-18, 	 cum-pr=2.4034e-18 	 rem-pr=1.0000e+00
β= 30,	 pr=2.7542e-17, 	 cum-pr=2.9945e-17 	 rem-pr=1.0000e+00
β= 31,	 pr=4.0960e-16, 	 cum-pr=4.3954e-16 	 rem-pr=1.0000e+00
β= 32,	 pr=6.6776e-15, 	 cum-pr=7.1171e-15 	 rem-pr=1.0000e+00
β= 33,	 pr=8.4669e-14, 	 cum-pr=9.1786e-14 	 rem-pr=1.0000e+00
β= 34,	 pr=1.1201e-12, 	 cum-pr=1.2119e-12 	 rem-pr=1.0000e+00
β= 35,	 pr=1.1084e-11, 	 cum-pr=1.2296e-11 	 rem-pr=1.0000e+00
β= 36,	 pr=9.5031e-11, 	 cum-pr=1.0733e-10 	 rem-pr=1.0000e+00
β= 37,	 pr=6.5653e-10, 	 cum-pr=7.6386e-10 	 rem-pr=1.0000e+00
β= 38,	 pr=3.8364e-09, 	 cum-pr=4.6003e-09 	 rem-pr=1.0000e+00
β= 39,	 pr=2.1832e-08, 	 cum-pr=2.6433e-08 	 rem-pr=1.0000e+00
β= 40,	 pr=1.0086e-07, 	 cum-pr=1.2729e-07 	 rem-pr=1.0000e+00
β= 41,	 pr=4.5789e-07, 	 cum-pr=5.8518e-07 	 rem-pr=1.0000e+00
β= 42,	 pr=1.9505e-06, 	 cum-pr=2.5357e-06 	 rem-pr=1.0000e+00
β= 43,	 pr=1.0677e-05, 	 cum-pr=1.3212e-05 	 rem-pr=9.9999e-01
β= 44,	 pr=4.3851e-05, 	 cum-pr=5.7062e-05 	 rem-pr=9.9994e-01
β= 45,	 pr=1.7188e-04, 	 cum-pr=2.2893e-04 	 rem-pr=9.9977e-01
β= 46,	 pr=7.7774e-04, 	 cum-pr=1.0065e-03 	 rem-pr=9.9899e-01
β= 47,	 pr=2.5662e-03, 	 cum-pr=3.5701e-03 	 rem-pr=9.9643e-01
β= 48,	 pr=7.4510e-03, 	 cum-pr=1.0995e-02 	 rem-pr=9.8901e-01
β= 49,	 pr=1.9066e-02, 	 cum-pr=2.9851e-02 	 rem-pr=9.7015e-01
β= 50,	 pr=4.3193e-02, 	 cum-pr=7.1755e-02 	 rem-pr=9.2825e-01
β= 51,	 pr=8.7109e-02, 	 cum-pr=1.5261e-01 	 rem-pr=8.4739e-01
β= 52,	 pr=1.5740e-01, 	 cum-pr=2.8599e-01 	 rem-pr=7.1401e-01
β= 53,	 pr=2.5665e-01, 	 cum-pr=4.6924e-01 	 rem-pr=5.3076e-01
β= 54,	 pr=3.8063e-01, 	 cum-pr=6.7127e-01 	 rem-pr=3.2873e-01
β= 55,	 pr=5.1794e-01, 	 cum-pr=8.4153e-01 	 rem-pr=1.5847e-01
β= 56,	 pr=6.5299e-01, 	 cum-pr=9.4501e-01 	 rem-pr=5.4991e-02
β= 57,	 pr=7.7097e-01, 	 cum-pr=9.8741e-01 	 rem-pr=1.2594e-02
β= 58,	 pr=8.6251e-01, 	 cum-pr=9.9827e-01 	 rem-pr=1.7317e-03
β= 59,	 pr=9.2547e-01, 	 cum-pr=9.9987e-01 	 rem-pr=1.2905e-04
[4;37m       Attack Estimation      [0m
[1;33m dim=256 	 	 	 β=53.53  [0m
[0m  [0m
[4;37m       Running the Attack      [0m
[0m Running BKZ-16 [0m [0m Running BKZ-6 [0m [0m Running BKZ-10 [0m [0m Running BKZ-5 [0m [0m Running BKZ-15 [0m [0m Running BKZ-34 [0m [0m Running BKZ-6 [0m [0m Running BKZ-4 [0m [0m Running BKZ-4 [0m [0m Running BKZ-36 [0m [0m Running BKZ-29 [0m [0m Running BKZ-24 [0m [0m Running BKZ-17 [0m [0m Running BKZ-11 [0m [0m Running BKZ-20 [0m [0m Running BKZ-5 [0m [0m Running BKZ-6 [0m [0m Running BKZ-26 [0m [0m Running BKZ-5 [0m [0m Running BKZ-7 [0m [0m Running BKZ-3 [0m [0m Running BKZ-7 [0m [0m Running BKZ-12 [0m [0m Running BKZ-25 [0m [0m Running BKZ-6 [0m [0m Running BKZ-6 [0m [0m Running BKZ-7 [0m [0m Running BKZ-26 [0m [0m Running BKZ-16 [0m [0m Running BKZ-18 [0m [0m Running BKZ-6 [0m [0m Running BKZ-8 [0m [0m Running BKZ-4 [0m [0m Running BKZ-21 [0m [0m Running BKZ-13 [0m [0m Running BKZ-30 [0m [0m Running BKZ-30 [0m [0m Running BKZ-35 [0m [0m Running BKZ-8 [0m [0m Running BKZ-5 [0m [0m Running BKZ-8 [0m [0m Running BKZ-17 [0m [0m Running BKZ-26 [0m [0m Running BKZ-37 [0m [0m Running BKZ-19 [0m [0m Running BKZ-14 [0m [0m Running BKZ-28 [0m [0m Running BKZ-7 [0m [0m Running BKZ-9 [0m [0m Running BKZ-22 [0m [0m Running BKZ-9 [0m [0m Running BKZ-7 [0m [0m Running BKZ-9 [0m error
[4;37m      Build EBDD from LWE      [0m
[1;33m n=128 	 m=128 	 q=3329 [0m
[0m Running BKZ-18 [0m [0m Running BKZ-6 [0m [0m Running BKZ-31 [0m [0m Running BKZ-15 [0m [0m Running BKZ-31 [0m [0m Running BKZ-20 [0m [0m Running BKZ-8 [0m [4;37m       Attack Estimation      [0m
[1;33m dim=256 	 δ=1.012119 	 β=49.40  [0m
[0m  [0m
[0m Running BKZ-10 [0m [0m Running BKZ-36 [0m [0m Running BKZ-8 [0m [0m Running BKZ-10 [0m [0m Running BKZ-27 [0m [0m Running BKZ-7 [0m [0m Running BKZ-23 [0m [0m Running BKZ-19 [0m [0m Running BKZ-9 [0m [0m Running BKZ-10 [0m [0m Running BKZ-16 [0m [0m Running BKZ-2 [0m [0m Running BKZ-7 [0m [0m Running BKZ-31 [0m [0m Running BKZ-21 [0m [0m Running BKZ-38 [0m [0m Running BKZ-11 [0m [0m Running BKZ-9 [0m [0m Running BKZ-10 [0m [0m Running BKZ-11 [0m [0m Running BKZ-32 [0m [0m Running BKZ-17 [0m [0m Running BKZ-32 [0m [0m Running BKZ-20 [0m [0m Running BKZ-11 [0m [0m Running BKZ-24 [0m [0m Running BKZ-8 [0m [0m Running BKZ-2 [0m [0m Running BKZ-22 [0m [0m Running BKZ-37 [0m [0m Running BKZ-11 [0m [0m Running BKZ-10 [0m [0m Running BKZ-12 [0m [0m Running BKZ-18 [0m [0m Running BKZ-9 [0m [0m Running BKZ-12 [0m [0m Running BKZ-12 [0m error
[4;37m      Build EBDD from LWE      [0m
[1;33m n=128 	 m=128 	 q=3329 [0m
[0m Running BKZ-21 [0m [0m Running BKZ-12 [0m [0m Running BKZ-8 [0m [0m Running BKZ-10 [0m [0m Running BKZ-23 [0m [0m Running BKZ-11 [0m [0m Running BKZ-33 [0m [0m Running BKZ-27 [0m [0m Running BKZ-33 [0m [0m Running BKZ-19 [0m [4;37m       Attack Estimation      [0m
[1;33m dim=256 	 δ=1.012119 	 β=49.40  [0m
[0m  [0m
[0m Running BKZ-13 [0m [0m Running BKZ-39 [0m [0m Running BKZ-13 [0m [0m Running BKZ-13 [0m [0m Running BKZ-13 [0m [0m Running BKZ-11 [0m [0m Running BKZ-22 [0m [0m Running BKZ-12 [0m [0m Running BKZ-20 [0m [0m Running BKZ-14 [0m β= 2,	 pr=5.9861e-44, 	 cum-pr=5.9861e-44 	 rem-pr=1.0000e+00
β= 3,	 pr=1.3339e-40, 	 cum-pr=1.3345e-40 	 rem-pr=1.0000e+00
β= 4,	 pr=7.1719e-39, 	 cum-pr=7.3054e-39 	 rem-pr=1.0000e+00
β= 5,	 pr=9.9782e-38, 	 cum-pr=1.0709e-37 	 rem-pr=1.0000e+00
β= 6,	 pr=7.1767e-37, 	 cum-pr=8.2476e-37 	 rem-pr=1.0000e+00
β= 7,	 pr=3.5142e-36, 	 cum-pr=4.3390e-36 	 rem-pr=1.0000e+00
β= 8,	 pr=1.3859e-35, 	 cum-pr=1.8198e-35 	 rem-pr=1.0000e+00
β= 9,	 pr=4.8161e-35, 	 cum-pr=6.6359e-35 	 rem-pr=1.0000e+00
β= 10,	 pr=1.5391e-34, 	 cum-pr=2.2027e-34 	 rem-pr=1.0000e+00
β= 11,	 pr=4.8422e-34, 	 cum-pr=7.0449e-34 	 rem-pr=1.0000e+00
β= 12,	 pr=1.5680e-33, 	 cum-pr=2.2725e-33 	 rem-pr=1.0000e+00
β= 13,	 pr=5.2008e-33, 	 cum-pr=7.4733e-33 	 rem-pr=1.0000e+00
β= 14,	 pr=1.8554e-32, 	 cum-pr=2.6028e-32 	 rem-pr=1.0000e+00
β= 15,	 pr=7.4084e-32, 	 cum-pr=1.0011e-31 	 rem-pr=1.0000e+00
β= 16,	 pr=3.5144e-31, 	 cum-pr=4.5156e-31 	 rem-pr=1.0000e+00
β= 17,	 pr=1.8098e-30, 	 cum-pr=2.2613e-30 	 rem-pr=1.0000e+00
β= 18,	 pr=1.0442e-29, 	 cum-pr=1.2703e-29 	 rem-pr=1.0000e+00
β= 19,	 pr=7.8490e-29, 	 cum-pr=9.1193e-29 	 rem-pr=1.0000e+00
β= 20,	 pr=6.4021e-28, 	 cum-pr=7.3140e-28 	 rem-pr=1.0000e+00
β= 21,	 pr=5.3173e-27, 	 cum-pr=6.0487e-27 	 rem-pr=1.0000e+00
β= 22,	 pr=4.2968e-26, 	 cum-pr=4.9017e-26 	 rem-pr=1.0000e+00
β= 23,	 pr=5.2357e-25, 	 cum-pr=5.7259e-25 	 rem-pr=1.0000e+00
β= 24,	 pr=7.7057e-24, 	 cum-pr=8.2783e-24 	 rem-pr=1.0000e+00
β= 25,	 pr=1.1905e-22, 	 cum-pr=1.2732e-22 	 rem-pr=1.0000e+00
β= 26,	 pr=1.6830e-21, 	 cum-pr=1.8104e-21 	 rem-pr=1.0000e+00
β= 27,	 pr=1.8692e-20, 	 cum-pr=2.0503e-20 	 rem-pr=1.0000e+00
β= 28,	 pr=1.9502e-19, 	 cum-pr=2.1553e-19 	 rem-pr=1.0000e+00
β= 29,	 pr=2.1878e-18, 	 cum-pr=2.4034e-18 	 rem-pr=1.0000e+00
β= 30,	 pr=2.7542e-17, 	 cum-pr=2.9945e-17 	 rem-pr=1.0000e+00
β= 31,	 pr=4.0960e-16, 	 cum-pr=4.3954e-16 	 rem-pr=1.0000e+00
β= 32,	 pr=6.6776e-15, 	 cum-pr=7.1171e-15 	 rem-pr=1.0000e+00
β= 33,	 pr=8.4669e-14, 	 cum-pr=9.1786e-14 	 rem-pr=1.0000e+00
β= 34,	 pr=1.1201e-12, 	 cum-pr=1.2119e-12 	 rem-pr=1.0000e+00
β= 35,	 pr=1.1084e-11, 	 cum-pr=1.2296e-11 	 rem-pr=1.0000e+00
β= 36,	 pr=9.5031e-11, 	 cum-pr=1.0733e-10 	 rem-pr=1.0000e+00
β= 37,	 pr=6.5653e-10, 	 cum-pr=7.6386e-10 	 rem-pr=1.0000e+00
β= 38,	 pr=3.8364e-09, 	 cum-pr=4.6003e-09 	 rem-pr=1.0000e+00
β= 39,	 pr=2.1832e-08, 	 cum-pr=2.6433e-08 	 rem-pr=1.0000e+00
β= 40,	 pr=1.0086e-07, 	 cum-pr=1.2729e-07 	 rem-pr=1.0000e+00
β= 41,	 pr=4.5789e-07, 	 cum-pr=5.8518e-07 	 rem-pr=1.0000e+00
β= 42,	 pr=1.9505e-06, 	 cum-pr=2.5357e-06 	 rem-pr=1.0000e+00
β= 43,	 pr=1.0677e-05, 	 cum-pr=1.3212e-05 	 rem-pr=9.9999e-01
β= 44,	 pr=4.3851e-05, 	 cum-pr=5.7062e-05 	 rem-pr=9.9994e-01
β= 45,	 pr=1.7188e-04, 	 cum-pr=2.2893e-04 	 rem-pr=9.9977e-01
β= 46,	 pr=7.7774e-04, 	 cum-pr=1.0065e-03 	 rem-pr=9.9899e-01
β= 47,	 pr=2.5662e-03, 	 cum-pr=3.5701e-03 	 rem-pr=9.9643e-01
β= 48,	 pr=7.4510e-03, 	 cum-pr=1.0995e-02 	 rem-pr=9.8901e-01
β= 49,	 pr=1.9066e-02, 	 cum-pr=2.9851e-02 	 rem-pr=9.7015e-01
β= 50,	 pr=4.3193e-02, 	 cum-pr=7.1755e-02 	 rem-pr=9.2825e-01
β= 51,	 pr=8.7109e-02, 	 cum-pr=1.5261e-01 	 rem-pr=8.4739e-01
β= 52,	 pr=1.5740e-01, 	 cum-pr=2.8599e-01 	 rem-pr=7.1401e-01
β= 53,	 pr=2.5665e-01, 	 cum-pr=4.6924e-01 	 rem-pr=5.3076e-01
β= 54,	 pr=3.8063e-01, 	 cum-pr=6.7127e-01 	 rem-pr=3.2873e-01
β= 55,	 pr=5.1794e-01, 	 cum-pr=8.4153e-01 	 rem-pr=1.5847e-01
β= 56,	 pr=6.5299e-01, 	 cum-pr=9.4501e-01 	 rem-pr=5.4991e-02
β= 57,	 pr=7.7097e-01, 	 cum-pr=9.8741e-01 	 rem-pr=1.2594e-02
β= 58,	 pr=8.6251e-01, 	 cum-pr=9.9827e-01 	 rem-pr=1.7317e-03
β= 59,	 pr=9.2547e-01, 	 cum-pr=9.9987e-01 	 rem-pr=1.2905e-04
[4;37m       Attack Estimation      [0m
[1;33m dim=256 	 	 	 β=53.53  [0m
[0m  [0m
[4;37m       Running the Attack      [0m
[0m Running BKZ-24 [0m [0m Running BKZ-14 [0m [0m Running BKZ-12 [0m [0m Running BKZ-14 [0m [0m Running BKZ-38 [0m [0m Running BKZ-14 [0m [0m Running BKZ-34 [0m [0m Running BKZ-23 [0m [0m Running BKZ-34 [0m [0m Running BKZ-13 [0m [0m Running BKZ-15 [0m [0m Running BKZ-21 [0m [0m Running BKZ-13 [0m [0m Running BKZ-29 [0m error
[4;37m      Build EBDD from LWE      [0m
[1;33m n=128 	 m=128 	 q=3329 [0m
[0m Running BKZ-15 [0m [0m Running BKZ-15 [0m [0m Running BKZ-9 [0m [0m Running BKZ-15 [0m [4;37m       Attack Estimation      [0m
[1;33m dim=256 	 δ=1.012119 	 β=49.40  [0m
[0m  [0m
[0m Running BKZ-14 [0m [0m Running BKZ-16 [0m [0m Running BKZ-40 [0m [0m Running BKZ-28 [0m [0m Running BKZ-14 [0m [0m Running BKZ-22 [0m [0m Running BKZ-24 [0m β= 2,	 pr=5.9861e-44, 	 cum-pr=5.9861e-44 	 rem-pr=1.0000e+00
β= 3,	 pr=1.3339e-40, 	 cum-pr=1.3345e-40 	 rem-pr=1.0000e+00
β= 4,	 pr=7.1719e-39, 	 cum-pr=7.3054e-39 	 rem-pr=1.0000e+00
β= 5,	 pr=9.9782e-38, 	 cum-pr=1.0709e-37 	 rem-pr=1.0000e+00
β= 6,	 pr=7.1767e-37, 	 cum-pr=8.2476e-37 	 rem-pr=1.0000e+00
β= 7,	 pr=3.5142e-36, 	 cum-pr=4.3390e-36 	 rem-pr=1.0000e+00
β= 8,	 pr=1.3859e-35, 	 cum-pr=1.8198e-35 	 rem-pr=1.0000e+00
β= 9,	 pr=4.8161e-35, 	 cum-pr=6.6359e-35 	 rem-pr=1.0000e+00
β= 10,	 pr=1.5391e-34, 	 cum-pr=2.2027e-34 	 rem-pr=1.0000e+00
β= 11,	 pr=4.8422e-34, 	 cum-pr=7.0449e-34 	 rem-pr=1.0000e+00
β= 12,	 pr=1.5680e-33, 	 cum-pr=2.2725e-33 	 rem-pr=1.0000e+00
β= 13,	 pr=5.2008e-33, 	 cum-pr=7.4733e-33 	 rem-pr=1.0000e+00
β= 14,	 pr=1.8554e-32, 	 cum-pr=2.6028e-32 	 rem-pr=1.0000e+00
β= 15,	 pr=7.4084e-32, 	 cum-pr=1.0011e-31 	 rem-pr=1.0000e+00
β= 16,	 pr=3.5144e-31, 	 cum-pr=4.5156e-31 	 rem-pr=1.0000e+00
β= 17,	 pr=1.8098e-30, 	 cum-pr=2.2613e-30 	 rem-pr=1.0000e+00
β= 18,	 pr=1.0442e-29, 	 cum-pr=1.2703e-29 	 rem-pr=1.0000e+00
β= 19,	 pr=7.8490e-29, 	 cum-pr=9.1193e-29 	 rem-pr=1.0000e+00
β= 20,	 pr=6.4021e-28, 	 cum-pr=7.3140e-28 	 rem-pr=1.0000e+00
β= 21,	 pr=5.3173e-27, 	 cum-pr=6.0487e-27 	 rem-pr=1.0000e+00
β= 22,	 pr=4.2968e-26, 	 cum-pr=4.9017e-26 	 rem-pr=1.0000e+00
β= 23,	 pr=5.2357e-25, 	 cum-pr=5.7259e-25 	 rem-pr=1.0000e+00
β= 24,	 pr=7.7057e-24, 	 cum-pr=8.2783e-24 	 rem-pr=1.0000e+00
β= 25,	 pr=1.1905e-22, 	 cum-pr=1.2732e-22 	 rem-pr=1.0000e+00
β= 26,	 pr=1.6830e-21, 	 cum-pr=1.8104e-21 	 rem-pr=1.0000e+00
β= 27,	 pr=1.8692e-20, 	 cum-pr=2.0503e-20 	 rem-pr=1.0000e+00
β= 28,	 pr=1.9502e-19, 	 cum-pr=2.1553e-19 	 rem-pr=1.0000e+00
β= 29,	 pr=2.1878e-18, 	 cum-pr=2.4034e-18 	 rem-pr=1.0000e+00
β= 30,	 pr=2.7542e-17, 	 cum-pr=2.9945e-17 	 rem-pr=1.0000e+00
β= 31,	 pr=4.0960e-16, 	 cum-pr=4.3954e-16 	 rem-pr=1.0000e+00
β= 32,	 pr=6.6776e-15, 	 cum-pr=7.1171e-15 	 rem-pr=1.0000e+00
β= 33,	 pr=8.4669e-14, 	 cum-pr=9.1786e-14 	 rem-pr=1.0000e+00
β= 34,	 pr=1.1201e-12, 	 cum-pr=1.2119e-12 	 rem-pr=1.0000e+00
β= 35,	 pr=1.1084e-11, 	 cum-pr=1.2296e-11 	 rem-pr=1.0000e+00
β= 36,	 pr=9.5031e-11, 	 cum-pr=1.0733e-10 	 rem-pr=1.0000e+00
β= 37,	 pr=6.5653e-10, 	 cum-pr=7.6386e-10 	 rem-pr=1.0000e+00
β= 38,	 pr=3.8364e-09, 	 cum-pr=4.6003e-09 	 rem-pr=1.0000e+00
β= 39,	 pr=2.1832e-08, 	 cum-pr=2.6433e-08 	 rem-pr=1.0000e+00
β= 40,	 pr=1.0086e-07, 	 cum-pr=1.2729e-07 	 rem-pr=1.0000e+00
β= 41,	 pr=4.5789e-07, 	 cum-pr=5.8518e-07 	 rem-pr=1.0000e+00
β= 42,	 pr=1.9505e-06, 	 cum-pr=2.5357e-06 	 rem-pr=1.0000e+00
β= 43,	 pr=1.0677e-05, 	 cum-pr=1.3212e-05 	 rem-pr=9.9999e-01
β= 44,	 pr=4.3851e-05, 	 cum-pr=5.7062e-05 	 rem-pr=9.9994e-01
β= 45,	 pr=1.7188e-04, 	 cum-pr=2.2893e-04 	 rem-pr=9.9977e-01
β= 46,	 pr=7.7774e-04, 	 cum-pr=1.0065e-03 	 rem-pr=9.9899e-01
β= 47,	 pr=2.5662e-03, 	 cum-pr=3.5701e-03 	 rem-pr=9.9643e-01
β= 48,	 pr=7.4510e-03, 	 cum-pr=1.0995e-02 	 rem-pr=9.8901e-01
β= 49,	 pr=1.9066e-02, 	 cum-pr=2.9851e-02 	 rem-pr=9.7015e-01
β= 50,	 pr=4.3193e-02, 	 cum-pr=7.1755e-02 	 rem-pr=9.2825e-01
β= 51,	 pr=8.7109e-02, 	 cum-pr=1.5261e-01 	 rem-pr=8.4739e-01
β= 52,	 pr=1.5740e-01, 	 cum-pr=2.8599e-01 	 rem-pr=7.1401e-01
β= 53,	 pr=2.5665e-01, 	 cum-pr=4.6924e-01 	 rem-pr=5.3076e-01
β= 54,	 pr=3.8063e-01, 	 cum-pr=6.7127e-01 	 rem-pr=3.2873e-01
β= 55,	 pr=5.1794e-01, 	 cum-pr=8.4153e-01 	 rem-pr=1.5847e-01
β= 56,	 pr=6.5299e-01, 	 cum-pr=9.4501e-01 	 rem-pr=5.4991e-02
β= 57,	 pr=7.7097e-01, 	 cum-pr=9.8741e-01 	 rem-pr=1.2594e-02
β= 58,	 pr=8.6251e-01, 	 cum-pr=9.9827e-01 	 rem-pr=1.7317e-03
β= 59,	 pr=9.2547e-01, 	 cum-pr=9.9987e-01 	 rem-pr=1.2905e-04
[4;37m       Attack Estimation      [0m
[1;33m dim=256 	 	 	 β=53.53  [0m
[0m  [0m
[4;37m       Running the Attack      [0m
[0m Running BKZ-16 [0m [0m Running BKZ-39 [0m [0m Running BKZ-15 [0m [0m Running BKZ-2 [0m [0m Running BKZ-16 [0m [0m Running BKZ-35 [0m [0m Running BKZ-17 [0m [0m Running BKZ-16 [0m [0m Running BKZ-35 [0m [0m Running BKZ-15 [0m [0m Running BKZ-23 [0m [0m Running BKZ-16 [0m [0m Running BKZ-25 [0m [0m Running BKZ-17 [0m [0m Running BKZ-32 [0m [0m Running BKZ-18 [0m error
[4;37m      Build EBDD from LWE      [0m
[1;33m n=128 	 m=128 	 q=3329 [0m
[0m Running BKZ-17 [0m [0m Running BKZ-17 [0m [0m Running BKZ-17 [0m [4;37m       Attack Estimation      [0m
[1;33m dim=256 	 δ=1.012119 	 β=49.40  [0m
[0m  [0m
[0m Running BKZ-10 [0m [0m Running BKZ-16 [0m [0m Running BKZ-24 [0m [0m Running BKZ-19 [0m [0m Running BKZ-3 [0m [0m Running BKZ-36 [0m [0m Running BKZ-36 [0m [0m Running BKZ-26 [0m [0m Running BKZ-40 [0m [0m Running BKZ-18 [0m [0m Running BKZ-18 [0m β= 2,	 pr=5.9861e-44, 	 cum-pr=5.9861e-44 	 rem-pr=1.0000e+00
β= 3,	 pr=1.3339e-40, 	 cum-pr=1.3345e-40 	 rem-pr=1.0000e+00
β= 4,	 pr=7.1719e-39, 	 cum-pr=7.3054e-39 	 rem-pr=1.0000e+00
β= 5,	 pr=9.9782e-38, 	 cum-pr=1.0709e-37 	 rem-pr=1.0000e+00
β= 6,	 pr=7.1767e-37, 	 cum-pr=8.2476e-37 	 rem-pr=1.0000e+00
β= 7,	 pr=3.5142e-36, 	 cum-pr=4.3390e-36 	 rem-pr=1.0000e+00
β= 8,	 pr=1.3859e-35, 	 cum-pr=1.8198e-35 	 rem-pr=1.0000e+00
β= 9,	 pr=4.8161e-35, 	 cum-pr=6.6359e-35 	 rem-pr=1.0000e+00
β= 10,	 pr=1.5391e-34, 	 cum-pr=2.2027e-34 	 rem-pr=1.0000e+00
β= 11,	 pr=4.8422e-34, 	 cum-pr=7.0449e-34 	 rem-pr=1.0000e+00
β= 12,	 pr=1.5680e-33, 	 cum-pr=2.2725e-33 	 rem-pr=1.0000e+00
β= 13,	 pr=5.2008e-33, 	 cum-pr=7.4733e-33 	 rem-pr=1.0000e+00
β= 14,	 pr=1.8554e-32, 	 cum-pr=2.6028e-32 	 rem-pr=1.0000e+00
β= 15,	 pr=7.4084e-32, 	 cum-pr=1.0011e-31 	 rem-pr=1.0000e+00
β= 16,	 pr=3.5144e-31, 	 cum-pr=4.5156e-31 	 rem-pr=1.0000e+00
β= 17,	 pr=1.8098e-30, 	 cum-pr=2.2613e-30 	 rem-pr=1.0000e+00
β= 18,	 pr=1.0442e-29, 	 cum-pr=1.2703e-29 	 rem-pr=1.0000e+00
β= 19,	 pr=7.8490e-29, 	 cum-pr=9.1193e-29 	 rem-pr=1.0000e+00
β= 20,	 pr=6.4021e-28, 	 cum-pr=7.3140e-28 	 rem-pr=1.0000e+00
β= 21,	 pr=5.3173e-27, 	 cum-pr=6.0487e-27 	 rem-pr=1.0000e+00
β= 22,	 pr=4.2968e-26, 	 cum-pr=4.9017e-26 	 rem-pr=1.0000e+00
β= 23,	 pr=5.2357e-25, 	 cum-pr=5.7259e-25 	 rem-pr=1.0000e+00
β= 24,	 pr=7.7057e-24, 	 cum-pr=8.2783e-24 	 rem-pr=1.0000e+00
β= 25,	 pr=1.1905e-22, 	 cum-pr=1.2732e-22 	 rem-pr=1.0000e+00
β= 26,	 pr=1.6830e-21, 	 cum-pr=1.8104e-21 	 rem-pr=1.0000e+00
β= 27,	 pr=1.8692e-20, 	 cum-pr=2.0503e-20 	 rem-pr=1.0000e+00
β= 28,	 pr=1.9502e-19, 	 cum-pr=2.1553e-19 	 rem-pr=1.0000e+00
β= 29,	 pr=2.1878e-18, 	 cum-pr=2.4034e-18 	 rem-pr=1.0000e+00
β= 30,	 pr=2.7542e-17, 	 cum-pr=2.9945e-17 	 rem-pr=1.0000e+00
β= 31,	 pr=4.0960e-16, 	 cum-pr=4.3954e-16 	 rem-pr=1.0000e+00
β= 32,	 pr=6.6776e-15, 	 cum-pr=7.1171e-15 	 rem-pr=1.0000e+00
β= 33,	 pr=8.4669e-14, 	 cum-pr=9.1786e-14 	 rem-pr=1.0000e+00
β= 34,	 pr=1.1201e-12, 	 cum-pr=1.2119e-12 	 rem-pr=1.0000e+00
β= 35,	 pr=1.1084e-11, 	 cum-pr=1.2296e-11 	 rem-pr=1.0000e+00
β= 36,	 pr=9.5031e-11, 	 cum-pr=1.0733e-10 	 rem-pr=1.0000e+00
β= 37,	 pr=6.5653e-10, 	 cum-pr=7.6386e-10 	 rem-pr=1.0000e+00
β= 38,	 pr=3.8364e-09, 	 cum-pr=4.6003e-09 	 rem-pr=1.0000e+00
β= 39,	 pr=2.1832e-08, 	 cum-pr=2.6433e-08 	 rem-pr=1.0000e+00
β= 40,	 pr=1.0086e-07, 	 cum-pr=1.2729e-07 	 rem-pr=1.0000e+00
β= 41,	 pr=4.5789e-07, 	 cum-pr=5.8518e-07 	 rem-pr=1.0000e+00
β= 42,	 pr=1.9505e-06, 	 cum-pr=2.5357e-06 	 rem-pr=1.0000e+00
β= 43,	 pr=1.0677e-05, 	 cum-pr=1.3212e-05 	 rem-pr=9.9999e-01
β= 44,	 pr=4.3851e-05, 	 cum-pr=5.7062e-05 	 rem-pr=9.9994e-01
β= 45,	 pr=1.7188e-04, 	 cum-pr=2.2893e-04 	 rem-pr=9.9977e-01
β= 46,	 pr=7.7774e-04, 	 cum-pr=1.0065e-03 	 rem-pr=9.9899e-01
β= 47,	 pr=2.5662e-03, 	 cum-pr=3.5701e-03 	 rem-pr=9.9643e-01
β= 48,	 pr=7.4510e-03, 	 cum-pr=1.0995e-02 	 rem-pr=9.8901e-01
β= 49,	 pr=1.9066e-02, 	 cum-pr=2.9851e-02 	 rem-pr=9.7015e-01
β= 50,	 pr=4.3193e-02, 	 cum-pr=7.1755e-02 	 rem-pr=9.2825e-01
β= 51,	 pr=8.7109e-02, 	 cum-pr=1.5261e-01 	 rem-pr=8.4739e-01
β= 52,	 pr=1.5740e-01, 	 cum-pr=2.8599e-01 	 rem-pr=7.1401e-01
β= 53,	 pr=2.5665e-01, 	 cum-pr=4.6924e-01 	 rem-pr=5.3076e-01
β= 54,	 pr=3.8063e-01, 	 cum-pr=6.7127e-01 	 rem-pr=3.2873e-01
β= 55,	 pr=5.1794e-01, 	 cum-pr=8.4153e-01 	 rem-pr=1.5847e-01
β= 56,	 pr=6.5299e-01, 	 cum-pr=9.4501e-01 	 rem-pr=5.4991e-02
β= 57,	 pr=7.7097e-01, 	 cum-pr=9.8741e-01 	 rem-pr=1.2594e-02
β= 58,	 pr=8.6251e-01, 	 cum-pr=9.9827e-01 	 rem-pr=1.7317e-03
β= 59,	 pr=9.2547e-01, 	 cum-pr=9.9987e-01 	 rem-pr=1.2905e-04
[4;37m       Attack Estimation      [0m
[1;33m dim=256 	 	 	 β=53.53  [0m
[0m  [0m
[4;37m       Running the Attack      [0m
[0m Running BKZ-3 [0m [0m Running BKZ-18 [0m [0m Running BKZ-18 [0m [0m Running BKZ-28 [0m [0m Running BKZ-17 [0m [0m Running BKZ-20 [0m [0m Running BKZ-25 [0m [0m Running BKZ-19 [0m [0m Running BKZ-4 [0m [0m Running BKZ-19 [0m [0m Running BKZ-27 [0m [0m Running BKZ-2 [0m [0m Running BKZ-30 [0m [0m Running BKZ-5 [0m [0m Running BKZ-19 [0m [0m Running BKZ-21 [0m [0m Running BKZ-19 [0m [0m Running BKZ-11 [0m [0m Running BKZ-20 [0m β= 2,	 pr=5.9861e-44, 	 cum-pr=5.9861e-44 	 rem-pr=1.0000e+00
β= 3,	 pr=1.3339e-40, 	 cum-pr=1.3345e-40 	 rem-pr=1.0000e+00
β= 4,	 pr=7.1719e-39, 	 cum-pr=7.3054e-39 	 rem-pr=1.0000e+00
β= 5,	 pr=9.9782e-38, 	 cum-pr=1.0709e-37 	 rem-pr=1.0000e+00
β= 6,	 pr=7.1767e-37, 	 cum-pr=8.2476e-37 	 rem-pr=1.0000e+00
β= 7,	 pr=3.5142e-36, 	 cum-pr=4.3390e-36 	 rem-pr=1.0000e+00
β= 8,	 pr=1.3859e-35, 	 cum-pr=1.8198e-35 	 rem-pr=1.0000e+00
β= 9,	 pr=4.8161e-35, 	 cum-pr=6.6359e-35 	 rem-pr=1.0000e+00
β= 10,	 pr=1.5391e-34, 	 cum-pr=2.2027e-34 	 rem-pr=1.0000e+00
β= 11,	 pr=4.8422e-34, 	 cum-pr=7.0449e-34 	 rem-pr=1.0000e+00
β= 12,	 pr=1.5680e-33, 	 cum-pr=2.2725e-33 	 rem-pr=1.0000e+00
β= 13,	 pr=5.2008e-33, 	 cum-pr=7.4733e-33 	 rem-pr=1.0000e+00
β= 14,	 pr=1.8554e-32, 	 cum-pr=2.6028e-32 	 rem-pr=1.0000e+00
β= 15,	 pr=7.4084e-32, 	 cum-pr=1.0011e-31 	 rem-pr=1.0000e+00
β= 16,	 pr=3.5144e-31, 	 cum-pr=4.5156e-31 	 rem-pr=1.0000e+00
β= 17,	 pr=1.8098e-30, 	 cum-pr=2.2613e-30 	 rem-pr=1.0000e+00
β= 18,	 pr=1.0442e-29, 	 cum-pr=1.2703e-29 	 rem-pr=1.0000e+00
β= 19,	 pr=7.8490e-29, 	 cum-pr=9.1193e-29 	 rem-pr=1.0000e+00
β= 20,	 pr=6.4021e-28, 	 cum-pr=7.3140e-28 	 rem-pr=1.0000e+00
β= 21,	 pr=5.3173e-27, 	 cum-pr=6.0487e-27 	 rem-pr=1.0000e+00
β= 22,	 pr=4.2968e-26, 	 cum-pr=4.9017e-26 	 rem-pr=1.0000e+00
β= 23,	 pr=5.2357e-25, 	 cum-pr=5.7259e-25 	 rem-pr=1.0000e+00
β= 24,	 pr=7.7057e-24, 	 cum-pr=8.2783e-24 	 rem-pr=1.0000e+00
β= 25,	 pr=1.1905e-22, 	 cum-pr=1.2732e-22 	 rem-pr=1.0000e+00
β= 26,	 pr=1.6830e-21, 	 cum-pr=1.8104e-21 	 rem-pr=1.0000e+00
β= 27,	 pr=1.8692e-20, 	 cum-pr=2.0503e-20 	 rem-pr=1.0000e+00
β= 28,	 pr=1.9502e-19, 	 cum-pr=2.1553e-19 	 rem-pr=1.0000e+00
β= 29,	 pr=2.1878e-18, 	 cum-pr=2.4034e-18 	 rem-pr=1.0000e+00
β= 30,	 pr=2.7542e-17, 	 cum-pr=2.9945e-17 	 rem-pr=1.0000e+00
β= 31,	 pr=4.0960e-16, 	 cum-pr=4.3954e-16 	 rem-pr=1.0000e+00
β= 32,	 pr=6.6776e-15, 	 cum-pr=7.1171e-15 	 rem-pr=1.0000e+00
β= 33,	 pr=8.4669e-14, 	 cum-pr=9.1786e-14 	 rem-pr=1.0000e+00
β= 34,	 pr=1.1201e-12, 	 cum-pr=1.2119e-12 	 rem-pr=1.0000e+00
β= 35,	 pr=1.1084e-11, 	 cum-pr=1.2296e-11 	 rem-pr=1.0000e+00
β= 36,	 pr=9.5031e-11, 	 cum-pr=1.0733e-10 	 rem-pr=1.0000e+00
β= 37,	 pr=6.5653e-10, 	 cum-pr=7.6386e-10 	 rem-pr=1.0000e+00
β= 38,	 pr=3.8364e-09, 	 cum-pr=4.6003e-09 	 rem-pr=1.0000e+00
β= 39,	 pr=2.1832e-08, 	 cum-pr=2.6433e-08 	 rem-pr=1.0000e+00
β= 40,	 pr=1.0086e-07, 	 cum-pr=1.2729e-07 	 rem-pr=1.0000e+00
β= 41,	 pr=4.5789e-07, 	 cum-pr=5.8518e-07 	 rem-pr=1.0000e+00
β= 42,	 pr=1.9505e-06, 	 cum-pr=2.5357e-06 	 rem-pr=1.0000e+00
β= 43,	 pr=1.0677e-05, 	 cum-pr=1.3212e-05 	 rem-pr=9.9999e-01
β= 44,	 pr=4.3851e-05, 	 cum-pr=5.7062e-05 	 rem-pr=9.9994e-01
β= 45,	 pr=1.7188e-04, 	 cum-pr=2.2893e-04 	 rem-pr=9.9977e-01
β= 46,	 pr=7.7774e-04, 	 cum-pr=1.0065e-03 	 rem-pr=9.9899e-01
β= 47,	 pr=2.5662e-03, 	 cum-pr=3.5701e-03 	 rem-pr=9.9643e-01
β= 48,	 pr=7.4510e-03, 	 cum-pr=1.0995e-02 	 rem-pr=9.8901e-01
β= 49,	 pr=1.9066e-02, 	 cum-pr=2.9851e-02 	 rem-pr=9.7015e-01
β= 50,	 pr=4.3193e-02, 	 cum-pr=7.1755e-02 	 rem-pr=9.2825e-01
β= 51,	 pr=8.7109e-02, 	 cum-pr=1.5261e-01 	 rem-pr=8.4739e-01
β= 52,	 pr=1.5740e-01, 	 cum-pr=2.8599e-01 	 rem-pr=7.1401e-01
β= 53,	 pr=2.5665e-01, 	 cum-pr=4.6924e-01 	 rem-pr=5.3076e-01
β= 54,	 pr=3.8063e-01, 	 cum-pr=6.7127e-01 	 rem-pr=3.2873e-01
β= 55,	 pr=5.1794e-01, 	 cum-pr=8.4153e-01 	 rem-pr=1.5847e-01
β= 56,	 pr=6.5299e-01, 	 cum-pr=9.4501e-01 	 rem-pr=5.4991e-02
β= 57,	 pr=7.7097e-01, 	 cum-pr=9.8741e-01 	 rem-pr=1.2594e-02
β= 58,	 pr=8.6251e-01, 	 cum-pr=9.9827e-01 	 rem-pr=1.7317e-03
β= 59,	 pr=9.2547e-01, 	 cum-pr=9.9987e-01 	 rem-pr=1.2905e-04
[4;37m       Attack Estimation      [0m
[1;33m dim=256 	 	 	 β=53.53  [0m
[0m  [0m
[4;37m       Running the Attack      [0m
[0m Running BKZ-37 [0m [0m Running BKZ-18 [0m [0m Running BKZ-26 [0m [0m Running BKZ-6 [0m [0m Running BKZ-41 [0m [0m Running BKZ-37 [0m [0m Running BKZ-29 [0m [0m Running BKZ-7 [0m [0m Running BKZ-20 [0m [0m Running BKZ-4 [0m [0m Running BKZ-21 [0m [0m Running BKZ-29 [0m [0m Running BKZ-28 [0m [0m Running BKZ-22 [0m [0m Running BKZ-8 [0m [0m Running BKZ-20 [0m [0m Running BKZ-20 [0m [0m Running BKZ-19 [0m [0m Running BKZ-33 [0m [0m Running BKZ-5 [0m [0m Running BKZ-9 [0m [0m Running BKZ-22 [0m [0m Running BKZ-27 [0m [0m Running BKZ-12 [0m [0m Running BKZ-38 [0m [0m Running BKZ-21 [0m [0m Running BKZ-10 [0m [0m Running BKZ-21 [0m [0m Running BKZ-29 [0m [0m Running BKZ-21 [0m [0m Running BKZ-23 [0m [0m Running BKZ-23 [0m [0m Running BKZ-20 [0m [0m Running BKZ-42 [0m [0m Running BKZ-11 [0m [0m Running BKZ-6 [0m [0m Running BKZ-31 [0m [0m Running BKZ-30 [0m [0m Running BKZ-38 [0m [0m Running BKZ-28 [0m [0m Running BKZ-22 [0m [0m Running BKZ-12 [0m [0m Running BKZ-24 [0m [0m Running BKZ-22 [0m [0m Running BKZ-24 [0m [0m Running BKZ-22 [0m [0m Running BKZ-30 [0m [0m Running BKZ-21 [0m [0m Running BKZ-13 [0m [0m Running BKZ-39 [0m [0m Running BKZ-13 [0m [0m Running BKZ-7 [0m [0m Running BKZ-23 [0m [0m Running BKZ-31 [0m [0m Running BKZ-14 [0m [0m Running BKZ-25 [0m [0m Running BKZ-30 [0m [0m Running BKZ-39 [0m [0m Running BKZ-3 [0m [0m Running BKZ-43 [0m [0m Running BKZ-25 [0m [0m Running BKZ-23 [0m [0m Running BKZ-23 [0m [0m Running BKZ-22 [0m [0m Running BKZ-15 [0m [0m Running BKZ-8 [0m [0m Running BKZ-34 [0m [0m Running BKZ-31 [0m [0m Running BKZ-14 [0m [0m Running BKZ-4 [0m [0m Running BKZ-26 [0m [0m Running BKZ-24 [0m [0m Running BKZ-40 [0m [0m Running BKZ-32 [0m [0m Running BKZ-5 [0m [0m Running BKZ-16 [0m [0m Running BKZ-32 [0m [0m Running BKZ-26 [0m [0m Running BKZ-6 [0m [0m Running BKZ-2 [0m [0m Running BKZ-9 [0m [0m Running BKZ-23 [0m [0m Running BKZ-24 [0m [0m Running BKZ-24 [0m [0m Running BKZ-29 [0m [0m Running BKZ-27 [0m [0m Running BKZ-17 [0m [0m Running BKZ-40 [0m [0m Running BKZ-7 [0m [0m Running BKZ-3 [0m [0m Running BKZ-25 [0m [0m Running BKZ-18 [0m [0m Running BKZ-35 [0m [0m Running BKZ-27 [0m [0m Running BKZ-33 [0m [0m Running BKZ-8 [0m [0m Running BKZ-32 [0m [0m Running BKZ-28 [0m [0m Running BKZ-41 [0m [0m Running BKZ-9 [0m [0m Running BKZ-10 [0m [0m Running BKZ-24 [0m [0m Running BKZ-19 [0m [0m Running BKZ-25 [0m [0m Running BKZ-15 [0m [0m Running BKZ-25 [0m [0m Running BKZ-4 [0m [0m Running BKZ-26 [0m [0m Running BKZ-41 [0m [0m Running BKZ-20 [0m [0m Running BKZ-28 [0m [0m Running BKZ-36 [0m [0m Running BKZ-31 [0m [0m Running BKZ-34 [0m [0m Running BKZ-29 [0m [0m Running BKZ-11 [0m [0m Running BKZ-33 [0m [0m Running BKZ-33 [0m [0m Running BKZ-5 [0m [0m Running BKZ-26 [0m [0m Running BKZ-25 [0m [0m Running BKZ-21 [0m [0m Running BKZ-26 [0m [0m Running BKZ-16 [0m [0m Running BKZ-10 [0m [0m Running BKZ-44 [0m [0m Running BKZ-27 [0m [0m Running BKZ-29 [0m [0m Running BKZ-42 [0m [0m Running BKZ-6 [0m [0m Running BKZ-12 [0m [0m Running BKZ-30 [0m [0m Running BKZ-22 [0m [0m Running BKZ-30 [0m [0m Running BKZ-7 [0m [0m Running BKZ-13 [0m [0m Running BKZ-17 [0m [0m Running BKZ-11 [0m [0m Running BKZ-26 [0m [0m Running BKZ-34 [0m [0m Running BKZ-35 [0m [0m Running BKZ-42 [0m [0m Running BKZ-27 [0m [0m Running BKZ-37 [0m [0m Running BKZ-8 [0m [0m Running BKZ-32 [0m [0m Running BKZ-2 [0m [0m Running BKZ-27 [0m [0m Running BKZ-12 [0m [0m Running BKZ-14 [0m [0m Running BKZ-18 [0m [0m Running BKZ-31 [0m [0m Running BKZ-9 [0m [0m Running BKZ-3 [0m [0m Running BKZ-30 [0m [0m Running BKZ-2 [0m [0m Running BKZ-28 [0m [0m Running BKZ-43 [0m [0m Running BKZ-13 [0m [0m Running BKZ-31 [0m [0m Running BKZ-4 [0m [0m Running BKZ-28 [0m [0m Running BKZ-15 [0m [0m Running BKZ-27 [0m [0m Running BKZ-5 [0m [0m Running BKZ-23 [0m [0m Running BKZ-10 [0m [0m Running BKZ-19 [0m [0m Running BKZ-34 [0m [0m Running BKZ-28 [0m [0m Running BKZ-45 [0m [0m Running BKZ-33 [0m [0m Running BKZ-6 [0m [0m Running BKZ-14 [0m [0m Running BKZ-16 [0m [0m Running BKZ-38 [0m [0m Running BKZ-7 [0m [0m Running BKZ-11 [0m [0m Running BKZ-31 [0m [0m Running BKZ-2 [0m [0m Running BKZ-35 [0m [0m Running BKZ-32 [0m [0m Running BKZ-20 [0m [0m Running BKZ-8 [0m [0m Running BKZ-29 [0m [0m Running BKZ-15 [0m [0m Running BKZ-32 [0m [0m Running BKZ-29 [0m [0m Running BKZ-28 [0m [0m Running BKZ-17 [0m [0m Running BKZ-43 [0m [0m Running BKZ-36 [0m [0m Running BKZ-29 [0m [0m Running BKZ-9 [0m [0m Running BKZ-12 [0m [0m Running BKZ-21 [0m [0m Running BKZ-44 [0m [0m Running BKZ-10 [0m [0m Running BKZ-16 [0m [0m Running BKZ-34 [0m [0m Running BKZ-33 [0m [0m Running BKZ-18 [0m [0m Running BKZ-32 [0m [0m Running BKZ-11 [0m [0m Running BKZ-39 [0m [0m Running BKZ-22 [0m [0m Running BKZ-13 [0m [0m Running BKZ-33 [0m [0m Running BKZ-30 [0m [0m Running BKZ-30 [0m [0m Running BKZ-12 [0m [0m Running BKZ-29 [0m [0m Running BKZ-17 [0m [0m Running BKZ-30 [0m [0m Running BKZ-13 [0m [0m Running BKZ-19 [0m [0m Running BKZ-14 [0m [0m Running BKZ-24 [0m [0m Running BKZ-37 [0m [0m Running BKZ-23 [0m [0m Running BKZ-36 [0m [0m Running BKZ-34 [0m [0m Running BKZ-18 [0m [0m Running BKZ-45 [0m [0m Running BKZ-34 [0m [0m Running BKZ-33 [0m [0m Running BKZ-31 [0m [0m Running BKZ-15 [0m [0m Running BKZ-14 [0m [0m Running BKZ-44 [0m [0m Running BKZ-40 [0m [0m Running BKZ-35 [0m [0m Running BKZ-20 [0m [0m Running BKZ-31 [0m [0m Running BKZ-31 [0m [0m Running BKZ-24 [0m [0m Running BKZ-30 [0m [0m Running BKZ-15 [0m [0m Running BKZ-19 [0m error
[4;37m      Build EBDD from LWE      [0m
[1;33m n=128 	 m=128 	 q=3329 [0m
[0m Running BKZ-35 [0m [0m Running BKZ-16 [0m [0m Running BKZ-16 [0m [0m Running BKZ-21 [0m [4;37m       Attack Estimation      [0m
[1;33m dim=256 	 δ=1.012119 	 β=49.40  [0m
[0m  [0m
[0m Running BKZ-25 [0m [0m Running BKZ-35 [0m [0m Running BKZ-17 [0m [0m Running BKZ-35 [0m [0m Running BKZ-32 [0m [0m Running BKZ-17 [0m [0m Running BKZ-20 [0m [0m Running BKZ-31 [0m [0m Running BKZ-32 [0m [0m Running BKZ-32 [0m [0m Running BKZ-25 [0m [0m Running BKZ-37 [0m [0m Running BKZ-41 [0m [0m Running BKZ-34 [0m [0m Running BKZ-18 [0m [0m Running BKZ-36 [0m [0m Running BKZ-22 [0m [0m Running BKZ-45 [0m [0m Running BKZ-19 [0m [0m Running BKZ-18 [0m [0m Running BKZ-33 [0m [0m Running BKZ-36 [0m [0m Running BKZ-26 [0m β= 2,	 pr=5.9861e-44, 	 cum-pr=5.9861e-44 	 rem-pr=1.0000e+00
β= 3,	 pr=1.3339e-40, 	 cum-pr=1.3345e-40 	 rem-pr=1.0000e+00
β= 4,	 pr=7.1719e-39, 	 cum-pr=7.3054e-39 	 rem-pr=1.0000e+00
β= 5,	 pr=9.9782e-38, 	 cum-pr=1.0709e-37 	 rem-pr=1.0000e+00
β= 6,	 pr=7.1767e-37, 	 cum-pr=8.2476e-37 	 rem-pr=1.0000e+00
β= 7,	 pr=3.5142e-36, 	 cum-pr=4.3390e-36 	 rem-pr=1.0000e+00
β= 8,	 pr=1.3859e-35, 	 cum-pr=1.8198e-35 	 rem-pr=1.0000e+00
β= 9,	 pr=4.8161e-35, 	 cum-pr=6.6359e-35 	 rem-pr=1.0000e+00
β= 10,	 pr=1.5391e-34, 	 cum-pr=2.2027e-34 	 rem-pr=1.0000e+00
β= 11,	 pr=4.8422e-34, 	 cum-pr=7.0449e-34 	 rem-pr=1.0000e+00
β= 12,	 pr=1.5680e-33, 	 cum-pr=2.2725e-33 	 rem-pr=1.0000e+00
β= 13,	 pr=5.2008e-33, 	 cum-pr=7.4733e-33 	 rem-pr=1.0000e+00
β= 14,	 pr=1.8554e-32, 	 cum-pr=2.6028e-32 	 rem-pr=1.0000e+00
β= 15,	 pr=7.4084e-32, 	 cum-pr=1.0011e-31 	 rem-pr=1.0000e+00
β= 16,	 pr=3.5144e-31, 	 cum-pr=4.5156e-31 	 rem-pr=1.0000e+00
β= 17,	 pr=1.8098e-30, 	 cum-pr=2.2613e-30 	 rem-pr=1.0000e+00
β= 18,	 pr=1.0442e-29, 	 cum-pr=1.2703e-29 	 rem-pr=1.0000e+00
β= 19,	 pr=7.8490e-29, 	 cum-pr=9.1193e-29 	 rem-pr=1.0000e+00
β= 20,	 pr=6.4021e-28, 	 cum-pr=7.3140e-28 	 rem-pr=1.0000e+00
β= 21,	 pr=5.3173e-27, 	 cum-pr=6.0487e-27 	 rem-pr=1.0000e+00
β= 22,	 pr=4.2968e-26, 	 cum-pr=4.9017e-26 	 rem-pr=1.0000e+00
β= 23,	 pr=5.2357e-25, 	 cum-pr=5.7259e-25 	 rem-pr=1.0000e+00
β= 24,	 pr=7.7057e-24, 	 cum-pr=8.2783e-24 	 rem-pr=1.0000e+00
β= 25,	 pr=1.1905e-22, 	 cum-pr=1.2732e-22 	 rem-pr=1.0000e+00
β= 26,	 pr=1.6830e-21, 	 cum-pr=1.8104e-21 	 rem-pr=1.0000e+00
β= 27,	 pr=1.8692e-20, 	 cum-pr=2.0503e-20 	 rem-pr=1.0000e+00
β= 28,	 pr=1.9502e-19, 	 cum-pr=2.1553e-19 	 rem-pr=1.0000e+00
β= 29,	 pr=2.1878e-18, 	 cum-pr=2.4034e-18 	 rem-pr=1.0000e+00
β= 30,	 pr=2.7542e-17, 	 cum-pr=2.9945e-17 	 rem-pr=1.0000e+00
β= 31,	 pr=4.0960e-16, 	 cum-pr=4.3954e-16 	 rem-pr=1.0000e+00
β= 32,	 pr=6.6776e-15, 	 cum-pr=7.1171e-15 	 rem-pr=1.0000e+00
β= 33,	 pr=8.4669e-14, 	 cum-pr=9.1786e-14 	 rem-pr=1.0000e+00
β= 34,	 pr=1.1201e-12, 	 cum-pr=1.2119e-12 	 rem-pr=1.0000e+00
β= 35,	 pr=1.1084e-11, 	 cum-pr=1.2296e-11 	 rem-pr=1.0000e+00
β= 36,	 pr=9.5031e-11, 	 cum-pr=1.0733e-10 	 rem-pr=1.0000e+00
β= 37,	 pr=6.5653e-10, 	 cum-pr=7.6386e-10 	 rem-pr=1.0000e+00
β= 38,	 pr=3.8364e-09, 	 cum-pr=4.6003e-09 	 rem-pr=1.0000e+00
β= 39,	 pr=2.1832e-08, 	 cum-pr=2.6433e-08 	 rem-pr=1.0000e+00
β= 40,	 pr=1.0086e-07, 	 cum-pr=1.2729e-07 	 rem-pr=1.0000e+00
β= 41,	 pr=4.5789e-07, 	 cum-pr=5.8518e-07 	 rem-pr=1.0000e+00
β= 42,	 pr=1.9505e-06, 	 cum-pr=2.5357e-06 	 rem-pr=1.0000e+00
β= 43,	 pr=1.0677e-05, 	 cum-pr=1.3212e-05 	 rem-pr=9.9999e-01
β= 44,	 pr=4.3851e-05, 	 cum-pr=5.7062e-05 	 rem-pr=9.9994e-01
β= 45,	 pr=1.7188e-04, 	 cum-pr=2.2893e-04 	 rem-pr=9.9977e-01
β= 46,	 pr=7.7774e-04, 	 cum-pr=1.0065e-03 	 rem-pr=9.9899e-01
β= 47,	 pr=2.5662e-03, 	 cum-pr=3.5701e-03 	 rem-pr=9.9643e-01
β= 48,	 pr=7.4510e-03, 	 cum-pr=1.0995e-02 	 rem-pr=9.8901e-01
β= 49,	 pr=1.9066e-02, 	 cum-pr=2.9851e-02 	 rem-pr=9.7015e-01
β= 50,	 pr=4.3193e-02, 	 cum-pr=7.1755e-02 	 rem-pr=9.2825e-01
β= 51,	 pr=8.7109e-02, 	 cum-pr=1.5261e-01 	 rem-pr=8.4739e-01
β= 52,	 pr=1.5740e-01, 	 cum-pr=2.8599e-01 	 rem-pr=7.1401e-01
β= 53,	 pr=2.5665e-01, 	 cum-pr=4.6924e-01 	 rem-pr=5.3076e-01
β= 54,	 pr=3.8063e-01, 	 cum-pr=6.7127e-01 	 rem-pr=3.2873e-01
β= 55,	 pr=5.1794e-01, 	 cum-pr=8.4153e-01 	 rem-pr=1.5847e-01
β= 56,	 pr=6.5299e-01, 	 cum-pr=9.4501e-01 	 rem-pr=5.4991e-02
β= 57,	 pr=7.7097e-01, 	 cum-pr=9.8741e-01 	 rem-pr=1.2594e-02
β= 58,	 pr=8.6251e-01, 	 cum-pr=9.9827e-01 	 rem-pr=1.7317e-03
β= 59,	 pr=9.2547e-01, 	 cum-pr=9.9987e-01 	 rem-pr=1.2905e-04
[4;37m       Attack Estimation      [0m
[1;33m dim=256 	 	 	 β=53.53  [0m
[0m  [0m
[4;37m       Running the Attack      [0m
[0m Running BKZ-33 [0m [0m Running BKZ-20 [0m [0m Running BKZ-32 [0m [0m Running BKZ-23 [0m [0m Running BKZ-21 [0m [0m Running BKZ-36 [0m [0m Running BKZ-33 [0m [0m Running BKZ-38 [0m [0m Running BKZ-19 [0m [0m Running BKZ-35 [0m [0m Running BKZ-21 [0m [0m Running BKZ-27 [0m [0m Running BKZ-46 [0m [0m Running BKZ-34 [0m [0m Running BKZ-37 [0m [0m Running BKZ-36 [0m [0m Running BKZ-24 [0m [0m Running BKZ-26 [0m [0m Running BKZ-22 [0m [0m Running BKZ-33 [0m [0m Running BKZ-20 [0m [0m Running BKZ-34 [0m [0m Running BKZ-3 [0m [0m Running BKZ-22 [0m [0m Running BKZ-3 [0m [0m Running BKZ-28 [0m [0m Running BKZ-23 [0m [0m Running BKZ-42 [0m [0m Running BKZ-34 [0m [0m Running BKZ-36 [0m [0m Running BKZ-4 [0m [0m Running BKZ-35 [0m [0m Running BKZ-25 [0m [0m Running BKZ-39 [0m [0m Running BKZ-21 [0m [0m Running BKZ-24 [0m [0m Running BKZ-5 [0m [0m Running BKZ-34 [0m [0m Running BKZ-35 [0m [0m Running BKZ-29 [0m [0m Running BKZ-6 [0m [0m Running BKZ-38 [0m [0m Running BKZ-25 [0m [0m Running BKZ-23 [0m [0m Running BKZ-46 [0m [0m Running BKZ-4 [0m [0m Running BKZ-7 [0m [0m Running BKZ-22 [0m [0m Running BKZ-26 [0m [0m Running BKZ-37 [0m [0m Running BKZ-43 [0m [0m Running BKZ-26 [0m [0m Running BKZ-3 [0m [0m Running BKZ-37 [0m [0m Running BKZ-35 [0m [0m Running BKZ-37 [0m [0m Running BKZ-30 [0m [0m Running BKZ-8 [0m [0m Running BKZ-5 [0m [0m Running BKZ-37 [0m [0m Running BKZ-36 [0m [0m Running BKZ-27 [0m [0m Running BKZ-35 [0m [0m Running BKZ-40 [0m [0m Running BKZ-36 [0m [0m Running BKZ-9 [0m [0m Running BKZ-23 [0m [0m Running BKZ-27 [0m [0m Running BKZ-10 [0m [0m Running BKZ-27 [0m [0m Running BKZ-24 [0m [0m Running BKZ-31 [0m [0m Running BKZ-39 [0m [0m Running BKZ-6 [0m [0m Running BKZ-11 [0m [0m Running BKZ-37 [0m [0m Running BKZ-36 [0m [0m Running BKZ-24 [0m [0m Running BKZ-36 [0m [0m Running BKZ-38 [0m [0m Running BKZ-12 [0m [0m Running BKZ-4 [0m [0m Running BKZ-28 [0m [0m Running BKZ-7 [0m [0m Running BKZ-44 [0m [0m Running BKZ-37 [0m [0m Running BKZ-32 [0m [0m Running BKZ-28 [0m [0m Running BKZ-41 [0m [0m Running BKZ-38 [0m [0m Running BKZ-13 [0m [0m Running BKZ-25 [0m [0m Running BKZ-29 [0m [0m Running BKZ-25 [0m [0m Running BKZ-5 [0m [0m Running BKZ-28 [0m [0m Running BKZ-14 [0m [0m Running BKZ-46 [0m [0m Running BKZ-37 [0m [0m Running BKZ-38 [0m [0m Running BKZ-38 [0m [0m Running BKZ-40 [0m [0m Running BKZ-8 [0m [0m Running BKZ-29 [0m [0m Running BKZ-15 [0m [0m Running BKZ-30 [0m [0m Running BKZ-37 [0m [0m Running BKZ-38 [0m [0m Running BKZ-6 [0m [0m Running BKZ-26 [0m [0m Running BKZ-42 [0m [0m Running BKZ-16 [0m [0m Running BKZ-45 [0m [0m Running BKZ-9 [0m [0m Running BKZ-47 [0m [0m Running BKZ-26 [0m [0m Running BKZ-31 [0m [0m Running BKZ-17 [0m [0m Running BKZ-38 [0m [0m Running BKZ-39 [0m [0m Running BKZ-38 [0m [0m Running BKZ-2 [0m [0m Running BKZ-33 [0m [0m Running BKZ-30 [0m [0m Running BKZ-10 [0m [0m Running BKZ-18 [0m [0m Running BKZ-39 [0m [0m Running BKZ-7 [0m [0m Running BKZ-32 [0m [0m Running BKZ-27 [0m [0m Running BKZ-39 [0m [0m Running BKZ-29 [0m error
[4;37m      Build EBDD from LWE      [0m
[1;33m n=128 	 m=128 	 q=3329 [0m
[0m Running BKZ-41 [0m [0m Running BKZ-38 [0m [0m Running BKZ-39 [0m [0m Running BKZ-19 [0m [0m Running BKZ-43 [0m [4;37m       Attack Estimation      [0m
[1;33m dim=256 	 δ=1.012119 	 β=49.40  [0m
[0m  [0m
[0m Running BKZ-11 [0m [0m Running BKZ-34 [0m [0m Running BKZ-39 [0m [0m Running BKZ-27 [0m [0m Running BKZ-31 [0m [0m Running BKZ-20 [0m [0m Running BKZ-33 [0m [0m Running BKZ-8 [0m [0m Running BKZ-47 [0m [0m Running BKZ-28 [0m [0m Running BKZ-12 [0m [0m Running BKZ-40 [0m [0m Running BKZ-40 [0m [0m Running BKZ-21 [0m [0m Running BKZ-34 [0m [0m Running BKZ-40 [0m [0m Running BKZ-39 [0m error
[4;37m      Build EBDD from LWE      [0m
[1;33m n=128 	 m=128 	 q=3329 [0m
[0m Running BKZ-42 [0m [0m Running BKZ-44 [0m [0m Running BKZ-32 [0m [0m Running BKZ-40 [0m [0m Running BKZ-40 [0m [0m Running BKZ-9 [0m [4;37m       Attack Estimation      [0m
[1;33m dim=256 	 δ=1.012119 	 β=49.40  [0m
[0m  [0m
[0m Running BKZ-28 [0m [0m Running BKZ-13 [0m [0m Running BKZ-30 [0m [0m Running BKZ-35 [0m [0m Running BKZ-22 [0m [0m Running BKZ-10 [0m [0m Running BKZ-35 [0m [0m Running BKZ-41 [0m [0m Running BKZ-11 [0m [0m Running BKZ-33 [0m [0m Running BKZ-41 [0m [0m Running BKZ-14 [0m [0m Running BKZ-41 [0m [0m Running BKZ-36 [0m [0m Running BKZ-12 [0m [0m Running BKZ-39 [0m [0m Running BKZ-41 [0m [0m Running BKZ-40 [0m [0m Running BKZ-41 [0m [0m Running BKZ-43 [0m [0m Running BKZ-13 [0m [0m Running BKZ-29 [0m [0m Running BKZ-46 [0m [0m Running BKZ-45 [0m [0m Running BKZ-36 [0m [0m Running BKZ-15 [0m [0m Running BKZ-37 [0m β= 2,	 pr=5.9861e-44, 	 cum-pr=5.9861e-44 	 rem-pr=1.0000e+00
β= 3,	 pr=1.3339e-40, 	 cum-pr=1.3345e-40 	 rem-pr=1.0000e+00
β= 4,	 pr=7.1719e-39, 	 cum-pr=7.3054e-39 	 rem-pr=1.0000e+00
β= 5,	 pr=9.9782e-38, 	 cum-pr=1.0709e-37 	 rem-pr=1.0000e+00
β= 6,	 pr=7.1767e-37, 	 cum-pr=8.2476e-37 	 rem-pr=1.0000e+00
β= 7,	 pr=3.5142e-36, 	 cum-pr=4.3390e-36 	 rem-pr=1.0000e+00
β= 8,	 pr=1.3859e-35, 	 cum-pr=1.8198e-35 	 rem-pr=1.0000e+00
β= 9,	 pr=4.8161e-35, 	 cum-pr=6.6359e-35 	 rem-pr=1.0000e+00
β= 10,	 pr=1.5391e-34, 	 cum-pr=2.2027e-34 	 rem-pr=1.0000e+00
β= 11,	 pr=4.8422e-34, 	 cum-pr=7.0449e-34 	 rem-pr=1.0000e+00
β= 12,	 pr=1.5680e-33, 	 cum-pr=2.2725e-33 	 rem-pr=1.0000e+00
β= 13,	 pr=5.2008e-33, 	 cum-pr=7.4733e-33 	 rem-pr=1.0000e+00
β= 14,	 pr=1.8554e-32, 	 cum-pr=2.6028e-32 	 rem-pr=1.0000e+00
β= 15,	 pr=7.4084e-32, 	 cum-pr=1.0011e-31 	 rem-pr=1.0000e+00
β= 16,	 pr=3.5144e-31, 	 cum-pr=4.5156e-31 	 rem-pr=1.0000e+00
β= 17,	 pr=1.8098e-30, 	 cum-pr=2.2613e-30 	 rem-pr=1.0000e+00
β= 18,	 pr=1.0442e-29, 	 cum-pr=1.2703e-29 	 rem-pr=1.0000e+00
β= 19,	 pr=7.8490e-29, 	 cum-pr=9.1193e-29 	 rem-pr=1.0000e+00
β= 20,	 pr=6.4021e-28, 	 cum-pr=7.3140e-28 	 rem-pr=1.0000e+00
β= 21,	 pr=5.3173e-27, 	 cum-pr=6.0487e-27 	 rem-pr=1.0000e+00
β= 22,	 pr=4.2968e-26, 	 cum-pr=4.9017e-26 	 rem-pr=1.0000e+00
β= 23,	 pr=5.2357e-25, 	 cum-pr=5.7259e-25 	 rem-pr=1.0000e+00
β= 24,	 pr=7.7057e-24, 	 cum-pr=8.2783e-24 	 rem-pr=1.0000e+00
β= 25,	 pr=1.1905e-22, 	 cum-pr=1.2732e-22 	 rem-pr=1.0000e+00
β= 26,	 pr=1.6830e-21, 	 cum-pr=1.8104e-21 	 rem-pr=1.0000e+00
β= 27,	 pr=1.8692e-20, 	 cum-pr=2.0503e-20 	 rem-pr=1.0000e+00
β= 28,	 pr=1.9502e-19, 	 cum-pr=2.1553e-19 	 rem-pr=1.0000e+00
β= 29,	 pr=2.1878e-18, 	 cum-pr=2.4034e-18 	 rem-pr=1.0000e+00
β= 30,	 pr=2.7542e-17, 	 cum-pr=2.9945e-17 	 rem-pr=1.0000e+00
β= 31,	 pr=4.0960e-16, 	 cum-pr=4.3954e-16 	 rem-pr=1.0000e+00
β= 32,	 pr=6.6776e-15, 	 cum-pr=7.1171e-15 	 rem-pr=1.0000e+00
β= 33,	 pr=8.4669e-14, 	 cum-pr=9.1786e-14 	 rem-pr=1.0000e+00
β= 34,	 pr=1.1201e-12, 	 cum-pr=1.2119e-12 	 rem-pr=1.0000e+00
β= 35,	 pr=1.1084e-11, 	 cum-pr=1.2296e-11 	 rem-pr=1.0000e+00
β= 36,	 pr=9.5031e-11, 	 cum-pr=1.0733e-10 	 rem-pr=1.0000e+00
β= 37,	 pr=6.5653e-10, 	 cum-pr=7.6386e-10 	 rem-pr=1.0000e+00
β= 38,	 pr=3.8364e-09, 	 cum-pr=4.6003e-09 	 rem-pr=1.0000e+00
β= 39,	 pr=2.1832e-08, 	 cum-pr=2.6433e-08 	 rem-pr=1.0000e+00
β= 40,	 pr=1.0086e-07, 	 cum-pr=1.2729e-07 	 rem-pr=1.0000e+00
β= 41,	 pr=4.5789e-07, 	 cum-pr=5.8518e-07 	 rem-pr=1.0000e+00
β= 42,	 pr=1.9505e-06, 	 cum-pr=2.5357e-06 	 rem-pr=1.0000e+00
β= 43,	 pr=1.0677e-05, 	 cum-pr=1.3212e-05 	 rem-pr=9.9999e-01
β= 44,	 pr=4.3851e-05, 	 cum-pr=5.7062e-05 	 rem-pr=9.9994e-01
β= 45,	 pr=1.7188e-04, 	 cum-pr=2.2893e-04 	 rem-pr=9.9977e-01
β= 46,	 pr=7.7774e-04, 	 cum-pr=1.0065e-03 	 rem-pr=9.9899e-01
β= 47,	 pr=2.5662e-03, 	 cum-pr=3.5701e-03 	 rem-pr=9.9643e-01
β= 48,	 pr=7.4510e-03, 	 cum-pr=1.0995e-02 	 rem-pr=9.8901e-01
β= 49,	 pr=1.9066e-02, 	 cum-pr=2.9851e-02 	 rem-pr=9.7015e-01
β= 50,	 pr=4.3193e-02, 	 cum-pr=7.1755e-02 	 rem-pr=9.2825e-01
β= 51,	 pr=8.7109e-02, 	 cum-pr=1.5261e-01 	 rem-pr=8.4739e-01
β= 52,	 pr=1.5740e-01, 	 cum-pr=2.8599e-01 	 rem-pr=7.1401e-01
β= 53,	 pr=2.5665e-01, 	 cum-pr=4.6924e-01 	 rem-pr=5.3076e-01
β= 54,	 pr=3.8063e-01, 	 cum-pr=6.7127e-01 	 rem-pr=3.2873e-01
β= 55,	 pr=5.1794e-01, 	 cum-pr=8.4153e-01 	 rem-pr=1.5847e-01
β= 56,	 pr=6.5299e-01, 	 cum-pr=9.4501e-01 	 rem-pr=5.4991e-02
β= 57,	 pr=7.7097e-01, 	 cum-pr=9.8741e-01 	 rem-pr=1.2594e-02
β= 58,	 pr=8.6251e-01, 	 cum-pr=9.9827e-01 	 rem-pr=1.7317e-03
β= 59,	 pr=9.2547e-01, 	 cum-pr=9.9987e-01 	 rem-pr=1.2905e-04
[4;37m       Attack Estimation      [0m
[1;33m dim=256 	 	 	 β=53.53  [0m
[0m  [0m
[4;37m       Running the Attack      [0m
[0m Running BKZ-14 [0m [0m Running BKZ-47 [0m [0m Running BKZ-23 [0m [0m Running BKZ-34 [0m β= 2,	 pr=5.9861e-44, 	 cum-pr=5.9861e-44 	 rem-pr=1.0000e+00
β= 3,	 pr=1.3339e-40, 	 cum-pr=1.3345e-40 	 rem-pr=1.0000e+00
β= 4,	 pr=7.1719e-39, 	 cum-pr=7.3054e-39 	 rem-pr=1.0000e+00
β= 5,	 pr=9.9782e-38, 	 cum-pr=1.0709e-37 	 rem-pr=1.0000e+00
β= 6,	 pr=7.1767e-37, 	 cum-pr=8.2476e-37 	 rem-pr=1.0000e+00
β= 7,	 pr=3.5142e-36, 	 cum-pr=4.3390e-36 	 rem-pr=1.0000e+00
β= 8,	 pr=1.3859e-35, 	 cum-pr=1.8198e-35 	 rem-pr=1.0000e+00
β= 9,	 pr=4.8161e-35, 	 cum-pr=6.6359e-35 	 rem-pr=1.0000e+00
β= 10,	 pr=1.5391e-34, 	 cum-pr=2.2027e-34 	 rem-pr=1.0000e+00
β= 11,	 pr=4.8422e-34, 	 cum-pr=7.0449e-34 	 rem-pr=1.0000e+00
β= 12,	 pr=1.5680e-33, 	 cum-pr=2.2725e-33 	 rem-pr=1.0000e+00
β= 13,	 pr=5.2008e-33, 	 cum-pr=7.4733e-33 	 rem-pr=1.0000e+00
β= 14,	 pr=1.8554e-32, 	 cum-pr=2.6028e-32 	 rem-pr=1.0000e+00
β= 15,	 pr=7.4084e-32, 	 cum-pr=1.0011e-31 	 rem-pr=1.0000e+00
β= 16,	 pr=3.5144e-31, 	 cum-pr=4.5156e-31 	 rem-pr=1.0000e+00
β= 17,	 pr=1.8098e-30, 	 cum-pr=2.2613e-30 	 rem-pr=1.0000e+00
β= 18,	 pr=1.0442e-29, 	 cum-pr=1.2703e-29 	 rem-pr=1.0000e+00
β= 19,	 pr=7.8490e-29, 	 cum-pr=9.1193e-29 	 rem-pr=1.0000e+00
β= 20,	 pr=6.4021e-28, 	 cum-pr=7.3140e-28 	 rem-pr=1.0000e+00
β= 21,	 pr=5.3173e-27, 	 cum-pr=6.0487e-27 	 rem-pr=1.0000e+00
β= 22,	 pr=4.2968e-26, 	 cum-pr=4.9017e-26 	 rem-pr=1.0000e+00
β= 23,	 pr=5.2357e-25, 	 cum-pr=5.7259e-25 	 rem-pr=1.0000e+00
β= 24,	 pr=7.7057e-24, 	 cum-pr=8.2783e-24 	 rem-pr=1.0000e+00
β= 25,	 pr=1.1905e-22, 	 cum-pr=1.2732e-22 	 rem-pr=1.0000e+00
β= 26,	 pr=1.6830e-21, 	 cum-pr=1.8104e-21 	 rem-pr=1.0000e+00
β= 27,	 pr=1.8692e-20, 	 cum-pr=2.0503e-20 	 rem-pr=1.0000e+00
β= 28,	 pr=1.9502e-19, 	 cum-pr=2.1553e-19 	 rem-pr=1.0000e+00
β= 29,	 pr=2.1878e-18, 	 cum-pr=2.4034e-18 	 rem-pr=1.0000e+00
β= 30,	 pr=2.7542e-17, 	 cum-pr=2.9945e-17 	 rem-pr=1.0000e+00
β= 31,	 pr=4.0960e-16, 	 cum-pr=4.3954e-16 	 rem-pr=1.0000e+00
β= 32,	 pr=6.6776e-15, 	 cum-pr=7.1171e-15 	 rem-pr=1.0000e+00
β= 33,	 pr=8.4669e-14, 	 cum-pr=9.1786e-14 	 rem-pr=1.0000e+00
β= 34,	 pr=1.1201e-12, 	 cum-pr=1.2119e-12 	 rem-pr=1.0000e+00
β= 35,	 pr=1.1084e-11, 	 cum-pr=1.2296e-11 	 rem-pr=1.0000e+00
β= 36,	 pr=9.5031e-11, 	 cum-pr=1.0733e-10 	 rem-pr=1.0000e+00
β= 37,	 pr=6.5653e-10, 	 cum-pr=7.6386e-10 	 rem-pr=1.0000e+00
β= 38,	 pr=3.8364e-09, 	 cum-pr=4.6003e-09 	 rem-pr=1.0000e+00
β= 39,	 pr=2.1832e-08, 	 cum-pr=2.6433e-08 	 rem-pr=1.0000e+00
β= 40,	 pr=1.0086e-07, 	 cum-pr=1.2729e-07 	 rem-pr=1.0000e+00
β= 41,	 pr=4.5789e-07, 	 cum-pr=5.8518e-07 	 rem-pr=1.0000e+00
β= 42,	 pr=1.9505e-06, 	 cum-pr=2.5357e-06 	 rem-pr=1.0000e+00
β= 43,	 pr=1.0677e-05, 	 cum-pr=1.3212e-05 	 rem-pr=9.9999e-01
β= 44,	 pr=4.3851e-05, 	 cum-pr=5.7062e-05 	 rem-pr=9.9994e-01
β= 45,	 pr=1.7188e-04, 	 cum-pr=2.2893e-04 	 rem-pr=9.9977e-01
β= 46,	 pr=7.7774e-04, 	 cum-pr=1.0065e-03 	 rem-pr=9.9899e-01
β= 47,	 pr=2.5662e-03, 	 cum-pr=3.5701e-03 	 rem-pr=9.9643e-01
β= 48,	 pr=7.4510e-03, 	 cum-pr=1.0995e-02 	 rem-pr=9.8901e-01
β= 49,	 pr=1.9066e-02, 	 cum-pr=2.9851e-02 	 rem-pr=9.7015e-01
β= 50,	 pr=4.3193e-02, 	 cum-pr=7.1755e-02 	 rem-pr=9.2825e-01
β= 51,	 pr=8.7109e-02, 	 cum-pr=1.5261e-01 	 rem-pr=8.4739e-01
β= 52,	 pr=1.5740e-01, 	 cum-pr=2.8599e-01 	 rem-pr=7.1401e-01
β= 53,	 pr=2.5665e-01, 	 cum-pr=4.6924e-01 	 rem-pr=5.3076e-01
β= 54,	 pr=3.8063e-01, 	 cum-pr=6.7127e-01 	 rem-pr=3.2873e-01
β= 55,	 pr=5.1794e-01, 	 cum-pr=8.4153e-01 	 rem-pr=1.5847e-01
β= 56,	 pr=6.5299e-01, 	 cum-pr=9.4501e-01 	 rem-pr=5.4991e-02
β= 57,	 pr=7.7097e-01, 	 cum-pr=9.8741e-01 	 rem-pr=1.2594e-02
β= 58,	 pr=8.6251e-01, 	 cum-pr=9.9827e-01 	 rem-pr=1.7317e-03
β= 59,	 pr=9.2547e-01, 	 cum-pr=9.9987e-01 	 rem-pr=1.2905e-04
[4;37m       Attack Estimation      [0m
[1;33m dim=256 	 	 	 β=53.53  [0m
[0m  [0m
[4;37m       Running the Attack      [0m
[0m Running BKZ-15 [0m [0m Running BKZ-42 [0m [0m Running BKZ-31 [0m [0m Running BKZ-42 [0m [0m Running BKZ-42 [0m [0m Running BKZ-42 [0m [0m Running BKZ-16 [0m [0m Running BKZ-16 [0m [0m Running BKZ-37 [0m [0m Running BKZ-42 [0m [0m Running BKZ-38 [0m [0m Running BKZ-41 [0m [0m Running BKZ-17 [0m [0m Running BKZ-30 [0m [0m Running BKZ-44 [0m [0m Running BKZ-35 [0m [0m Running BKZ-18 [0m [0m Running BKZ-17 [0m [0m Running BKZ-39 [0m [0m Running BKZ-43 [0m [0m Running BKZ-38 [0m [0m Running BKZ-19 [0m [0m Running BKZ-43 [0m [0m Running BKZ-43 [0m [0m Running BKZ-3 [0m [0m Running BKZ-24 [0m [0m Running BKZ-43 [0m [0m Running BKZ-40 [0m [0m Running BKZ-20 [0m [0m Running BKZ-43 [0m [0m Running BKZ-40 [0m [0m Running BKZ-48 [0m error
[-1  1  2  0  2 -1  0  0 -3  0 -1 -1  1  1 -2  1  3  1  0  2  0  1  0  2  2  0 -1  0  1  0  0  0  1  0  0  0 -2  1  0 -2  1  0  1 -1  2  2  0  3  1  0  1  1  0 -2 -2  2  1 -1  2  0  1 -1  3 -1 -1  0  0  0  0 -1 -2  0  0  0  2 -1  2 -2  0  1  1  1 -1  2  0  0 -1  0  2  1 -1  1  0  0  0  0  1  1 -1 -1 -1 -1  1  0 -3  0  1  0  1  2  1  1  1  0 -1 -1 -1 -2  0  0  2 -1  1 -1 -1  1 -1  0]
[1;37m integrate approx hint [0m [0m (conditionning) [0m [0m Running BKZ-42 [0m [0m Running BKZ-18 [0m [3;31m 	 Unworthy hint, Forced it. [0m
[1;37m integrate approx hint [0m [0m (conditionning) [0m [3;31m 	 Unworthy hint, Forced it. [0m
[1;37m integrate approx hint [0m [0m (conditionning) [0m [3;31m 	 Unworthy hint, Forced it. [0m
[1;37m integrate approx hint [0m [0m (conditionning) [0m [0m Running BKZ-36 [0m [3;31m 	 Unworthy hint, Forced it. [0m
[1;37m integrate approx hint [0m [0m (conditionning) [0m [3;31m 	 Unworthy hint, Forced it. [0m
[1;37m integrate approx hint [0m [0m (conditionning) [0m [0m Running BKZ-39 [0m [3;31m 	 Unworthy hint, Forced it. [0m
[1;37m integrate approx hint [0m [0m (conditionning) [0m [0m Running BKZ-31 [0m [0m Running BKZ-21 [0m [3;31m 	 Unworthy hint, Forced it. [0m
[1;37m integrate approx hint [0m [0m (conditionning) [0m [0m Running BKZ-4 [0m [3;31m 	 Unworthy hint, Forced it. [0m
[1;37m integrate approx hint [0m [0m (conditionning) [0m [3;31m 	 Unworthy hint, Forced it. [0m
[1;37m integrate approx hint [0m [0m (conditionning) [0m [3;31m 	 Unworthy hint, Forced it. [0m
[1;37m integrate approx hint [0m [0m (conditionning) [0m [3;31m 	 Unworthy hint, Forced it. [0m
[1;37m integrate approx hint [0m [0m (conditionning) [0m [3;31m 	 Unworthy hint, Forced it. [0m
[1;37m integrate approx hint [0m [0m (conditionning) [0m [0m Running BKZ-44 [0m [3;31m 	 Unworthy hint, Forced it. [0m
[1;37m integrate approx hint [0m [0m (conditionning) [0m [3;31m 	 Unworthy hint, Forced it. [0m
[1;37m integrate approx hint [0m [0m (conditionning) [0m [0m Running BKZ-45 [0m [3;31m 	 Unworthy hint, Forced it. [0m
[1;37m integrate approx hint [0m [0m (conditionning) [0m [3;31m 	 Unworthy hint, Forced it. [0m
[1;37m integrate approx hint [0m [0m (conditionning) [0m [0m Running BKZ-44 [0m [3;31m 	 Unworthy hint, Forced it. [0m
[1;37m integrate approx hint [0m [0m (conditionning) [0m [0m Running BKZ-41 [0m [3;31m 	 Unworthy hint, Forced it. [0m
[1;37m integrate approx hint [0m [0m (conditionning) [0m [0m Running BKZ-22 [0m [3;31m 	 Unworthy hint, Forced it. [0m
[1;37m integrate approx hint [0m [0m (conditionning) [0m [3;31m 	 Unworthy hint, Forced it. [0m
[1;37m integrate approx hint [0m [0m (conditionning) [0m [3;31m 	 Unworthy hint, Forced it. [0m
[1;37m integrate approx hint [0m [0m (conditionning) [0m [0m Running BKZ-19 [0m [0m Running BKZ-5 [0m [3;31m 	 Unworthy hint, Forced it. [0m
[1;37m integrate approx hint [0m [0m (conditionning) [0m [0m Running BKZ-44 [0m [3;31m 	 Unworthy hint, Forced it. [0m
[1;37m integrate approx hint [0m [0m (conditionning) [0m [3;31m 	 Unworthy hint, Forced it. [0m
[1;37m integrate approx hint [0m [0m (conditionning) [0m [0m Running BKZ-44 [0m [0m Running BKZ-40 [0m [0m Running BKZ-23 [0m [3;31m 	 Unworthy hint, Forced it. [0m
[1;37m integrate approx hint [0m [0m (conditionning) [0m [3;31m 	 Unworthy hint, Forced it. [0m
[1;37m integrate approx hint [0m [0m (conditionning) [0m [0m Running BKZ-37 [0m [3;31m 	 Unworthy hint, Forced it. [0m
[1;37m integrate approx hint [0m [0m (conditionning) [0m [0m Running BKZ-25 [0m [3;31m 	 Unworthy hint, Forced it. [0m
[1;37m integrate approx hint [0m [0m (conditionning) [0m [0m Running BKZ-42 [0m [3;31m 	 Unworthy hint, Forced it. [0m
[1;37m integrate approx hint [0m [0m (conditionning) [0m [0m Running BKZ-24 [0m [3;31m 	 Unworthy hint, Forced it. [0m
[1;37m integrate approx hint [0m [0m (conditionning) [0m [0m Running BKZ-43 [0m [3;31m 	 Unworthy hint, Forced it. [0m
[1;37m integrate approx hint [0m [0m (conditionning) [0m [3;31m 	 Unworthy hint, Forced it. [0m
[1;37m integrate approx hint [0m [0m (conditionning) [0m [0m Running BKZ-32 [0m [3;31m 	 Unworthy hint, Forced it. [0m
[1;37m integrate approx hint [0m [0m (conditionning) [0m [0m Running BKZ-6 [0m [0m Running BKZ-44 [0m [3;31m 	 Unworthy hint, Forced it. [0m
[1;37m integrate approx hint [0m [0m (conditionning) [0m [0m Running BKZ-20 [0m [3;31m 	 Unworthy hint, Forced it. [0m
[1;37m integrate approx hint [0m [0m (conditionning) [0m [0m Running BKZ-47 [0m [3;31m 	 Unworthy hint, Forced it. [0m
[1;37m integrate approx hint [0m [0m (conditionning) [0m [3;31m 	 Unworthy hint, Forced it. [0m
[1;37m integrate approx hint [0m [0m (conditionning) [0m [0m Running BKZ-45 [0m [0m Running BKZ-48 [0m [3;31m 	 Unworthy hint, Forced it. [0m
[1;37m integrate approx hint [0m [0m (conditionning) [0m [0m Running BKZ-45 [0m [3;31m 	 Unworthy hint, Forced it. [0m
[1;37m integrate approx hint [0m [0m (conditionning) [0m [3;31m 	 Unworthy hint, Forced it. [0m
[1;37m integrate approx hint [0m [0m (conditionning) [0m [3;31m 	 Unworthy hint, Forced it. [0m
[1;37m integrate approx hint [0m [0m (conditionning) [0m [0m Running BKZ-41 [0m [0m Running BKZ-25 [0m [3;31m 	 Unworthy hint, Forced it. [0m
[1;37m integrate approx hint [0m [0m (conditionning) [0m [3;31m 	 Unworthy hint, Forced it. [0m
[1;37m integrate approx hint [0m [0m (conditionning) [0m [3;31m 	 Unworthy hint, Forced it. [0m
[1;37m integrate approx hint [0m [0m (conditionning) [0m [3;31m 	 Unworthy hint, Forced it. [0m
[1;37m integrate approx hint [0m [0m (conditionning) [0m [3;31m 	 Unworthy hint, Forced it. [0m
[1;37m integrate approx hint [0m [0m (conditionning) [0m [3;31m 	 Unworthy hint, Forced it. [0m
[1;37m integrate approx hint [0m [0m (conditionning) [0m [3;31m 	 Unworthy hint, Forced it. [0m
[1;37m integrate approx hint [0m [0m (conditionning) [0m [3;31m 	 Unworthy hint, Forced it. [0m
[1;37m integrate approx hint [0m [0m (conditionning) [0m [3;31m 	 Unworthy hint, Forced it. [0m
[1;37m integrate approx hint [0m [0m (conditionning) [0m [3;31m 	 Unworthy hint, Forced it. [0m
[1;37m integrate approx hint [0m [0m (conditionning) [0m [0m Running BKZ-45 [0m [3;31m 	 Unworthy hint, Forced it. [0m
[1;37m integrate approx hint [0m [0m (conditionning) [0m [0m Running BKZ-38 [0m [3;31m 	 Unworthy hint, Forced it. [0m
[1;37m integrate approx hint [0m [0m (conditionning) [0m [0m Running BKZ-41 [0m [3;31m 	 Unworthy hint, Forced it. [0m
[1;37m integrate approx hint [0m [0m (conditionning) [0m [0m Running BKZ-43 [0m [0m Running BKZ-45 [0m [3;31m 	 Unworthy hint, Forced it. [0m
[1;37m integrate approx hint [0m [0m (conditionning) [0m [0m Running BKZ-7 [0m [3;31m 	 Unworthy hint, Forced it. [0m
[1;37m integrate approx hint [0m [0m (conditionning) [0m [3;31m 	 Unworthy hint, Forced it. [0m
[1;37m integrate approx hint [0m [0m (conditionning) [0m [0m Running BKZ-21 [0m [3;31m 	 Unworthy hint, Forced it. [0m
[1;37m integrate approx hint [0m [0m (conditionning) [0m [3;32m 	 Worthy hint ! [0m [1;33m dim=256, δ=1.00542137, β=253.06 [0m
[1;37m integrate approx hint [0m [0m (conditionning) [0m [3;32m 	 Worthy hint ! [0m [1;33m dim=256, δ=1.00551641, β=246.24 [0m
[1;37m integrate approx hint [0m [0m (conditionning) [0m [3;32m 	 Worthy hint ! [0m [1;33m dim=256, δ=1.00561003, β=239.65 [0m
[1;37m integrate approx hint [0m [0m (conditionning) [0m [3;32m 	 Worthy hint ! [0m [1;33m dim=256, δ=1.00571009, β=233.29 [0m
[1;37m integrate approx hint [0m [0m (conditionning) [0m [3;32m 	 Worthy hint ! [0m [1;33m dim=256, δ=1.00580898, β=227.15 [0m
[1;37m integrate approx hint [0m [0m (conditionning) [0m [3;32m 	 Worthy hint ! [0m [1;33m dim=256, δ=1.00590666, β=221.21 [0m
[1;37m integrate approx hint [0m [0m (conditionning) [0m [0m Running BKZ-42 [0m [3;32m 	 Worthy hint ! [0m [1;33m dim=256, δ=1.00600303, β=215.46 [0m
[1;37m integrate approx hint [0m [0m (conditionning) [0m [0m Running BKZ-45 [0m [3;32m 	 Worthy hint ! [0m [1;33m dim=256, δ=1.00609806, β=209.90 [0m
[1;37m integrate approx hint [0m [0m (conditionning) [0m [0m Running BKZ-26 [0m [3;32m 	 Worthy hint ! [0m [1;33m dim=256, δ=1.00620067, β=204.52 [0m
[1;37m integrate approx hint [0m [0m (conditionning) [0m [3;32m 	 Worthy hint ! [0m [1;33m dim=256, δ=1.00630225, β=199.32 [0m
[1;37m integrate approx hint [0m [0m (conditionning) [0m [3;32m 	 Worthy hint ! [0m [1;33m dim=256, δ=1.00640274, β=194.27 [0m
[1;37m integrate approx hint [0m [0m (conditionning) [0m [0m Running BKZ-44 [0m [3;32m 	 Worthy hint ! [0m [1;33m dim=256, δ=1.00650210, β=189.39 [0m
[1;37m integrate approx hint [0m [0m (conditionning) [0m [3;32m 	 Worthy hint ! [0m [1;33m dim=256, δ=1.00660025, β=184.65 [0m
[1;37m integrate approx hint [0m [0m (conditionning) [0m [3;32m 	 Worthy hint ! [0m [1;33m dim=256, δ=1.00670729, β=180.06 [0m
[1;37m integrate approx hint [0m [0m (conditionning) [0m [0m Running BKZ-22 [0m [3;32m 	 Worthy hint ! [0m [1;33m dim=256, δ=1.00680310, β=175.61 [0m
[1;37m integrate approx hint [0m [0m (conditionning) [0m [3;32m 	 Worthy hint ! [0m [1;33m dim=256, δ=1.00690819, β=171.29 [0m
[1;37m integrate approx hint [0m [0m (conditionning) [0m [3;32m 	 Worthy hint ! [0m [1;33m dim=256, δ=1.00701235, β=167.11 [0m
[1;37m integrate approx hint [0m [0m (conditionning) [0m [3;32m 	 Worthy hint ! [0m [1;33m dim=256, δ=1.00711555, β=163.04 [0m
[1;37m integrate approx hint [0m [0m (conditionning) [0m [0m Running BKZ-8 [0m [3;32m 	 Worthy hint ! [0m [1;33m dim=256, δ=1.00721773, β=159.09 [0m
[1;37m integrate approx hint [0m [0m (conditionning) [0m [3;32m 	 Worthy hint ! [0m [1;33m dim=256, δ=1.00731884, β=155.26 [0m
[1;37m integrate approx hint [0m [0m (conditionning) [0m [3;32m 	 Worthy hint ! [0m [1;33m dim=256, δ=1.00741883, β=151.53 [0m
[1;37m integrate approx hint [0m [0m (conditionning) [0m [3;32m 	 Worthy hint ! [0m [1;33m dim=256, δ=1.00751763, β=147.91 [0m
[1;37m integrate approx hint [0m [0m (conditionning) [0m [0m Running BKZ-42 [0m [0m Running BKZ-39 [0m [3;32m 	 Worthy hint ! [0m [1;33m dim=256, δ=1.00762769, β=144.39 [0m
[1;37m integrate approx hint [0m [0m (conditionning) [0m [3;32m 	 Worthy hint ! [0m [1;33m dim=256, δ=1.00772426, β=140.97 [0m
[1;37m integrate approx hint [0m [0m (conditionning) [0m [3;32m 	 Worthy hint ! [0m [1;33m dim=256, δ=1.00783260, β=137.64 [0m
[1;37m integrate approx hint [0m [0m (conditionning) [0m [0m Running BKZ-44 [0m [3;32m 	 Worthy hint ! [0m [1;33m dim=256, δ=1.00794009, β=134.40 [0m
[1;37m integrate approx hint [0m [0m (conditionning) [0m [3;32m 	 Worthy hint ! [0m [1;33m dim=256, δ=1.00804674, β=131.25 [0m
[1;37m integrate approx hint [0m [0m (conditionning) [0m [3;32m 	 Worthy hint ! [0m [1;33m dim=256, δ=1.00815253, β=128.18 [0m
[1;37m integrate approx hint [0m [0m (conditionning) [0m [3;32m 	 Worthy hint ! [0m [1;33m dim=256, δ=1.00825742, β=125.19 [0m
[1;37m integrate approx hint [0m [0m (conditionning) [0m [3;32m 	 Worthy hint ! [0m [1;33m dim=256, δ=1.00836137, β=122.28 [0m
[1;37m integrate approx hint [0m [0m (conditionning) [0m [0m Running BKZ-23 [0m [0m Running BKZ-43 [0m [3;32m 	 Worthy hint ! [0m [1;33m dim=256, δ=1.00846433, β=119.44 [0m
[1;37m integrate approx hint [0m [0m (conditionning) [0m [3;32m 	 Worthy hint ! [0m [1;33m dim=256, δ=1.00856626, β=116.67 [0m
[1;37m integrate approx hint [0m [0m (conditionning) [0m [3;32m 	 Worthy hint ! [0m [1;33m dim=256, δ=1.00866709, β=113.97 [0m
[1;37m integrate approx hint [0m [0m (conditionning) [0m [3;32m 	 Worthy hint ! [0m [1;33m dim=256, δ=1.00878274, β=111.33 [0m
[1;37m integrate approx hint [0m [0m (conditionning) [0m [3;32m 	 Worthy hint ! [0m [1;33m dim=256, δ=1.00888162, β=108.76 [0m
[1;37m integrate approx hint [0m [0m (conditionning) [0m [3;32m 	 Worthy hint ! [0m [1;33m dim=256, δ=1.00899594, β=106.25 [0m
[1;37m integrate approx hint [0m [0m (conditionning) [0m [0m Running BKZ-9 [0m [3;32m 	 Worthy hint ! [0m [1;33m dim=256, δ=1.00909273, β=103.80 [0m
[1;37m integrate approx hint [0m [0m (conditionning) [0m [0m Running BKZ-27 [0m [0m Running BKZ-48 [0m [3;32m 	 Worthy hint ! [0m [1;33m dim=256, δ=1.00920559, β=101.41 [0m
[1;37m integrate approx hint [0m [0m (conditionning) [0m [3;32m 	 Worthy hint ! [0m [1;33m dim=256, δ=1.00931782, β=99.07 [0m
[1;37m integrate approx hint [0m [0m (conditionning) [0m [3;32m 	 Worthy hint ! [0m [1;33m dim=256, δ=1.00941133, β=96.78 [0m
[1;37m integrate approx hint [0m [0m (conditionning) [0m [3;32m 	 Worthy hint ! [0m [1;33m dim=256, δ=1.00952190, β=94.54 [0m
[1;37m integrate approx hint [0m [0m (conditionning) [0m [3;32m 	 Worthy hint ! [0m [1;33m dim=256, δ=1.00963177, β=92.35 [0m
[1;37m integrate approx hint [0m [0m (conditionning) [0m [3;32m 	 Worthy hint ! [0m [1;33m dim=256, δ=1.00974090, β=90.21 [0m
[1;37m integrate approx hint [0m [0m (conditionning) [0m [3;32m 	 Worthy hint ! [0m [1;33m dim=256, δ=1.00984925, β=88.11 [0m
[1;37m integrate approx hint [0m [0m (conditionning) [0m [3;32m 	 Worthy hint ! [0m [1;33m dim=256, δ=1.00995681, β=86.06 [0m
[1;37m integrate approx hint [0m [0m (conditionning) [0m [3;32m 	 Worthy hint ! [0m [1;33m dim=256, δ=1.01006355, β=84.04 [0m
[1;37m integrate approx hint [0m [0m (conditionning) [0m [3;32m 	 Worthy hint ! [0m [1;33m dim=256, δ=1.01016940, β=82.07 [0m
[1;37m integrate approx hint [0m [0m (conditionning) [0m [0m Running BKZ-24 [0m [0m Running BKZ-43 [0m [3;32m 	 Worthy hint ! [0m [1;33m dim=256, δ=1.01027435, β=80.13 [0m
[1;37m integrate approx hint [0m [0m (conditionning) [0m [0m Running BKZ-45 [0m [3;32m 	 Worthy hint ! [0m [1;33m dim=256, δ=1.01037835, β=78.23 [0m
[1;37m integrate approx hint [0m [0m (conditionning) [0m [3;32m 	 Worthy hint ! [0m [1;33m dim=256, δ=1.01048134, β=76.36 [0m
[1;37m integrate approx hint [0m [0m (conditionning) [0m [3;32m 	 Worthy hint ! [0m [1;33m dim=256, δ=1.01058327, β=74.52 [0m
[1;37m integrate approx hint [0m [0m (conditionning) [0m [0m Running BKZ-45 [0m [3;32m 	 Worthy hint ! [0m [1;33m dim=256, δ=1.01068407, β=72.72 [0m
[1;37m integrate approx hint [0m [0m (conditionning) [0m [3;32m 	 Worthy hint ! [0m [1;33m dim=256, δ=1.01078372, β=70.94 [0m
[1;37m integrate approx hint [0m [0m (conditionning) [0m [0m Running BKZ-10 [0m [3;32m 	 Worthy hint ! [0m [1;33m dim=256, δ=1.01090676, β=69.19 [0m
[1;37m integrate approx hint [0m [0m (conditionning) [0m [3;32m 	 Worthy hint ! [0m [1;33m dim=256, δ=1.01100458, β=67.47 [0m
[1;37m integrate approx hint [0m [0m (conditionning) [0m [0m Running BKZ-40 [0m [3;32m 	 Worthy hint ! [0m [1;33m dim=256, δ=1.01110109, β=65.77 [0m
[1;37m integrate approx hint [0m [0m (conditionning) [0m [3;32m 	 Worthy hint ! [0m [1;33m dim=256, δ=1.01122249, β=64.09 [0m
[1;37m integrate approx hint [0m [0m (conditionning) [0m [3;32m 	 Worthy hint ! [0m [1;33m dim=256, δ=1.01131685, β=62.43 [0m
[1;37m integrate approx hint [0m [0m (conditionning) [0m [0m Running BKZ-28 [0m [0m Running BKZ-44 [0m [3;32m 	 Worthy hint ! [0m [1;33m dim=256, δ=1.01140971, β=60.79 [0m
[1;37m integrate approx hint [0m [0m (conditionning) [0m [3;32m 	 Worthy hint ! [0m [1;33m dim=256, δ=1.01152922, β=59.16 [0m
[1;37m integrate approx hint [0m [0m (conditionning) [0m [3;32m 	 Worthy hint ! [0m [1;33m dim=256, δ=1.01161966, β=57.54 [0m
[1;37m integrate approx hint [0m [0m (conditionning) [0m [0m Running BKZ-46 [0m [0m Running BKZ-11 [0m [3;32m 	 Worthy hint ! [0m [1;33m dim=256, δ=1.01170835, β=55.94 [0m
[1;37m integrate approx hint [0m [0m (conditionning) [0m [3;32m 	 Worthy hint ! [0m [1;33m dim=256, δ=1.01182566, β=54.33 [0m
[1;37m integrate approx hint [0m [0m (conditionning) [0m [3;32m 	 Worthy hint ! [0m [1;33m dim=256, δ=1.01191149, β=52.73 [0m
[1;37m integrate approx hint [0m [0m (conditionning) [0m [3;32m 	 Worthy hint ! [0m [1;33m dim=256, δ=1.01202733, β=51.12 [0m
[1;37m integrate approx hint [0m [0m (conditionning) [0m [3;32m 	 Worthy hint ! [0m [1;33m dim=256, δ=1.01211002, β=49.50 [0m
[1;37m integrate approx hint [0m [0m (conditionning) [0m [3;32m 	 Worthy hint ! [0m [1;33m dim=256, δ=1.01219041, β=47.86 [0m
[1;37m integrate approx hint [0m [0m (conditionning) [0m [0m Running BKZ-12 [0m [3;32m 	 Worthy hint ! [0m [1;33m dim=256, δ=1.01230439, β=46.23 [0m
[1;37m integrate approx hint [0m [0m (conditionning) [0m [3;32m 	 Worthy hint ! [0m [1;33m dim=256, δ=1.01238468, β=44.59 [0m
[1;37m integrate approx hint [0m [0m (conditionning) [0m [3;32m 	 Worthy hint ! [0m [1;33m dim=256, δ=1.01246533, β=42.95 [0m
[0m Running BKZ-44 [0m [0m Running BKZ-13 [0m [0m Running BKZ-46 [0m [0m Running BKZ-46 [0m [0m Running BKZ-41 [0m [0m Running BKZ-14 [0m [0m Running BKZ-45 [0m [0m Running BKZ-46 [0m [0m Running BKZ-15 [0m [0m Running BKZ-16 [0m [0m Running BKZ-46 [0m [0m Running BKZ-2 [0m [0m Running BKZ-17 [0m [0m Running BKZ-46 [0m [0m Running BKZ-42 [0m [0m Running BKZ-46 [0m [0m Running BKZ-45 [0m [0m Running BKZ-18 [0m [0m Running BKZ-2 [0m [0m Running BKZ-19 [0m [0m Running BKZ-46 [0m [0m Running BKZ-49 [0m [0m Running BKZ-20 [0m [0m Running BKZ-49 [0m [0m Running BKZ-43 [0m [0m Running BKZ-48 [0m [4;37m       Attack Estimation      [0m
[1;33m dim=256 	 δ=1.012465 	 β=42.95  [0m
[0m  [0m
[0m Running BKZ-21 [0m [0m Running BKZ-3 [0m [0m Running BKZ-22 [0m [0m Running BKZ-4 [0m [0m Running BKZ-5 [0m β= 2,	 pr=1.3728e-39, 	 cum-pr=1.3728e-39 	 rem-pr=1.0000e+00
β= 3,	 pr=1.7215e-36, 	 cum-pr=1.7228e-36 	 rem-pr=1.0000e+00
β= 4,	 pr=6.9328e-35, 	 cum-pr=7.1051e-35 	 rem-pr=1.0000e+00
β= 5,	 pr=8.0434e-34, 	 cum-pr=8.7539e-34 	 rem-pr=1.0000e+00
β= 6,	 pr=5.0885e-33, 	 cum-pr=5.9639e-33 	 rem-pr=1.0000e+00
β= 7,	 pr=2.2599e-32, 	 cum-pr=2.8563e-32 	 rem-pr=1.0000e+00
β= 8,	 pr=8.2409e-32, 	 cum-pr=1.1097e-31 	 rem-pr=1.0000e+00
β= 9,	 pr=2.6826e-31, 	 cum-pr=3.7923e-31 	 rem-pr=1.0000e+00
β= 10,	 pr=8.1086e-31, 	 cum-pr=1.1901e-30 	 rem-pr=1.0000e+00
β= 11,	 pr=2.4262e-30, 	 cum-pr=3.6163e-30 	 rem-pr=1.0000e+00
β= 12,	 pr=7.4596e-30, 	 cum-pr=1.1076e-29 	 rem-pr=1.0000e+00
β= 13,	 pr=2.4048e-29, 	 cum-pr=3.5124e-29 	 rem-pr=1.0000e+00
β= 14,	 pr=8.0626e-29, 	 cum-pr=1.1575e-28 	 rem-pr=1.0000e+00
β= 15,	 pr=3.2127e-28, 	 cum-pr=4.3702e-28 	 rem-pr=1.0000e+00
β= 16,	 pr=1.3938e-27, 	 cum-pr=1.8308e-27 	 rem-pr=1.0000e+00
β= 17,	 pr=6.8428e-27, 	 cum-pr=8.6736e-27 	 rem-pr=1.0000e+00
β= 18,	 pr=4.0367e-26, 	 cum-pr=4.9041e-26 	 rem-pr=1.0000e+00
β= 19,	 pr=2.7651e-25, 	 cum-pr=3.2555e-25 	 rem-pr=1.0000e+00
β= 20,	 pr=1.8812e-24, 	 cum-pr=2.2067e-24 	 rem-pr=1.0000e+00
β= 21,	 pr=1.4171e-23, 	 cum-pr=1.6378e-23 	 rem-pr=1.0000e+00
β= 22,	 pr=1.1735e-22, 	 cum-pr=1.3373e-22 	 rem-pr=1.0000e+00
β= 23,	 pr=1.3953e-21, 	 cum-pr=1.5290e-21 	 rem-pr=1.0000e+00
β= 24,	 pr=1.7836e-20, 	 cum-pr=1.9365e-20 	 rem-pr=1.0000e+00
β= 25,	 pr=2.1279e-19, 	 cum-pr=2.3216e-19 	 rem-pr=1.0000e+00
β= 26,	 pr=2.2016e-18, 	 cum-pr=2.4337e-18 	 rem-pr=1.0000e+00
β= 27,	 pr=1.9575e-17, 	 cum-pr=2.2009e-17 	 rem-pr=1.0000e+00
β= 28,	 pr=1.9339e-16, 	 cum-pr=2.1540e-16 	 rem-pr=1.0000e+00
β= 29,	 pr=2.1532e-15, 	 cum-pr=2.3686e-15 	 rem-pr=1.0000e+00
β= 30,	 pr=2.5577e-14, 	 cum-pr=2.7945e-14 	 rem-pr=1.0000e+00
β= 31,	 pr=3.3329e-13, 	 cum-pr=3.6124e-13 	 rem-pr=1.0000e+00
β= 32,	 pr=4.3500e-12, 	 cum-pr=4.7112e-12 	 rem-pr=1.0000e+00
β= 33,	 pr=4.0178e-11, 	 cum-pr=4.4889e-11 	 rem-pr=1.0000e+00
β= 34,	 pr=3.6230e-10, 	 cum-pr=4.0719e-10 	 rem-pr=1.0000e+00
β= 35,	 pr=2.3119e-09, 	 cum-pr=2.7191e-09 	 rem-pr=1.0000e+00
β= 36,	 pr=1.3286e-08, 	 cum-pr=1.6005e-08 	 rem-pr=1.0000e+00
β= 37,	 pr=6.9307e-08, 	 cum-pr=8.5312e-08 	 rem-pr=1.0000e+00
β= 38,	 pr=3.5349e-07, 	 cum-pr=4.3880e-07 	 rem-pr=1.0000e+00
β= 39,	 pr=1.8749e-06, 	 cum-pr=2.3137e-06 	 rem-pr=1.0000e+00
β= 40,	 pr=8.1794e-06, 	 cum-pr=1.0493e-05 	 rem-pr=9.9999e-01
β= 41,	 pr=3.4286e-05, 	 cum-pr=4.4779e-05 	 rem-pr=9.9996e-01
β= 42,	 pr=1.3189e-04, 	 cum-pr=1.7666e-04 	 rem-pr=9.9982e-01
β= 43,	 pr=6.0817e-04, 	 cum-pr=7.8472e-04 	 rem-pr=9.9922e-01
β= 44,	 pr=2.1012e-03, 	 cum-pr=2.8842e-03 	 rem-pr=9.9712e-01
β= 45,	 pr=6.6852e-03, 	 cum-pr=9.5502e-03 	 rem-pr=9.9045e-01
β= 46,	 pr=2.2515e-02, 	 cum-pr=3.1851e-02 	 rem-pr=9.6815e-01
β= 47,	 pr=5.6020e-02, 	 cum-pr=8.6086e-02 	 rem-pr=9.1391e-01
β= 48,	 pr=1.1998e-01, 	 cum-pr=1.9573e-01 	 rem-pr=8.0427e-01
β= 49,	 pr=2.2262e-01, 	 cum-pr=3.7478e-01 	 rem-pr=6.2522e-01
β= 50,	 pr=3.6163e-01, 	 cum-pr=6.0088e-01 	 rem-pr=3.9912e-01
β= 51,	 pr=5.2101e-01, 	 cum-pr=8.0882e-01 	 rem-pr=1.9118e-01
β= 52,	 pr=6.7623e-01, 	 cum-pr=9.3810e-01 	 rem-pr=6.1896e-02
β= 53,	 pr=8.0504e-01, 	 cum-pr=9.8793e-01 	 rem-pr=1.2067e-02
β= 54,	 pr=8.9632e-01, 	 cum-pr=9.9875e-01 	 rem-pr=1.2511e-03
β= 55,	 pr=9.5166e-01, 	 cum-pr=9.9994e-01 	 rem-pr=6.0482e-05
[4;37m       Attack Estimation      [0m
[1;33m dim=256 	 	 	 β=49.96  [0m
[0m  [0m
[4;37m       Running the Attack      [0m
[0m Running BKZ-6 [0m [0m Running BKZ-23 [0m [0m Running BKZ-47 [0m [0m Running BKZ-7 [0m [0m Running BKZ-44 [0m [0m Running BKZ-46 [0m [0m Running BKZ-8 [0m [0m Running BKZ-24 [0m [0m Running BKZ-9 [0m [0m Running BKZ-46 [0m [0m Running BKZ-10 [0m [0m Running BKZ-11 [0m [0m Running BKZ-25 [0m [0m Running BKZ-12 [0m [0m Running BKZ-13 [0m [0m Running BKZ-47 [0m [0m Running BKZ-14 [0m [0m Running BKZ-26 [0m [0m Running BKZ-49 [0m [0m Running BKZ-45 [0m [0m Running BKZ-15 [0m [0m Running BKZ-47 [0m [0m Running BKZ-16 [0m [0m Running BKZ-47 [0m [0m Running BKZ-3 [0m [0m Running BKZ-27 [0m [0m Running BKZ-17 [0m [0m Running BKZ-18 [0m [0m Running BKZ-46 [0m [0m Running BKZ-19 [0m [0m Running BKZ-47 [0m [0m Running BKZ-4 [0m [0m Running BKZ-28 [0m [0m Running BKZ-20 [0m [0m Running BKZ-5 [0m [0m Running BKZ-47 [0m [0m Running BKZ-21 [0m [0m Running BKZ-47 [0m [0m Running BKZ-29 [0m [0m Running BKZ-6 [0m [0m Running BKZ-22 [0m [0m Running BKZ-7 [0m [0m Running BKZ-23 [0m [0m Running BKZ-8 [0m [0m Running BKZ-30 [0m [0m Running BKZ-24 [0m [0m Running BKZ-9 [0m [0m Running BKZ-10 [0m [0m Running BKZ-25 [0m [0m Running BKZ-11 [0m [0m Running BKZ-47 [0m [0m Running BKZ-31 [0m [0m Running BKZ-26 [0m [0m Running BKZ-12 [0m [0m Running BKZ-47 [0m [0m Running BKZ-13 [0m [0m Running BKZ-27 [0m [0m Running BKZ-14 [0m [0m Running BKZ-49 [0m [0m Running BKZ-28 [0m [0m Running BKZ-15 [0m [0m Running BKZ-29 [0m [0m Running BKZ-16 [0m [0m Running BKZ-46 [0m [0m Running BKZ-17 [0m [0m Running BKZ-30 [0m [0m Running BKZ-18 [0m [0m Running BKZ-31 [0m [0m Running BKZ-19 [0m [0m Running BKZ-48 [0m [0m Running BKZ-20 [0m [0m Running BKZ-32 [0m [0m Running BKZ-47 [0m [0m Running BKZ-21 [0m [0m Running BKZ-48 [0m [0m Running BKZ-2 [0m [0m Running BKZ-33 [0m [0m Running BKZ-22 [0m [0m Running BKZ-47 [0m [0m Running BKZ-34 [0m [0m Running BKZ-23 [0m [0m Running BKZ-48 [0m [0m Running BKZ-24 [0m [0m Running BKZ-35 [0m [0m Running BKZ-25 [0m [0m Running BKZ-36 [0m [0m Running BKZ-26 [0m [0m Running BKZ-37 [0m [0m Running BKZ-27 [0m [0m Running BKZ-48 [0m [0m Running BKZ-38 [0m [0m Running BKZ-28 [0m [0m Running BKZ-50 [0m [0m Running BKZ-29 [0m [0m Running BKZ-39 [0m [0m Running BKZ-3 [0m [0m Running BKZ-47 [0m [0m Running BKZ-48 [0m [0m Running BKZ-4 [0m [0m Running BKZ-5 [0m [0m Running BKZ-30 [0m [0m Running BKZ-40 [0m [0m Running BKZ-6 [0m [0m Running BKZ-49 [0m [0m Running BKZ-31 [0m [0m Running BKZ-7 [0m [0m Running BKZ-49 [0m [0m Running BKZ-48 [0m [0m Running BKZ-41 [0m [0m Running BKZ-8 [0m [0m Running BKZ-9 [0m [0m Running BKZ-10 [0m [0m Running BKZ-50 [0m [0m Running BKZ-42 [0m [0m Running BKZ-11 [0m [0m Running BKZ-50 [0m [0m Running BKZ-12 [0m [0m Running BKZ-43 [0m [0m Running BKZ-13 [0m [0m Running BKZ-48 [0m [0m Running BKZ-14 [0m [0m Running BKZ-15 [0m [0m Running BKZ-48 [0m [0m Running BKZ-44 [0m [0m Running BKZ-48 [0m [0m Running BKZ-16 [0m [0m Running BKZ-17 [0m [0m Running BKZ-45 [0m [0m Running BKZ-18 [0m [0m Running BKZ-48 [0m [0m Running BKZ-49 [0m [0m Running BKZ-48 [0m [0m Running BKZ-19 [0m [0m Running BKZ-50 [0m [0m Running BKZ-20 [0m [0m Running BKZ-21 [0m [0m Running BKZ-49 [0m [0m Running BKZ-22 [0m [0m Running BKZ-46 [0m [0m Running BKZ-23 [0m [0m Running BKZ-24 [0m [0m Running BKZ-50 [0m [0m Running BKZ-25 [0m [0m Running BKZ-51 [0m [0m Running BKZ-26 [0m [0m Running BKZ-49 [0m error
[4;37m      Build EBDD from LWE      [0m
[1;33m n=128 	 m=128 	 q=3329 [0m
[0m Running BKZ-51 [0m [0m Running BKZ-49 [0m [4;37m       Attack Estimation      [0m
[1;33m dim=256 	 δ=1.012119 	 β=49.40  [0m
[0m  [0m
[0m Running BKZ-50 [0m [0m Running BKZ-48 [0m [0m Running BKZ-47 [0m β= 2,	 pr=5.9861e-44, 	 cum-pr=5.9861e-44 	 rem-pr=1.0000e+00
β= 3,	 pr=1.3339e-40, 	 cum-pr=1.3345e-40 	 rem-pr=1.0000e+00
β= 4,	 pr=7.1719e-39, 	 cum-pr=7.3054e-39 	 rem-pr=1.0000e+00
β= 5,	 pr=9.9782e-38, 	 cum-pr=1.0709e-37 	 rem-pr=1.0000e+00
β= 6,	 pr=7.1767e-37, 	 cum-pr=8.2476e-37 	 rem-pr=1.0000e+00
β= 7,	 pr=3.5142e-36, 	 cum-pr=4.3390e-36 	 rem-pr=1.0000e+00
β= 8,	 pr=1.3859e-35, 	 cum-pr=1.8198e-35 	 rem-pr=1.0000e+00
β= 9,	 pr=4.8161e-35, 	 cum-pr=6.6359e-35 	 rem-pr=1.0000e+00
β= 10,	 pr=1.5391e-34, 	 cum-pr=2.2027e-34 	 rem-pr=1.0000e+00
β= 11,	 pr=4.8422e-34, 	 cum-pr=7.0449e-34 	 rem-pr=1.0000e+00
β= 12,	 pr=1.5680e-33, 	 cum-pr=2.2725e-33 	 rem-pr=1.0000e+00
β= 13,	 pr=5.2008e-33, 	 cum-pr=7.4733e-33 	 rem-pr=1.0000e+00
β= 14,	 pr=1.8554e-32, 	 cum-pr=2.6028e-32 	 rem-pr=1.0000e+00
β= 15,	 pr=7.4084e-32, 	 cum-pr=1.0011e-31 	 rem-pr=1.0000e+00
β= 16,	 pr=3.5144e-31, 	 cum-pr=4.5156e-31 	 rem-pr=1.0000e+00
β= 17,	 pr=1.8098e-30, 	 cum-pr=2.2613e-30 	 rem-pr=1.0000e+00
β= 18,	 pr=1.0442e-29, 	 cum-pr=1.2703e-29 	 rem-pr=1.0000e+00
β= 19,	 pr=7.8490e-29, 	 cum-pr=9.1193e-29 	 rem-pr=1.0000e+00
β= 20,	 pr=6.4021e-28, 	 cum-pr=7.3140e-28 	 rem-pr=1.0000e+00
β= 21,	 pr=5.3173e-27, 	 cum-pr=6.0487e-27 	 rem-pr=1.0000e+00
β= 22,	 pr=4.2968e-26, 	 cum-pr=4.9017e-26 	 rem-pr=1.0000e+00
β= 23,	 pr=5.2357e-25, 	 cum-pr=5.7259e-25 	 rem-pr=1.0000e+00
β= 24,	 pr=7.7057e-24, 	 cum-pr=8.2783e-24 	 rem-pr=1.0000e+00
β= 25,	 pr=1.1905e-22, 	 cum-pr=1.2732e-22 	 rem-pr=1.0000e+00
β= 26,	 pr=1.6830e-21, 	 cum-pr=1.8104e-21 	 rem-pr=1.0000e+00
β= 27,	 pr=1.8692e-20, 	 cum-pr=2.0503e-20 	 rem-pr=1.0000e+00
β= 28,	 pr=1.9502e-19, 	 cum-pr=2.1553e-19 	 rem-pr=1.0000e+00
β= 29,	 pr=2.1878e-18, 	 cum-pr=2.4034e-18 	 rem-pr=1.0000e+00
β= 30,	 pr=2.7542e-17, 	 cum-pr=2.9945e-17 	 rem-pr=1.0000e+00
β= 31,	 pr=4.0960e-16, 	 cum-pr=4.3954e-16 	 rem-pr=1.0000e+00
β= 32,	 pr=6.6776e-15, 	 cum-pr=7.1171e-15 	 rem-pr=1.0000e+00
β= 33,	 pr=8.4669e-14, 	 cum-pr=9.1786e-14 	 rem-pr=1.0000e+00
β= 34,	 pr=1.1201e-12, 	 cum-pr=1.2119e-12 	 rem-pr=1.0000e+00
β= 35,	 pr=1.1084e-11, 	 cum-pr=1.2296e-11 	 rem-pr=1.0000e+00
β= 36,	 pr=9.5031e-11, 	 cum-pr=1.0733e-10 	 rem-pr=1.0000e+00
β= 37,	 pr=6.5653e-10, 	 cum-pr=7.6386e-10 	 rem-pr=1.0000e+00
β= 38,	 pr=3.8364e-09, 	 cum-pr=4.6003e-09 	 rem-pr=1.0000e+00
β= 39,	 pr=2.1832e-08, 	 cum-pr=2.6433e-08 	 rem-pr=1.0000e+00
β= 40,	 pr=1.0086e-07, 	 cum-pr=1.2729e-07 	 rem-pr=1.0000e+00
β= 41,	 pr=4.5789e-07, 	 cum-pr=5.8518e-07 	 rem-pr=1.0000e+00
β= 42,	 pr=1.9505e-06, 	 cum-pr=2.5357e-06 	 rem-pr=1.0000e+00
β= 43,	 pr=1.0677e-05, 	 cum-pr=1.3212e-05 	 rem-pr=9.9999e-01
β= 44,	 pr=4.3851e-05, 	 cum-pr=5.7062e-05 	 rem-pr=9.9994e-01
β= 45,	 pr=1.7188e-04, 	 cum-pr=2.2893e-04 	 rem-pr=9.9977e-01
β= 46,	 pr=7.7774e-04, 	 cum-pr=1.0065e-03 	 rem-pr=9.9899e-01
β= 47,	 pr=2.5662e-03, 	 cum-pr=3.5701e-03 	 rem-pr=9.9643e-01
β= 48,	 pr=7.4510e-03, 	 cum-pr=1.0995e-02 	 rem-pr=9.8901e-01
β= 49,	 pr=1.9066e-02, 	 cum-pr=2.9851e-02 	 rem-pr=9.7015e-01
β= 50,	 pr=4.3193e-02, 	 cum-pr=7.1755e-02 	 rem-pr=9.2825e-01
β= 51,	 pr=8.7109e-02, 	 cum-pr=1.5261e-01 	 rem-pr=8.4739e-01
β= 52,	 pr=1.5740e-01, 	 cum-pr=2.8599e-01 	 rem-pr=7.1401e-01
β= 53,	 pr=2.5665e-01, 	 cum-pr=4.6924e-01 	 rem-pr=5.3076e-01
β= 54,	 pr=3.8063e-01, 	 cum-pr=6.7127e-01 	 rem-pr=3.2873e-01
β= 55,	 pr=5.1794e-01, 	 cum-pr=8.4153e-01 	 rem-pr=1.5847e-01
β= 56,	 pr=6.5299e-01, 	 cum-pr=9.4501e-01 	 rem-pr=5.4991e-02
β= 57,	 pr=7.7097e-01, 	 cum-pr=9.8741e-01 	 rem-pr=1.2594e-02
β= 58,	 pr=8.6251e-01, 	 cum-pr=9.9827e-01 	 rem-pr=1.7317e-03
β= 59,	 pr=9.2547e-01, 	 cum-pr=9.9987e-01 	 rem-pr=1.2905e-04
[4;37m       Attack Estimation      [0m
[1;33m dim=256 	 	 	 β=53.53  [0m
[0m  [0m
[4;37m       Running the Attack      [0m
[0m Running BKZ-49 [0m [0m Running BKZ-51 [0m [0m Running BKZ-49 [0m [0m Running BKZ-49 [0m [1;37;42m Success ! [0m
[0m  [0m
[0m Running BKZ-51 [0m [0m Running BKZ-49 [0m [0m Running BKZ-49 [0m [0m Running BKZ-52 [0m [0m Running BKZ-50 [0m [0m Running BKZ-2 [0m [0m Running BKZ-49 [0m [0m Running BKZ-51 [0m [0m Running BKZ-50 [0m [0m Running BKZ-51 [0m [0m Running BKZ-50 [0m [0m Running BKZ-50 [0m [0m Running BKZ-52 [0m [0m Running BKZ-3 [0m [0m Running BKZ-4 [0m [0m Running BKZ-50 [0m [0m Running BKZ-5 [0m [0m Running BKZ-52 [0m [0m Running BKZ-6 [0m [0m Running BKZ-50 [0m [0m Running BKZ-7 [0m [0m Running BKZ-53 [0m [0m Running BKZ-8 [0m [0m Running BKZ-50 [0m [0m Running BKZ-9 [0m [0m Running BKZ-10 [0m [0m Running BKZ-11 [0m [0m Running BKZ-52 [0m [0m Running BKZ-12 [0m [0m Running BKZ-50 [0m [0m Running BKZ-13 [0m [0m Running BKZ-14 [0m [0m Running BKZ-15 [0m [0m Running BKZ-16 [0m [0m Running BKZ-17 [0m [0m Running BKZ-52 [0m [0m Running BKZ-18 [0m [0m Running BKZ-51 [0m [0m Running BKZ-19 [0m [0m Running BKZ-51 [0m [0m Running BKZ-20 [0m [0m Running BKZ-21 [0m [0m Running BKZ-51 [0m [0m Running BKZ-22 [0m [0m Running BKZ-23 [0m [0m Running BKZ-51 [0m [0m Running BKZ-50 [0m [0m Running BKZ-24 [0m [0m Running BKZ-54 [0m [0m Running BKZ-51 [0m [0m Running BKZ-25 [0m [0m Running BKZ-53 [0m [0m Running BKZ-50 [0m [0m Running BKZ-26 [0m [0m Running BKZ-51 [0m [0m Running BKZ-52 [0m [0m Running BKZ-27 [0m [0m Running BKZ-28 [0m [0m Running BKZ-29 [0m [0m Running BKZ-51 [0m [0m Running BKZ-30 [0m [0m Running BKZ-53 [0m [0m Running BKZ-52 [0m [0m Running BKZ-51 [0m [0m Running BKZ-31 [0m [0m Running BKZ-32 [0m [0m Running BKZ-33 [0m [0m Running BKZ-53 [0m [0m Running BKZ-53 [0m [0m Running BKZ-34 [0m [0m Running BKZ-54 [0m [0m Running BKZ-52 [0m [1;37;42m Success ! [0m
[0m  [0m
[4;37m      Build EBDD from LWE      [0m
[1;33m n=128 	 m=128 	 q=3329 [0m
[4;37m       Attack Estimation      [0m
[1;33m dim=256 	 δ=1.012119 	 β=49.40  [0m
[0m  [0m
[0m Running BKZ-55 [0m β= 2,	 pr=5.9861e-44, 	 cum-pr=5.9861e-44 	 rem-pr=1.0000e+00
β= 3,	 pr=1.3339e-40, 	 cum-pr=1.3345e-40 	 rem-pr=1.0000e+00
β= 4,	 pr=7.1719e-39, 	 cum-pr=7.3054e-39 	 rem-pr=1.0000e+00
β= 5,	 pr=9.9782e-38, 	 cum-pr=1.0709e-37 	 rem-pr=1.0000e+00
β= 6,	 pr=7.1767e-37, 	 cum-pr=8.2476e-37 	 rem-pr=1.0000e+00
β= 7,	 pr=3.5142e-36, 	 cum-pr=4.3390e-36 	 rem-pr=1.0000e+00
β= 8,	 pr=1.3859e-35, 	 cum-pr=1.8198e-35 	 rem-pr=1.0000e+00
β= 9,	 pr=4.8161e-35, 	 cum-pr=6.6359e-35 	 rem-pr=1.0000e+00
β= 10,	 pr=1.5391e-34, 	 cum-pr=2.2027e-34 	 rem-pr=1.0000e+00
β= 11,	 pr=4.8422e-34, 	 cum-pr=7.0449e-34 	 rem-pr=1.0000e+00
β= 12,	 pr=1.5680e-33, 	 cum-pr=2.2725e-33 	 rem-pr=1.0000e+00
β= 13,	 pr=5.2008e-33, 	 cum-pr=7.4733e-33 	 rem-pr=1.0000e+00
β= 14,	 pr=1.8554e-32, 	 cum-pr=2.6028e-32 	 rem-pr=1.0000e+00
β= 15,	 pr=7.4084e-32, 	 cum-pr=1.0011e-31 	 rem-pr=1.0000e+00
β= 16,	 pr=3.5144e-31, 	 cum-pr=4.5156e-31 	 rem-pr=1.0000e+00
β= 17,	 pr=1.8098e-30, 	 cum-pr=2.2613e-30 	 rem-pr=1.0000e+00
β= 18,	 pr=1.0442e-29, 	 cum-pr=1.2703e-29 	 rem-pr=1.0000e+00
β= 19,	 pr=7.8490e-29, 	 cum-pr=9.1193e-29 	 rem-pr=1.0000e+00
β= 20,	 pr=6.4021e-28, 	 cum-pr=7.3140e-28 	 rem-pr=1.0000e+00
β= 21,	 pr=5.3173e-27, 	 cum-pr=6.0487e-27 	 rem-pr=1.0000e+00
β= 22,	 pr=4.2968e-26, 	 cum-pr=4.9017e-26 	 rem-pr=1.0000e+00
β= 23,	 pr=5.2357e-25, 	 cum-pr=5.7259e-25 	 rem-pr=1.0000e+00
β= 24,	 pr=7.7057e-24, 	 cum-pr=8.2783e-24 	 rem-pr=1.0000e+00
β= 25,	 pr=1.1905e-22, 	 cum-pr=1.2732e-22 	 rem-pr=1.0000e+00
β= 26,	 pr=1.6830e-21, 	 cum-pr=1.8104e-21 	 rem-pr=1.0000e+00
β= 27,	 pr=1.8692e-20, 	 cum-pr=2.0503e-20 	 rem-pr=1.0000e+00
β= 28,	 pr=1.9502e-19, 	 cum-pr=2.1553e-19 	 rem-pr=1.0000e+00
β= 29,	 pr=2.1878e-18, 	 cum-pr=2.4034e-18 	 rem-pr=1.0000e+00
β= 30,	 pr=2.7542e-17, 	 cum-pr=2.9945e-17 	 rem-pr=1.0000e+00
β= 31,	 pr=4.0960e-16, 	 cum-pr=4.3954e-16 	 rem-pr=1.0000e+00
β= 32,	 pr=6.6776e-15, 	 cum-pr=7.1171e-15 	 rem-pr=1.0000e+00
β= 33,	 pr=8.4669e-14, 	 cum-pr=9.1786e-14 	 rem-pr=1.0000e+00
β= 34,	 pr=1.1201e-12, 	 cum-pr=1.2119e-12 	 rem-pr=1.0000e+00
β= 35,	 pr=1.1084e-11, 	 cum-pr=1.2296e-11 	 rem-pr=1.0000e+00
β= 36,	 pr=9.5031e-11, 	 cum-pr=1.0733e-10 	 rem-pr=1.0000e+00
β= 37,	 pr=6.5653e-10, 	 cum-pr=7.6386e-10 	 rem-pr=1.0000e+00
β= 38,	 pr=3.8364e-09, 	 cum-pr=4.6003e-09 	 rem-pr=1.0000e+00
β= 39,	 pr=2.1832e-08, 	 cum-pr=2.6433e-08 	 rem-pr=1.0000e+00
β= 40,	 pr=1.0086e-07, 	 cum-pr=1.2729e-07 	 rem-pr=1.0000e+00
β= 41,	 pr=4.5789e-07, 	 cum-pr=5.8518e-07 	 rem-pr=1.0000e+00
β= 42,	 pr=1.9505e-06, 	 cum-pr=2.5357e-06 	 rem-pr=1.0000e+00
β= 43,	 pr=1.0677e-05, 	 cum-pr=1.3212e-05 	 rem-pr=9.9999e-01
β= 44,	 pr=4.3851e-05, 	 cum-pr=5.7062e-05 	 rem-pr=9.9994e-01
β= 45,	 pr=1.7188e-04, 	 cum-pr=2.2893e-04 	 rem-pr=9.9977e-01
β= 46,	 pr=7.7774e-04, 	 cum-pr=1.0065e-03 	 rem-pr=9.9899e-01
β= 47,	 pr=2.5662e-03, 	 cum-pr=3.5701e-03 	 rem-pr=9.9643e-01
β= 48,	 pr=7.4510e-03, 	 cum-pr=1.0995e-02 	 rem-pr=9.8901e-01
β= 49,	 pr=1.9066e-02, 	 cum-pr=2.9851e-02 	 rem-pr=9.7015e-01
β= 50,	 pr=4.3193e-02, 	 cum-pr=7.1755e-02 	 rem-pr=9.2825e-01
β= 51,	 pr=8.7109e-02, 	 cum-pr=1.5261e-01 	 rem-pr=8.4739e-01
β= 52,	 pr=1.5740e-01, 	 cum-pr=2.8599e-01 	 rem-pr=7.1401e-01
β= 53,	 pr=2.5665e-01, 	 cum-pr=4.6924e-01 	 rem-pr=5.3076e-01
β= 54,	 pr=3.8063e-01, 	 cum-pr=6.7127e-01 	 rem-pr=3.2873e-01
β= 55,	 pr=5.1794e-01, 	 cum-pr=8.4153e-01 	 rem-pr=1.5847e-01
β= 56,	 pr=6.5299e-01, 	 cum-pr=9.4501e-01 	 rem-pr=5.4991e-02
β= 57,	 pr=7.7097e-01, 	 cum-pr=9.8741e-01 	 rem-pr=1.2594e-02
β= 58,	 pr=8.6251e-01, 	 cum-pr=9.9827e-01 	 rem-pr=1.7317e-03
β= 59,	 pr=9.2547e-01, 	 cum-pr=9.9987e-01 	 rem-pr=1.2905e-04
[4;37m       Attack Estimation      [0m
[1;33m dim=256 	 	 	 β=53.53  [0m
[0m  [0m
[4;37m       Running the Attack      [0m
[0m Running BKZ-52 [0m [0m Running BKZ-51 [0m [0m Running BKZ-53 [0m [0m Running BKZ-51 [0m [0m Running BKZ-52 [0m [0m Running BKZ-53 [0m [0m Running BKZ-52 [0m [0m Running BKZ-54 [0m [0m Running BKZ-54 [0m [0m Running BKZ-2 [0m [0m Running BKZ-52 [0m [0m Running BKZ-52 [0m [0m Running BKZ-54 [0m [0m Running BKZ-3 [0m [0m Running BKZ-55 [0m [0m Running BKZ-4 [0m [0m Running BKZ-54 [0m [0m Running BKZ-54 [0m [0m Running BKZ-56 [0m [0m Running BKZ-5 [0m [0m Running BKZ-6 [0m [0m Running BKZ-7 [0m [0m Running BKZ-8 [0m [0m Running BKZ-9 [0m [0m Running BKZ-10 [0m [0m Running BKZ-11 [0m [0m Running BKZ-12 [0m [0m Running BKZ-13 [0m [0m Running BKZ-53 [0m [0m Running BKZ-14 [0m [0m Running BKZ-15 [0m [0m Running BKZ-53 [0m [0m Running BKZ-16 [0m [0m Running BKZ-17 [0m [0m Running BKZ-53 [0m [0m Running BKZ-18 [0m [0m Running BKZ-52 [0m [0m Running BKZ-19 [0m [0m Running BKZ-20 [0m [0m Running BKZ-21 [0m [0m Running BKZ-22 [0m [0m Running BKZ-23 [0m [0m Running BKZ-24 [0m [0m Running BKZ-52 [0m [0m Running BKZ-25 [0m [0m Running BKZ-26 [0m [0m Running BKZ-27 [0m [0m Running BKZ-53 [0m [0m Running BKZ-28 [0m [0m Running BKZ-57 [0m [0m Running BKZ-55 [0m [0m Running BKZ-29 [0m [0m Running BKZ-56 [0m [0m Running BKZ-55 [0m [1;37;42m Success ! [0m
[0m  [0m
[4;37m      Build EBDD from LWE      [0m
[1;33m n=128 	 m=128 	 q=3329 [0m
[4;37m       Attack Estimation      [0m
[1;33m dim=256 	 δ=1.012119 	 β=49.40  [0m
[0m  [0m
[0m Running BKZ-53 [0m [0m Running BKZ-53 [0m β= 2,	 pr=5.9861e-44, 	 cum-pr=5.9861e-44 	 rem-pr=1.0000e+00
β= 3,	 pr=1.3339e-40, 	 cum-pr=1.3345e-40 	 rem-pr=1.0000e+00
β= 4,	 pr=7.1719e-39, 	 cum-pr=7.3054e-39 	 rem-pr=1.0000e+00
β= 5,	 pr=9.9782e-38, 	 cum-pr=1.0709e-37 	 rem-pr=1.0000e+00
β= 6,	 pr=7.1767e-37, 	 cum-pr=8.2476e-37 	 rem-pr=1.0000e+00
β= 7,	 pr=3.5142e-36, 	 cum-pr=4.3390e-36 	 rem-pr=1.0000e+00
β= 8,	 pr=1.3859e-35, 	 cum-pr=1.8198e-35 	 rem-pr=1.0000e+00
β= 9,	 pr=4.8161e-35, 	 cum-pr=6.6359e-35 	 rem-pr=1.0000e+00
β= 10,	 pr=1.5391e-34, 	 cum-pr=2.2027e-34 	 rem-pr=1.0000e+00
β= 11,	 pr=4.8422e-34, 	 cum-pr=7.0449e-34 	 rem-pr=1.0000e+00
β= 12,	 pr=1.5680e-33, 	 cum-pr=2.2725e-33 	 rem-pr=1.0000e+00
β= 13,	 pr=5.2008e-33, 	 cum-pr=7.4733e-33 	 rem-pr=1.0000e+00
β= 14,	 pr=1.8554e-32, 	 cum-pr=2.6028e-32 	 rem-pr=1.0000e+00
β= 15,	 pr=7.4084e-32, 	 cum-pr=1.0011e-31 	 rem-pr=1.0000e+00
β= 16,	 pr=3.5144e-31, 	 cum-pr=4.5156e-31 	 rem-pr=1.0000e+00
β= 17,	 pr=1.8098e-30, 	 cum-pr=2.2613e-30 	 rem-pr=1.0000e+00
β= 18,	 pr=1.0442e-29, 	 cum-pr=1.2703e-29 	 rem-pr=1.0000e+00
β= 19,	 pr=7.8490e-29, 	 cum-pr=9.1193e-29 	 rem-pr=1.0000e+00
β= 20,	 pr=6.4021e-28, 	 cum-pr=7.3140e-28 	 rem-pr=1.0000e+00
β= 21,	 pr=5.3173e-27, 	 cum-pr=6.0487e-27 	 rem-pr=1.0000e+00
β= 22,	 pr=4.2968e-26, 	 cum-pr=4.9017e-26 	 rem-pr=1.0000e+00
β= 23,	 pr=5.2357e-25, 	 cum-pr=5.7259e-25 	 rem-pr=1.0000e+00
β= 24,	 pr=7.7057e-24, 	 cum-pr=8.2783e-24 	 rem-pr=1.0000e+00
β= 25,	 pr=1.1905e-22, 	 cum-pr=1.2732e-22 	 rem-pr=1.0000e+00
β= 26,	 pr=1.6830e-21, 	 cum-pr=1.8104e-21 	 rem-pr=1.0000e+00
β= 27,	 pr=1.8692e-20, 	 cum-pr=2.0503e-20 	 rem-pr=1.0000e+00
β= 28,	 pr=1.9502e-19, 	 cum-pr=2.1553e-19 	 rem-pr=1.0000e+00
β= 29,	 pr=2.1878e-18, 	 cum-pr=2.4034e-18 	 rem-pr=1.0000e+00
β= 30,	 pr=2.7542e-17, 	 cum-pr=2.9945e-17 	 rem-pr=1.0000e+00
β= 31,	 pr=4.0960e-16, 	 cum-pr=4.3954e-16 	 rem-pr=1.0000e+00
β= 32,	 pr=6.6776e-15, 	 cum-pr=7.1171e-15 	 rem-pr=1.0000e+00
β= 33,	 pr=8.4669e-14, 	 cum-pr=9.1786e-14 	 rem-pr=1.0000e+00
β= 34,	 pr=1.1201e-12, 	 cum-pr=1.2119e-12 	 rem-pr=1.0000e+00
β= 35,	 pr=1.1084e-11, 	 cum-pr=1.2296e-11 	 rem-pr=1.0000e+00
β= 36,	 pr=9.5031e-11, 	 cum-pr=1.0733e-10 	 rem-pr=1.0000e+00
β= 37,	 pr=6.5653e-10, 	 cum-pr=7.6386e-10 	 rem-pr=1.0000e+00
β= 38,	 pr=3.8364e-09, 	 cum-pr=4.6003e-09 	 rem-pr=1.0000e+00
β= 39,	 pr=2.1832e-08, 	 cum-pr=2.6433e-08 	 rem-pr=1.0000e+00
β= 40,	 pr=1.0086e-07, 	 cum-pr=1.2729e-07 	 rem-pr=1.0000e+00
β= 41,	 pr=4.5789e-07, 	 cum-pr=5.8518e-07 	 rem-pr=1.0000e+00
β= 42,	 pr=1.9505e-06, 	 cum-pr=2.5357e-06 	 rem-pr=1.0000e+00
β= 43,	 pr=1.0677e-05, 	 cum-pr=1.3212e-05 	 rem-pr=9.9999e-01
β= 44,	 pr=4.3851e-05, 	 cum-pr=5.7062e-05 	 rem-pr=9.9994e-01
β= 45,	 pr=1.7188e-04, 	 cum-pr=2.2893e-04 	 rem-pr=9.9977e-01
β= 46,	 pr=7.7774e-04, 	 cum-pr=1.0065e-03 	 rem-pr=9.9899e-01
β= 47,	 pr=2.5662e-03, 	 cum-pr=3.5701e-03 	 rem-pr=9.9643e-01
β= 48,	 pr=7.4510e-03, 	 cum-pr=1.0995e-02 	 rem-pr=9.8901e-01
β= 49,	 pr=1.9066e-02, 	 cum-pr=2.9851e-02 	 rem-pr=9.7015e-01
β= 50,	 pr=4.3193e-02, 	 cum-pr=7.1755e-02 	 rem-pr=9.2825e-01
β= 51,	 pr=8.7109e-02, 	 cum-pr=1.5261e-01 	 rem-pr=8.4739e-01
β= 52,	 pr=1.5740e-01, 	 cum-pr=2.8599e-01 	 rem-pr=7.1401e-01
β= 53,	 pr=2.5665e-01, 	 cum-pr=4.6924e-01 	 rem-pr=5.3076e-01
β= 54,	 pr=3.8063e-01, 	 cum-pr=6.7127e-01 	 rem-pr=3.2873e-01
β= 55,	 pr=5.1794e-01, 	 cum-pr=8.4153e-01 	 rem-pr=1.5847e-01
β= 56,	 pr=6.5299e-01, 	 cum-pr=9.4501e-01 	 rem-pr=5.4991e-02
β= 57,	 pr=7.7097e-01, 	 cum-pr=9.8741e-01 	 rem-pr=1.2594e-02
β= 58,	 pr=8.6251e-01, 	 cum-pr=9.9827e-01 	 rem-pr=1.7317e-03
β= 59,	 pr=9.2547e-01, 	 cum-pr=9.9987e-01 	 rem-pr=1.2905e-04
[4;37m       Attack Estimation      [0m
[1;33m dim=256 	 	 	 β=53.53  [0m
[0m  [0m
[4;37m       Running the Attack      [0m
[0m Running BKZ-55 [0m [0m Running BKZ-54 [0m [0m Running BKZ-54 [0m [1;37;42m Success ! [0m
[0m  [0m
[4;37m      Build EBDD from LWE      [0m
[1;33m n=128 	 m=128 	 q=3329 [0m
[4;37m       Attack Estimation      [0m
[1;33m dim=256 	 δ=1.012119 	 β=49.40  [0m
[0m  [0m
β= 2,	 pr=5.9861e-44, 	 cum-pr=5.9861e-44 	 rem-pr=1.0000e+00
β= 3,	 pr=1.3339e-40, 	 cum-pr=1.3345e-40 	 rem-pr=1.0000e+00
β= 4,	 pr=7.1719e-39, 	 cum-pr=7.3054e-39 	 rem-pr=1.0000e+00
β= 5,	 pr=9.9782e-38, 	 cum-pr=1.0709e-37 	 rem-pr=1.0000e+00
β= 6,	 pr=7.1767e-37, 	 cum-pr=8.2476e-37 	 rem-pr=1.0000e+00
β= 7,	 pr=3.5142e-36, 	 cum-pr=4.3390e-36 	 rem-pr=1.0000e+00
β= 8,	 pr=1.3859e-35, 	 cum-pr=1.8198e-35 	 rem-pr=1.0000e+00
β= 9,	 pr=4.8161e-35, 	 cum-pr=6.6359e-35 	 rem-pr=1.0000e+00
β= 10,	 pr=1.5391e-34, 	 cum-pr=2.2027e-34 	 rem-pr=1.0000e+00
β= 11,	 pr=4.8422e-34, 	 cum-pr=7.0449e-34 	 rem-pr=1.0000e+00
β= 12,	 pr=1.5680e-33, 	 cum-pr=2.2725e-33 	 rem-pr=1.0000e+00
β= 13,	 pr=5.2008e-33, 	 cum-pr=7.4733e-33 	 rem-pr=1.0000e+00
β= 14,	 pr=1.8554e-32, 	 cum-pr=2.6028e-32 	 rem-pr=1.0000e+00
β= 15,	 pr=7.4084e-32, 	 cum-pr=1.0011e-31 	 rem-pr=1.0000e+00
β= 16,	 pr=3.5144e-31, 	 cum-pr=4.5156e-31 	 rem-pr=1.0000e+00
β= 17,	 pr=1.8098e-30, 	 cum-pr=2.2613e-30 	 rem-pr=1.0000e+00
β= 18,	 pr=1.0442e-29, 	 cum-pr=1.2703e-29 	 rem-pr=1.0000e+00
β= 19,	 pr=7.8490e-29, 	 cum-pr=9.1193e-29 	 rem-pr=1.0000e+00
β= 20,	 pr=6.4021e-28, 	 cum-pr=7.3140e-28 	 rem-pr=1.0000e+00
β= 21,	 pr=5.3173e-27, 	 cum-pr=6.0487e-27 	 rem-pr=1.0000e+00
β= 22,	 pr=4.2968e-26, 	 cum-pr=4.9017e-26 	 rem-pr=1.0000e+00
β= 23,	 pr=5.2357e-25, 	 cum-pr=5.7259e-25 	 rem-pr=1.0000e+00
β= 24,	 pr=7.7057e-24, 	 cum-pr=8.2783e-24 	 rem-pr=1.0000e+00
β= 25,	 pr=1.1905e-22, 	 cum-pr=1.2732e-22 	 rem-pr=1.0000e+00
β= 26,	 pr=1.6830e-21, 	 cum-pr=1.8104e-21 	 rem-pr=1.0000e+00
β= 27,	 pr=1.8692e-20, 	 cum-pr=2.0503e-20 	 rem-pr=1.0000e+00
β= 28,	 pr=1.9502e-19, 	 cum-pr=2.1553e-19 	 rem-pr=1.0000e+00
β= 29,	 pr=2.1878e-18, 	 cum-pr=2.4034e-18 	 rem-pr=1.0000e+00
β= 30,	 pr=2.7542e-17, 	 cum-pr=2.9945e-17 	 rem-pr=1.0000e+00
β= 31,	 pr=4.0960e-16, 	 cum-pr=4.3954e-16 	 rem-pr=1.0000e+00
β= 32,	 pr=6.6776e-15, 	 cum-pr=7.1171e-15 	 rem-pr=1.0000e+00
β= 33,	 pr=8.4669e-14, 	 cum-pr=9.1786e-14 	 rem-pr=1.0000e+00
β= 34,	 pr=1.1201e-12, 	 cum-pr=1.2119e-12 	 rem-pr=1.0000e+00
β= 35,	 pr=1.1084e-11, 	 cum-pr=1.2296e-11 	 rem-pr=1.0000e+00
β= 36,	 pr=9.5031e-11, 	 cum-pr=1.0733e-10 	 rem-pr=1.0000e+00
β= 37,	 pr=6.5653e-10, 	 cum-pr=7.6386e-10 	 rem-pr=1.0000e+00
β= 38,	 pr=3.8364e-09, 	 cum-pr=4.6003e-09 	 rem-pr=1.0000e+00
β= 39,	 pr=2.1832e-08, 	 cum-pr=2.6433e-08 	 rem-pr=1.0000e+00
β= 40,	 pr=1.0086e-07, 	 cum-pr=1.2729e-07 	 rem-pr=1.0000e+00
β= 41,	 pr=4.5789e-07, 	 cum-pr=5.8518e-07 	 rem-pr=1.0000e+00
β= 42,	 pr=1.9505e-06, 	 cum-pr=2.5357e-06 	 rem-pr=1.0000e+00
β= 43,	 pr=1.0677e-05, 	 cum-pr=1.3212e-05 	 rem-pr=9.9999e-01
β= 44,	 pr=4.3851e-05, 	 cum-pr=5.7062e-05 	 rem-pr=9.9994e-01
β= 45,	 pr=1.7188e-04, 	 cum-pr=2.2893e-04 	 rem-pr=9.9977e-01
β= 46,	 pr=7.7774e-04, 	 cum-pr=1.0065e-03 	 rem-pr=9.9899e-01
β= 47,	 pr=2.5662e-03, 	 cum-pr=3.5701e-03 	 rem-pr=9.9643e-01
β= 48,	 pr=7.4510e-03, 	 cum-pr=1.0995e-02 	 rem-pr=9.8901e-01
β= 49,	 pr=1.9066e-02, 	 cum-pr=2.9851e-02 	 rem-pr=9.7015e-01
β= 50,	 pr=4.3193e-02, 	 cum-pr=7.1755e-02 	 rem-pr=9.2825e-01
β= 51,	 pr=8.7109e-02, 	 cum-pr=1.5261e-01 	 rem-pr=8.4739e-01
β= 52,	 pr=1.5740e-01, 	 cum-pr=2.8599e-01 	 rem-pr=7.1401e-01
β= 53,	 pr=2.5665e-01, 	 cum-pr=4.6924e-01 	 rem-pr=5.3076e-01
β= 54,	 pr=3.8063e-01, 	 cum-pr=6.7127e-01 	 rem-pr=3.2873e-01
β= 55,	 pr=5.1794e-01, 	 cum-pr=8.4153e-01 	 rem-pr=1.5847e-01
β= 56,	 pr=6.5299e-01, 	 cum-pr=9.4501e-01 	 rem-pr=5.4991e-02
β= 57,	 pr=7.7097e-01, 	 cum-pr=9.8741e-01 	 rem-pr=1.2594e-02
β= 58,	 pr=8.6251e-01, 	 cum-pr=9.9827e-01 	 rem-pr=1.7317e-03
β= 59,	 pr=9.2547e-01, 	 cum-pr=9.9987e-01 	 rem-pr=1.2905e-04
[4;37m       Attack Estimation      [0m
[1;33m dim=256 	 	 	 β=53.53  [0m
[0m  [0m
[4;37m       Running the Attack      [0m
[0m Running BKZ-53 [0m [0m Running BKZ-2 [0m [0m Running BKZ-56 [0m [1;37;42m Success ! [0m
[0m  [0m
[4;37m      Build EBDD from LWE      [0m
[1;33m n=128 	 m=128 	 q=3329 [0m
[4;37m       Attack Estimation      [0m
[1;33m dim=256 	 δ=1.012119 	 β=49.40  [0m
[0m  [0m
β= 2,	 pr=5.9861e-44, 	 cum-pr=5.9861e-44 	 rem-pr=1.0000e+00
β= 3,	 pr=1.3339e-40, 	 cum-pr=1.3345e-40 	 rem-pr=1.0000e+00
β= 4,	 pr=7.1719e-39, 	 cum-pr=7.3054e-39 	 rem-pr=1.0000e+00
β= 5,	 pr=9.9782e-38, 	 cum-pr=1.0709e-37 	 rem-pr=1.0000e+00
β= 6,	 pr=7.1767e-37, 	 cum-pr=8.2476e-37 	 rem-pr=1.0000e+00
β= 7,	 pr=3.5142e-36, 	 cum-pr=4.3390e-36 	 rem-pr=1.0000e+00
β= 8,	 pr=1.3859e-35, 	 cum-pr=1.8198e-35 	 rem-pr=1.0000e+00
β= 9,	 pr=4.8161e-35, 	 cum-pr=6.6359e-35 	 rem-pr=1.0000e+00
β= 10,	 pr=1.5391e-34, 	 cum-pr=2.2027e-34 	 rem-pr=1.0000e+00
β= 11,	 pr=4.8422e-34, 	 cum-pr=7.0449e-34 	 rem-pr=1.0000e+00
β= 12,	 pr=1.5680e-33, 	 cum-pr=2.2725e-33 	 rem-pr=1.0000e+00
β= 13,	 pr=5.2008e-33, 	 cum-pr=7.4733e-33 	 rem-pr=1.0000e+00
β= 14,	 pr=1.8554e-32, 	 cum-pr=2.6028e-32 	 rem-pr=1.0000e+00
β= 15,	 pr=7.4084e-32, 	 cum-pr=1.0011e-31 	 rem-pr=1.0000e+00
β= 16,	 pr=3.5144e-31, 	 cum-pr=4.5156e-31 	 rem-pr=1.0000e+00
β= 17,	 pr=1.8098e-30, 	 cum-pr=2.2613e-30 	 rem-pr=1.0000e+00
β= 18,	 pr=1.0442e-29, 	 cum-pr=1.2703e-29 	 rem-pr=1.0000e+00
β= 19,	 pr=7.8490e-29, 	 cum-pr=9.1193e-29 	 rem-pr=1.0000e+00
β= 20,	 pr=6.4021e-28, 	 cum-pr=7.3140e-28 	 rem-pr=1.0000e+00
β= 21,	 pr=5.3173e-27, 	 cum-pr=6.0487e-27 	 rem-pr=1.0000e+00
β= 22,	 pr=4.2968e-26, 	 cum-pr=4.9017e-26 	 rem-pr=1.0000e+00
β= 23,	 pr=5.2357e-25, 	 cum-pr=5.7259e-25 	 rem-pr=1.0000e+00
β= 24,	 pr=7.7057e-24, 	 cum-pr=8.2783e-24 	 rem-pr=1.0000e+00
β= 25,	 pr=1.1905e-22, 	 cum-pr=1.2732e-22 	 rem-pr=1.0000e+00
β= 26,	 pr=1.6830e-21, 	 cum-pr=1.8104e-21 	 rem-pr=1.0000e+00
β= 27,	 pr=1.8692e-20, 	 cum-pr=2.0503e-20 	 rem-pr=1.0000e+00
β= 28,	 pr=1.9502e-19, 	 cum-pr=2.1553e-19 	 rem-pr=1.0000e+00
β= 29,	 pr=2.1878e-18, 	 cum-pr=2.4034e-18 	 rem-pr=1.0000e+00
β= 30,	 pr=2.7542e-17, 	 cum-pr=2.9945e-17 	 rem-pr=1.0000e+00
β= 31,	 pr=4.0960e-16, 	 cum-pr=4.3954e-16 	 rem-pr=1.0000e+00
β= 32,	 pr=6.6776e-15, 	 cum-pr=7.1171e-15 	 rem-pr=1.0000e+00
β= 33,	 pr=8.4669e-14, 	 cum-pr=9.1786e-14 	 rem-pr=1.0000e+00
β= 34,	 pr=1.1201e-12, 	 cum-pr=1.2119e-12 	 rem-pr=1.0000e+00
β= 35,	 pr=1.1084e-11, 	 cum-pr=1.2296e-11 	 rem-pr=1.0000e+00
β= 36,	 pr=9.5031e-11, 	 cum-pr=1.0733e-10 	 rem-pr=1.0000e+00
β= 37,	 pr=6.5653e-10, 	 cum-pr=7.6386e-10 	 rem-pr=1.0000e+00
β= 38,	 pr=3.8364e-09, 	 cum-pr=4.6003e-09 	 rem-pr=1.0000e+00
β= 39,	 pr=2.1832e-08, 	 cum-pr=2.6433e-08 	 rem-pr=1.0000e+00
β= 40,	 pr=1.0086e-07, 	 cum-pr=1.2729e-07 	 rem-pr=1.0000e+00
β= 41,	 pr=4.5789e-07, 	 cum-pr=5.8518e-07 	 rem-pr=1.0000e+00
β= 42,	 pr=1.9505e-06, 	 cum-pr=2.5357e-06 	 rem-pr=1.0000e+00
β= 43,	 pr=1.0677e-05, 	 cum-pr=1.3212e-05 	 rem-pr=9.9999e-01
β= 44,	 pr=4.3851e-05, 	 cum-pr=5.7062e-05 	 rem-pr=9.9994e-01
β= 45,	 pr=1.7188e-04, 	 cum-pr=2.2893e-04 	 rem-pr=9.9977e-01
β= 46,	 pr=7.7774e-04, 	 cum-pr=1.0065e-03 	 rem-pr=9.9899e-01
β= 47,	 pr=2.5662e-03, 	 cum-pr=3.5701e-03 	 rem-pr=9.9643e-01
β= 48,	 pr=7.4510e-03, 	 cum-pr=1.0995e-02 	 rem-pr=9.8901e-01
β= 49,	 pr=1.9066e-02, 	 cum-pr=2.9851e-02 	 rem-pr=9.7015e-01
β= 50,	 pr=4.3193e-02, 	 cum-pr=7.1755e-02 	 rem-pr=9.2825e-01
β= 51,	 pr=8.7109e-02, 	 cum-pr=1.5261e-01 	 rem-pr=8.4739e-01
β= 52,	 pr=1.5740e-01, 	 cum-pr=2.8599e-01 	 rem-pr=7.1401e-01
β= 53,	 pr=2.5665e-01, 	 cum-pr=4.6924e-01 	 rem-pr=5.3076e-01
β= 54,	 pr=3.8063e-01, 	 cum-pr=6.7127e-01 	 rem-pr=3.2873e-01
β= 55,	 pr=5.1794e-01, 	 cum-pr=8.4153e-01 	 rem-pr=1.5847e-01
β= 56,	 pr=6.5299e-01, 	 cum-pr=9.4501e-01 	 rem-pr=5.4991e-02
β= 57,	 pr=7.7097e-01, 	 cum-pr=9.8741e-01 	 rem-pr=1.2594e-02
β= 58,	 pr=8.6251e-01, 	 cum-pr=9.9827e-01 	 rem-pr=1.7317e-03
β= 59,	 pr=9.2547e-01, 	 cum-pr=9.9987e-01 	 rem-pr=1.2905e-04
[4;37m       Attack Estimation      [0m
[1;33m dim=256 	 	 	 β=53.53  [0m
[0m  [0m
[4;37m       Running the Attack      [0m
[0m Running BKZ-3 [0m [0m Running BKZ-55 [0m [0m Running BKZ-4 [0m [0m Running BKZ-5 [0m [0m Running BKZ-6 [0m [0m Running BKZ-7 [0m [0m Running BKZ-8 [0m [0m Running BKZ-9 [0m [0m Running BKZ-10 [0m [0m Running BKZ-54 [0m [0m Running BKZ-11 [0m [0m Running BKZ-12 [0m [0m Running BKZ-13 [0m [0m Running BKZ-56 [0m [0m Running BKZ-14 [0m [0m Running BKZ-53 [0m [0m Running BKZ-15 [0m [0m Running BKZ-16 [0m [0m Running BKZ-17 [0m [0m Running BKZ-2 [0m [0m Running BKZ-18 [0m [0m Running BKZ-19 [0m [1;37;42m Success ! [0m
[0m  [0m
[4;37m      Build EBDD from LWE      [0m
[1;33m n=128 	 m=128 	 q=3329 [0m
[0m Running BKZ-20 [0m [4;37m       Attack Estimation      [0m
[1;33m dim=256 	 δ=1.012119 	 β=49.40  [0m
[0m  [0m
[0m Running BKZ-54 [0m [0m Running BKZ-21 [0m [0m Running BKZ-22 [0m [0m Running BKZ-54 [0m [0m Running BKZ-23 [0m β= 2,	 pr=5.9861e-44, 	 cum-pr=5.9861e-44 	 rem-pr=1.0000e+00
β= 3,	 pr=1.3339e-40, 	 cum-pr=1.3345e-40 	 rem-pr=1.0000e+00
β= 4,	 pr=7.1719e-39, 	 cum-pr=7.3054e-39 	 rem-pr=1.0000e+00
β= 5,	 pr=9.9782e-38, 	 cum-pr=1.0709e-37 	 rem-pr=1.0000e+00
β= 6,	 pr=7.1767e-37, 	 cum-pr=8.2476e-37 	 rem-pr=1.0000e+00
β= 7,	 pr=3.5142e-36, 	 cum-pr=4.3390e-36 	 rem-pr=1.0000e+00
β= 8,	 pr=1.3859e-35, 	 cum-pr=1.8198e-35 	 rem-pr=1.0000e+00
β= 9,	 pr=4.8161e-35, 	 cum-pr=6.6359e-35 	 rem-pr=1.0000e+00
β= 10,	 pr=1.5391e-34, 	 cum-pr=2.2027e-34 	 rem-pr=1.0000e+00
β= 11,	 pr=4.8422e-34, 	 cum-pr=7.0449e-34 	 rem-pr=1.0000e+00
β= 12,	 pr=1.5680e-33, 	 cum-pr=2.2725e-33 	 rem-pr=1.0000e+00
β= 13,	 pr=5.2008e-33, 	 cum-pr=7.4733e-33 	 rem-pr=1.0000e+00
β= 14,	 pr=1.8554e-32, 	 cum-pr=2.6028e-32 	 rem-pr=1.0000e+00
β= 15,	 pr=7.4084e-32, 	 cum-pr=1.0011e-31 	 rem-pr=1.0000e+00
β= 16,	 pr=3.5144e-31, 	 cum-pr=4.5156e-31 	 rem-pr=1.0000e+00
β= 17,	 pr=1.8098e-30, 	 cum-pr=2.2613e-30 	 rem-pr=1.0000e+00
β= 18,	 pr=1.0442e-29, 	 cum-pr=1.2703e-29 	 rem-pr=1.0000e+00
β= 19,	 pr=7.8490e-29, 	 cum-pr=9.1193e-29 	 rem-pr=1.0000e+00
β= 20,	 pr=6.4021e-28, 	 cum-pr=7.3140e-28 	 rem-pr=1.0000e+00
β= 21,	 pr=5.3173e-27, 	 cum-pr=6.0487e-27 	 rem-pr=1.0000e+00
β= 22,	 pr=4.2968e-26, 	 cum-pr=4.9017e-26 	 rem-pr=1.0000e+00
β= 23,	 pr=5.2357e-25, 	 cum-pr=5.7259e-25 	 rem-pr=1.0000e+00
β= 24,	 pr=7.7057e-24, 	 cum-pr=8.2783e-24 	 rem-pr=1.0000e+00
β= 25,	 pr=1.1905e-22, 	 cum-pr=1.2732e-22 	 rem-pr=1.0000e+00
β= 26,	 pr=1.6830e-21, 	 cum-pr=1.8104e-21 	 rem-pr=1.0000e+00
β= 27,	 pr=1.8692e-20, 	 cum-pr=2.0503e-20 	 rem-pr=1.0000e+00
β= 28,	 pr=1.9502e-19, 	 cum-pr=2.1553e-19 	 rem-pr=1.0000e+00
β= 29,	 pr=2.1878e-18, 	 cum-pr=2.4034e-18 	 rem-pr=1.0000e+00
β= 30,	 pr=2.7542e-17, 	 cum-pr=2.9945e-17 	 rem-pr=1.0000e+00
β= 31,	 pr=4.0960e-16, 	 cum-pr=4.3954e-16 	 rem-pr=1.0000e+00
β= 32,	 pr=6.6776e-15, 	 cum-pr=7.1171e-15 	 rem-pr=1.0000e+00
β= 33,	 pr=8.4669e-14, 	 cum-pr=9.1786e-14 	 rem-pr=1.0000e+00
β= 34,	 pr=1.1201e-12, 	 cum-pr=1.2119e-12 	 rem-pr=1.0000e+00
β= 35,	 pr=1.1084e-11, 	 cum-pr=1.2296e-11 	 rem-pr=1.0000e+00
β= 36,	 pr=9.5031e-11, 	 cum-pr=1.0733e-10 	 rem-pr=1.0000e+00
β= 37,	 pr=6.5653e-10, 	 cum-pr=7.6386e-10 	 rem-pr=1.0000e+00
β= 38,	 pr=3.8364e-09, 	 cum-pr=4.6003e-09 	 rem-pr=1.0000e+00
β= 39,	 pr=2.1832e-08, 	 cum-pr=2.6433e-08 	 rem-pr=1.0000e+00
β= 40,	 pr=1.0086e-07, 	 cum-pr=1.2729e-07 	 rem-pr=1.0000e+00
β= 41,	 pr=4.5789e-07, 	 cum-pr=5.8518e-07 	 rem-pr=1.0000e+00
β= 42,	 pr=1.9505e-06, 	 cum-pr=2.5357e-06 	 rem-pr=1.0000e+00
β= 43,	 pr=1.0677e-05, 	 cum-pr=1.3212e-05 	 rem-pr=9.9999e-01
β= 44,	 pr=4.3851e-05, 	 cum-pr=5.7062e-05 	 rem-pr=9.9994e-01
β= 45,	 pr=1.7188e-04, 	 cum-pr=2.2893e-04 	 rem-pr=9.9977e-01
β= 46,	 pr=7.7774e-04, 	 cum-pr=1.0065e-03 	 rem-pr=9.9899e-01
β= 47,	 pr=2.5662e-03, 	 cum-pr=3.5701e-03 	 rem-pr=9.9643e-01
β= 48,	 pr=7.4510e-03, 	 cum-pr=1.0995e-02 	 rem-pr=9.8901e-01
β= 49,	 pr=1.9066e-02, 	 cum-pr=2.9851e-02 	 rem-pr=9.7015e-01
β= 50,	 pr=4.3193e-02, 	 cum-pr=7.1755e-02 	 rem-pr=9.2825e-01
β= 51,	 pr=8.7109e-02, 	 cum-pr=1.5261e-01 	 rem-pr=8.4739e-01
β= 52,	 pr=1.5740e-01, 	 cum-pr=2.8599e-01 	 rem-pr=7.1401e-01
β= 53,	 pr=2.5665e-01, 	 cum-pr=4.6924e-01 	 rem-pr=5.3076e-01
β= 54,	 pr=3.8063e-01, 	 cum-pr=6.7127e-01 	 rem-pr=3.2873e-01
β= 55,	 pr=5.1794e-01, 	 cum-pr=8.4153e-01 	 rem-pr=1.5847e-01
β= 56,	 pr=6.5299e-01, 	 cum-pr=9.4501e-01 	 rem-pr=5.4991e-02
β= 57,	 pr=7.7097e-01, 	 cum-pr=9.8741e-01 	 rem-pr=1.2594e-02
β= 58,	 pr=8.6251e-01, 	 cum-pr=9.9827e-01 	 rem-pr=1.7317e-03
β= 59,	 pr=9.2547e-01, 	 cum-pr=9.9987e-01 	 rem-pr=1.2905e-04
[4;37m       Attack Estimation      [0m
[1;33m dim=256 	 	 	 β=53.53  [0m
[0m  [0m
[4;37m       Running the Attack      [0m
[0m Running BKZ-24 [0m [0m Running BKZ-25 [0m [0m Running BKZ-57 [0m [0m Running BKZ-2 [0m [0m Running BKZ-3 [0m [0m Running BKZ-4 [0m [0m Running BKZ-5 [0m [0m Running BKZ-6 [0m [0m Running BKZ-7 [0m [0m Running BKZ-8 [0m [1;37;42m Success ! [0m
[0m  [0m
[4;37m      Build EBDD from LWE      [0m
[1;33m n=128 	 m=128 	 q=3329 [0m
[0m Running BKZ-9 [0m [0m Running BKZ-3 [0m [4;37m       Attack Estimation      [0m
[1;33m dim=256 	 δ=1.012119 	 β=49.40  [0m
[0m  [0m
[0m Running BKZ-10 [0m [0m Running BKZ-4 [0m [0m Running BKZ-5 [0m [0m Running BKZ-11 [0m [0m Running BKZ-6 [0m [0m Running BKZ-7 [0m [0m Running BKZ-12 [0m [0m Running BKZ-8 [0m [0m Running BKZ-13 [0m [0m Running BKZ-9 [0m [0m Running BKZ-10 [0m [0m Running BKZ-14 [0m β= 2,	 pr=5.9861e-44, 	 cum-pr=5.9861e-44 	 rem-pr=1.0000e+00
β= 3,	 pr=1.3339e-40, 	 cum-pr=1.3345e-40 	 rem-pr=1.0000e+00
β= 4,	 pr=7.1719e-39, 	 cum-pr=7.3054e-39 	 rem-pr=1.0000e+00
β= 5,	 pr=9.9782e-38, 	 cum-pr=1.0709e-37 	 rem-pr=1.0000e+00
β= 6,	 pr=7.1767e-37, 	 cum-pr=8.2476e-37 	 rem-pr=1.0000e+00
β= 7,	 pr=3.5142e-36, 	 cum-pr=4.3390e-36 	 rem-pr=1.0000e+00
β= 8,	 pr=1.3859e-35, 	 cum-pr=1.8198e-35 	 rem-pr=1.0000e+00
β= 9,	 pr=4.8161e-35, 	 cum-pr=6.6359e-35 	 rem-pr=1.0000e+00
β= 10,	 pr=1.5391e-34, 	 cum-pr=2.2027e-34 	 rem-pr=1.0000e+00
β= 11,	 pr=4.8422e-34, 	 cum-pr=7.0449e-34 	 rem-pr=1.0000e+00
β= 12,	 pr=1.5680e-33, 	 cum-pr=2.2725e-33 	 rem-pr=1.0000e+00
β= 13,	 pr=5.2008e-33, 	 cum-pr=7.4733e-33 	 rem-pr=1.0000e+00
β= 14,	 pr=1.8554e-32, 	 cum-pr=2.6028e-32 	 rem-pr=1.0000e+00
β= 15,	 pr=7.4084e-32, 	 cum-pr=1.0011e-31 	 rem-pr=1.0000e+00
β= 16,	 pr=3.5144e-31, 	 cum-pr=4.5156e-31 	 rem-pr=1.0000e+00
β= 17,	 pr=1.8098e-30, 	 cum-pr=2.2613e-30 	 rem-pr=1.0000e+00
β= 18,	 pr=1.0442e-29, 	 cum-pr=1.2703e-29 	 rem-pr=1.0000e+00
β= 19,	 pr=7.8490e-29, 	 cum-pr=9.1193e-29 	 rem-pr=1.0000e+00
β= 20,	 pr=6.4021e-28, 	 cum-pr=7.3140e-28 	 rem-pr=1.0000e+00
β= 21,	 pr=5.3173e-27, 	 cum-pr=6.0487e-27 	 rem-pr=1.0000e+00
β= 22,	 pr=4.2968e-26, 	 cum-pr=4.9017e-26 	 rem-pr=1.0000e+00
β= 23,	 pr=5.2357e-25, 	 cum-pr=5.7259e-25 	 rem-pr=1.0000e+00
β= 24,	 pr=7.7057e-24, 	 cum-pr=8.2783e-24 	 rem-pr=1.0000e+00
β= 25,	 pr=1.1905e-22, 	 cum-pr=1.2732e-22 	 rem-pr=1.0000e+00
β= 26,	 pr=1.6830e-21, 	 cum-pr=1.8104e-21 	 rem-pr=1.0000e+00
β= 27,	 pr=1.8692e-20, 	 cum-pr=2.0503e-20 	 rem-pr=1.0000e+00
β= 28,	 pr=1.9502e-19, 	 cum-pr=2.1553e-19 	 rem-pr=1.0000e+00
β= 29,	 pr=2.1878e-18, 	 cum-pr=2.4034e-18 	 rem-pr=1.0000e+00
β= 30,	 pr=2.7542e-17, 	 cum-pr=2.9945e-17 	 rem-pr=1.0000e+00
β= 31,	 pr=4.0960e-16, 	 cum-pr=4.3954e-16 	 rem-pr=1.0000e+00
β= 32,	 pr=6.6776e-15, 	 cum-pr=7.1171e-15 	 rem-pr=1.0000e+00
β= 33,	 pr=8.4669e-14, 	 cum-pr=9.1786e-14 	 rem-pr=1.0000e+00
β= 34,	 pr=1.1201e-12, 	 cum-pr=1.2119e-12 	 rem-pr=1.0000e+00
β= 35,	 pr=1.1084e-11, 	 cum-pr=1.2296e-11 	 rem-pr=1.0000e+00
β= 36,	 pr=9.5031e-11, 	 cum-pr=1.0733e-10 	 rem-pr=1.0000e+00
β= 37,	 pr=6.5653e-10, 	 cum-pr=7.6386e-10 	 rem-pr=1.0000e+00
β= 38,	 pr=3.8364e-09, 	 cum-pr=4.6003e-09 	 rem-pr=1.0000e+00
β= 39,	 pr=2.1832e-08, 	 cum-pr=2.6433e-08 	 rem-pr=1.0000e+00
β= 40,	 pr=1.0086e-07, 	 cum-pr=1.2729e-07 	 rem-pr=1.0000e+00
β= 41,	 pr=4.5789e-07, 	 cum-pr=5.8518e-07 	 rem-pr=1.0000e+00
β= 42,	 pr=1.9505e-06, 	 cum-pr=2.5357e-06 	 rem-pr=1.0000e+00
β= 43,	 pr=1.0677e-05, 	 cum-pr=1.3212e-05 	 rem-pr=9.9999e-01
β= 44,	 pr=4.3851e-05, 	 cum-pr=5.7062e-05 	 rem-pr=9.9994e-01
β= 45,	 pr=1.7188e-04, 	 cum-pr=2.2893e-04 	 rem-pr=9.9977e-01
β= 46,	 pr=7.7774e-04, 	 cum-pr=1.0065e-03 	 rem-pr=9.9899e-01
β= 47,	 pr=2.5662e-03, 	 cum-pr=3.5701e-03 	 rem-pr=9.9643e-01
β= 48,	 pr=7.4510e-03, 	 cum-pr=1.0995e-02 	 rem-pr=9.8901e-01
β= 49,	 pr=1.9066e-02, 	 cum-pr=2.9851e-02 	 rem-pr=9.7015e-01
β= 50,	 pr=4.3193e-02, 	 cum-pr=7.1755e-02 	 rem-pr=9.2825e-01
β= 51,	 pr=8.7109e-02, 	 cum-pr=1.5261e-01 	 rem-pr=8.4739e-01
β= 52,	 pr=1.5740e-01, 	 cum-pr=2.8599e-01 	 rem-pr=7.1401e-01
β= 53,	 pr=2.5665e-01, 	 cum-pr=4.6924e-01 	 rem-pr=5.3076e-01
β= 54,	 pr=3.8063e-01, 	 cum-pr=6.7127e-01 	 rem-pr=3.2873e-01
β= 55,	 pr=5.1794e-01, 	 cum-pr=8.4153e-01 	 rem-pr=1.5847e-01
β= 56,	 pr=6.5299e-01, 	 cum-pr=9.4501e-01 	 rem-pr=5.4991e-02
β= 57,	 pr=7.7097e-01, 	 cum-pr=9.8741e-01 	 rem-pr=1.2594e-02
β= 58,	 pr=8.6251e-01, 	 cum-pr=9.9827e-01 	 rem-pr=1.7317e-03
β= 59,	 pr=9.2547e-01, 	 cum-pr=9.9987e-01 	 rem-pr=1.2905e-04
[4;37m       Attack Estimation      [0m
[1;33m dim=256 	 	 	 β=53.53  [0m
[0m  [0m
[4;37m       Running the Attack      [0m
[0m Running BKZ-11 [0m [0m Running BKZ-15 [0m [0m Running BKZ-12 [0m [0m Running BKZ-13 [0m [0m Running BKZ-16 [0m [0m Running BKZ-14 [0m [0m Running BKZ-17 [0m [0m Running BKZ-15 [0m [0m Running BKZ-54 [0m [0m Running BKZ-16 [0m [0m Running BKZ-18 [0m [0m Running BKZ-17 [0m [0m Running BKZ-2 [0m [0m Running BKZ-19 [0m [0m Running BKZ-18 [0m [0m Running BKZ-55 [0m [0m Running BKZ-19 [0m [0m Running BKZ-20 [0m [0m Running BKZ-20 [0m [0m Running BKZ-55 [0m [0m Running BKZ-21 [0m [0m Running BKZ-21 [0m [0m Running BKZ-22 [0m [0m Running BKZ-22 [0m [0m Running BKZ-23 [0m [0m Running BKZ-23 [0m [0m Running BKZ-24 [0m [0m Running BKZ-3 [0m [1;37;42m Success ! [0m
[0m  [0m
[0m Running BKZ-4 [0m [0m Running BKZ-24 [0m [0m Running BKZ-25 [0m [0m Running BKZ-5 [0m [0m Running BKZ-6 [0m [0m Running BKZ-26 [0m [0m Running BKZ-7 [0m [0m Running BKZ-25 [0m [0m Running BKZ-8 [0m [0m Running BKZ-27 [0m [0m Running BKZ-9 [0m [0m Running BKZ-26 [0m [0m Running BKZ-10 [0m [0m Running BKZ-28 [0m [0m Running BKZ-11 [0m [0m Running BKZ-27 [0m [0m Running BKZ-12 [0m [0m Running BKZ-29 [0m [0m Running BKZ-13 [0m [0m Running BKZ-14 [0m [0m Running BKZ-28 [0m [0m Running BKZ-30 [0m [0m Running BKZ-15 [0m [0m Running BKZ-2 [0m [0m Running BKZ-16 [0m [0m Running BKZ-31 [0m [0m Running BKZ-29 [0m [0m Running BKZ-17 [0m [0m Running BKZ-56 [0m [0m Running BKZ-18 [0m [0m Running BKZ-19 [0m [0m Running BKZ-20 [0m [1;37;42m Success ! [0m
[0m  [0m
[4;37m      Build EBDD from LWE      [0m
[1;33m n=128 	 m=128 	 q=3329 [0m
[4;37m       Attack Estimation      [0m
[1;33m dim=256 	 δ=1.012119 	 β=49.40  [0m
[0m  [0m
[0m Running BKZ-21 [0m [0m Running BKZ-22 [0m [0m Running BKZ-3 [0m [0m Running BKZ-23 [0m [0m Running BKZ-4 [0m [0m Running BKZ-5 [0m [0m Running BKZ-24 [0m [0m Running BKZ-6 [0m β= 2,	 pr=5.9861e-44, 	 cum-pr=5.9861e-44 	 rem-pr=1.0000e+00
β= 3,	 pr=1.3339e-40, 	 cum-pr=1.3345e-40 	 rem-pr=1.0000e+00
β= 4,	 pr=7.1719e-39, 	 cum-pr=7.3054e-39 	 rem-pr=1.0000e+00
β= 5,	 pr=9.9782e-38, 	 cum-pr=1.0709e-37 	 rem-pr=1.0000e+00
β= 6,	 pr=7.1767e-37, 	 cum-pr=8.2476e-37 	 rem-pr=1.0000e+00
β= 7,	 pr=3.5142e-36, 	 cum-pr=4.3390e-36 	 rem-pr=1.0000e+00
β= 8,	 pr=1.3859e-35, 	 cum-pr=1.8198e-35 	 rem-pr=1.0000e+00
β= 9,	 pr=4.8161e-35, 	 cum-pr=6.6359e-35 	 rem-pr=1.0000e+00
β= 10,	 pr=1.5391e-34, 	 cum-pr=2.2027e-34 	 rem-pr=1.0000e+00
β= 11,	 pr=4.8422e-34, 	 cum-pr=7.0449e-34 	 rem-pr=1.0000e+00
β= 12,	 pr=1.5680e-33, 	 cum-pr=2.2725e-33 	 rem-pr=1.0000e+00
β= 13,	 pr=5.2008e-33, 	 cum-pr=7.4733e-33 	 rem-pr=1.0000e+00
β= 14,	 pr=1.8554e-32, 	 cum-pr=2.6028e-32 	 rem-pr=1.0000e+00
β= 15,	 pr=7.4084e-32, 	 cum-pr=1.0011e-31 	 rem-pr=1.0000e+00
β= 16,	 pr=3.5144e-31, 	 cum-pr=4.5156e-31 	 rem-pr=1.0000e+00
β= 17,	 pr=1.8098e-30, 	 cum-pr=2.2613e-30 	 rem-pr=1.0000e+00
β= 18,	 pr=1.0442e-29, 	 cum-pr=1.2703e-29 	 rem-pr=1.0000e+00
β= 19,	 pr=7.8490e-29, 	 cum-pr=9.1193e-29 	 rem-pr=1.0000e+00
β= 20,	 pr=6.4021e-28, 	 cum-pr=7.3140e-28 	 rem-pr=1.0000e+00
β= 21,	 pr=5.3173e-27, 	 cum-pr=6.0487e-27 	 rem-pr=1.0000e+00
β= 22,	 pr=4.2968e-26, 	 cum-pr=4.9017e-26 	 rem-pr=1.0000e+00
β= 23,	 pr=5.2357e-25, 	 cum-pr=5.7259e-25 	 rem-pr=1.0000e+00
β= 24,	 pr=7.7057e-24, 	 cum-pr=8.2783e-24 	 rem-pr=1.0000e+00
β= 25,	 pr=1.1905e-22, 	 cum-pr=1.2732e-22 	 rem-pr=1.0000e+00
β= 26,	 pr=1.6830e-21, 	 cum-pr=1.8104e-21 	 rem-pr=1.0000e+00
β= 27,	 pr=1.8692e-20, 	 cum-pr=2.0503e-20 	 rem-pr=1.0000e+00
β= 28,	 pr=1.9502e-19, 	 cum-pr=2.1553e-19 	 rem-pr=1.0000e+00
β= 29,	 pr=2.1878e-18, 	 cum-pr=2.4034e-18 	 rem-pr=1.0000e+00
β= 30,	 pr=2.7542e-17, 	 cum-pr=2.9945e-17 	 rem-pr=1.0000e+00
β= 31,	 pr=4.0960e-16, 	 cum-pr=4.3954e-16 	 rem-pr=1.0000e+00
β= 32,	 pr=6.6776e-15, 	 cum-pr=7.1171e-15 	 rem-pr=1.0000e+00
β= 33,	 pr=8.4669e-14, 	 cum-pr=9.1786e-14 	 rem-pr=1.0000e+00
β= 34,	 pr=1.1201e-12, 	 cum-pr=1.2119e-12 	 rem-pr=1.0000e+00
β= 35,	 pr=1.1084e-11, 	 cum-pr=1.2296e-11 	 rem-pr=1.0000e+00
β= 36,	 pr=9.5031e-11, 	 cum-pr=1.0733e-10 	 rem-pr=1.0000e+00
β= 37,	 pr=6.5653e-10, 	 cum-pr=7.6386e-10 	 rem-pr=1.0000e+00
β= 38,	 pr=3.8364e-09, 	 cum-pr=4.6003e-09 	 rem-pr=1.0000e+00
β= 39,	 pr=2.1832e-08, 	 cum-pr=2.6433e-08 	 rem-pr=1.0000e+00
β= 40,	 pr=1.0086e-07, 	 cum-pr=1.2729e-07 	 rem-pr=1.0000e+00
β= 41,	 pr=4.5789e-07, 	 cum-pr=5.8518e-07 	 rem-pr=1.0000e+00
β= 42,	 pr=1.9505e-06, 	 cum-pr=2.5357e-06 	 rem-pr=1.0000e+00
β= 43,	 pr=1.0677e-05, 	 cum-pr=1.3212e-05 	 rem-pr=9.9999e-01
β= 44,	 pr=4.3851e-05, 	 cum-pr=5.7062e-05 	 rem-pr=9.9994e-01
β= 45,	 pr=1.7188e-04, 	 cum-pr=2.2893e-04 	 rem-pr=9.9977e-01
β= 46,	 pr=7.7774e-04, 	 cum-pr=1.0065e-03 	 rem-pr=9.9899e-01
β= 47,	 pr=2.5662e-03, 	 cum-pr=3.5701e-03 	 rem-pr=9.9643e-01
β= 48,	 pr=7.4510e-03, 	 cum-pr=1.0995e-02 	 rem-pr=9.8901e-01
β= 49,	 pr=1.9066e-02, 	 cum-pr=2.9851e-02 	 rem-pr=9.7015e-01
β= 50,	 pr=4.3193e-02, 	 cum-pr=7.1755e-02 	 rem-pr=9.2825e-01
β= 51,	 pr=8.7109e-02, 	 cum-pr=1.5261e-01 	 rem-pr=8.4739e-01
β= 52,	 pr=1.5740e-01, 	 cum-pr=2.8599e-01 	 rem-pr=7.1401e-01
β= 53,	 pr=2.5665e-01, 	 cum-pr=4.6924e-01 	 rem-pr=5.3076e-01
β= 54,	 pr=3.8063e-01, 	 cum-pr=6.7127e-01 	 rem-pr=3.2873e-01
β= 55,	 pr=5.1794e-01, 	 cum-pr=8.4153e-01 	 rem-pr=1.5847e-01
β= 56,	 pr=6.5299e-01, 	 cum-pr=9.4501e-01 	 rem-pr=5.4991e-02
β= 57,	 pr=7.7097e-01, 	 cum-pr=9.8741e-01 	 rem-pr=1.2594e-02
β= 58,	 pr=8.6251e-01, 	 cum-pr=9.9827e-01 	 rem-pr=1.7317e-03
β= 59,	 pr=9.2547e-01, 	 cum-pr=9.9987e-01 	 rem-pr=1.2905e-04
[4;37m       Attack Estimation      [0m
[1;33m dim=256 	 	 	 β=53.53  [0m
[0m  [0m
[4;37m       Running the Attack      [0m
[0m Running BKZ-7 [0m [0m Running BKZ-25 [0m [0m Running BKZ-8 [0m [0m Running BKZ-26 [0m [0m Running BKZ-9 [0m [0m Running BKZ-10 [0m [0m Running BKZ-27 [0m [0m Running BKZ-11 [0m [0m Running BKZ-12 [0m [0m Running BKZ-28 [0m [0m Running BKZ-13 [0m [0m Running BKZ-14 [0m [0m Running BKZ-29 [0m [0m Running BKZ-15 [0m [0m Running BKZ-55 [0m [0m Running BKZ-16 [0m [0m Running BKZ-30 [0m [0m Running BKZ-17 [0m [0m Running BKZ-58 [0m [0m Running BKZ-18 [0m [0m Running BKZ-31 [0m [0m Running BKZ-55 [0m [0m Running BKZ-19 [0m [0m Running BKZ-32 [0m [0m Running BKZ-20 [0m [0m Running BKZ-55 [0m [0m Running BKZ-21 [0m [0m Running BKZ-33 [0m [0m Running BKZ-22 [0m [0m Running BKZ-23 [0m [0m Running BKZ-34 [0m [0m Running BKZ-24 [0m [0m Running BKZ-35 [0m [1;37;42m Success ! [0m
[0m  [0m
[4;37m      Build EBDD from LWE      [0m
[1;33m n=128 	 m=128 	 q=3329 [0m
[4;37m       Attack Estimation      [0m
[1;33m dim=256 	 δ=1.012119 	 β=49.40  [0m
[0m  [0m
[0m Running BKZ-36 [0m [0m Running BKZ-56 [0m [0m Running BKZ-37 [0m β= 2,	 pr=5.9861e-44, 	 cum-pr=5.9861e-44 	 rem-pr=1.0000e+00
β= 3,	 pr=1.3339e-40, 	 cum-pr=1.3345e-40 	 rem-pr=1.0000e+00
β= 4,	 pr=7.1719e-39, 	 cum-pr=7.3054e-39 	 rem-pr=1.0000e+00
β= 5,	 pr=9.9782e-38, 	 cum-pr=1.0709e-37 	 rem-pr=1.0000e+00
β= 6,	 pr=7.1767e-37, 	 cum-pr=8.2476e-37 	 rem-pr=1.0000e+00
β= 7,	 pr=3.5142e-36, 	 cum-pr=4.3390e-36 	 rem-pr=1.0000e+00
β= 8,	 pr=1.3859e-35, 	 cum-pr=1.8198e-35 	 rem-pr=1.0000e+00
β= 9,	 pr=4.8161e-35, 	 cum-pr=6.6359e-35 	 rem-pr=1.0000e+00
β= 10,	 pr=1.5391e-34, 	 cum-pr=2.2027e-34 	 rem-pr=1.0000e+00
β= 11,	 pr=4.8422e-34, 	 cum-pr=7.0449e-34 	 rem-pr=1.0000e+00
β= 12,	 pr=1.5680e-33, 	 cum-pr=2.2725e-33 	 rem-pr=1.0000e+00
β= 13,	 pr=5.2008e-33, 	 cum-pr=7.4733e-33 	 rem-pr=1.0000e+00
β= 14,	 pr=1.8554e-32, 	 cum-pr=2.6028e-32 	 rem-pr=1.0000e+00
β= 15,	 pr=7.4084e-32, 	 cum-pr=1.0011e-31 	 rem-pr=1.0000e+00
β= 16,	 pr=3.5144e-31, 	 cum-pr=4.5156e-31 	 rem-pr=1.0000e+00
β= 17,	 pr=1.8098e-30, 	 cum-pr=2.2613e-30 	 rem-pr=1.0000e+00
β= 18,	 pr=1.0442e-29, 	 cum-pr=1.2703e-29 	 rem-pr=1.0000e+00
β= 19,	 pr=7.8490e-29, 	 cum-pr=9.1193e-29 	 rem-pr=1.0000e+00
β= 20,	 pr=6.4021e-28, 	 cum-pr=7.3140e-28 	 rem-pr=1.0000e+00
β= 21,	 pr=5.3173e-27, 	 cum-pr=6.0487e-27 	 rem-pr=1.0000e+00
β= 22,	 pr=4.2968e-26, 	 cum-pr=4.9017e-26 	 rem-pr=1.0000e+00
β= 23,	 pr=5.2357e-25, 	 cum-pr=5.7259e-25 	 rem-pr=1.0000e+00
β= 24,	 pr=7.7057e-24, 	 cum-pr=8.2783e-24 	 rem-pr=1.0000e+00
β= 25,	 pr=1.1905e-22, 	 cum-pr=1.2732e-22 	 rem-pr=1.0000e+00
β= 26,	 pr=1.6830e-21, 	 cum-pr=1.8104e-21 	 rem-pr=1.0000e+00
β= 27,	 pr=1.8692e-20, 	 cum-pr=2.0503e-20 	 rem-pr=1.0000e+00
β= 28,	 pr=1.9502e-19, 	 cum-pr=2.1553e-19 	 rem-pr=1.0000e+00
β= 29,	 pr=2.1878e-18, 	 cum-pr=2.4034e-18 	 rem-pr=1.0000e+00
β= 30,	 pr=2.7542e-17, 	 cum-pr=2.9945e-17 	 rem-pr=1.0000e+00
β= 31,	 pr=4.0960e-16, 	 cum-pr=4.3954e-16 	 rem-pr=1.0000e+00
β= 32,	 pr=6.6776e-15, 	 cum-pr=7.1171e-15 	 rem-pr=1.0000e+00
β= 33,	 pr=8.4669e-14, 	 cum-pr=9.1786e-14 	 rem-pr=1.0000e+00
β= 34,	 pr=1.1201e-12, 	 cum-pr=1.2119e-12 	 rem-pr=1.0000e+00
β= 35,	 pr=1.1084e-11, 	 cum-pr=1.2296e-11 	 rem-pr=1.0000e+00
β= 36,	 pr=9.5031e-11, 	 cum-pr=1.0733e-10 	 rem-pr=1.0000e+00
β= 37,	 pr=6.5653e-10, 	 cum-pr=7.6386e-10 	 rem-pr=1.0000e+00
β= 38,	 pr=3.8364e-09, 	 cum-pr=4.6003e-09 	 rem-pr=1.0000e+00
β= 39,	 pr=2.1832e-08, 	 cum-pr=2.6433e-08 	 rem-pr=1.0000e+00
β= 40,	 pr=1.0086e-07, 	 cum-pr=1.2729e-07 	 rem-pr=1.0000e+00
β= 41,	 pr=4.5789e-07, 	 cum-pr=5.8518e-07 	 rem-pr=1.0000e+00
β= 42,	 pr=1.9505e-06, 	 cum-pr=2.5357e-06 	 rem-pr=1.0000e+00
β= 43,	 pr=1.0677e-05, 	 cum-pr=1.3212e-05 	 rem-pr=9.9999e-01
β= 44,	 pr=4.3851e-05, 	 cum-pr=5.7062e-05 	 rem-pr=9.9994e-01
β= 45,	 pr=1.7188e-04, 	 cum-pr=2.2893e-04 	 rem-pr=9.9977e-01
β= 46,	 pr=7.7774e-04, 	 cum-pr=1.0065e-03 	 rem-pr=9.9899e-01
β= 47,	 pr=2.5662e-03, 	 cum-pr=3.5701e-03 	 rem-pr=9.9643e-01
β= 48,	 pr=7.4510e-03, 	 cum-pr=1.0995e-02 	 rem-pr=9.8901e-01
β= 49,	 pr=1.9066e-02, 	 cum-pr=2.9851e-02 	 rem-pr=9.7015e-01
β= 50,	 pr=4.3193e-02, 	 cum-pr=7.1755e-02 	 rem-pr=9.2825e-01
β= 51,	 pr=8.7109e-02, 	 cum-pr=1.5261e-01 	 rem-pr=8.4739e-01
β= 52,	 pr=1.5740e-01, 	 cum-pr=2.8599e-01 	 rem-pr=7.1401e-01
β= 53,	 pr=2.5665e-01, 	 cum-pr=4.6924e-01 	 rem-pr=5.3076e-01
β= 54,	 pr=3.8063e-01, 	 cum-pr=6.7127e-01 	 rem-pr=3.2873e-01
β= 55,	 pr=5.1794e-01, 	 cum-pr=8.4153e-01 	 rem-pr=1.5847e-01
β= 56,	 pr=6.5299e-01, 	 cum-pr=9.4501e-01 	 rem-pr=5.4991e-02
β= 57,	 pr=7.7097e-01, 	 cum-pr=9.8741e-01 	 rem-pr=1.2594e-02
β= 58,	 pr=8.6251e-01, 	 cum-pr=9.9827e-01 	 rem-pr=1.7317e-03
β= 59,	 pr=9.2547e-01, 	 cum-pr=9.9987e-01 	 rem-pr=1.2905e-04
[4;37m       Attack Estimation      [0m
[1;33m dim=256 	 	 	 β=53.53  [0m
[0m  [0m
[4;37m       Running the Attack      [0m
[0m Running BKZ-38 [0m [0m Running BKZ-57 [0m [0m Running BKZ-2 [0m [0m Running BKZ-55 [0m [0m Running BKZ-39 [0m [0m Running BKZ-40 [0m [0m Running BKZ-3 [0m [0m Running BKZ-4 [0m [0m Running BKZ-5 [0m [0m Running BKZ-6 [0m [0m Running BKZ-7 [0m [0m Running BKZ-8 [0m [0m Running BKZ-9 [0m [0m Running BKZ-10 [0m [0m Running BKZ-11 [0m [0m Running BKZ-12 [0m [0m Running BKZ-13 [0m [0m Running BKZ-14 [0m [0m Running BKZ-2 [0m [0m Running BKZ-15 [0m [0m Running BKZ-16 [0m [0m Running BKZ-17 [0m [0m Running BKZ-18 [0m [0m Running BKZ-19 [0m [0m Running BKZ-3 [0m [0m Running BKZ-20 [0m [0m Running BKZ-4 [0m [0m Running BKZ-5 [0m [0m Running BKZ-21 [0m [0m Running BKZ-6 [0m [0m Running BKZ-7 [0m [0m Running BKZ-22 [0m [0m Running BKZ-56 [0m [0m Running BKZ-8 [0m [0m Running BKZ-56 [0m [0m Running BKZ-9 [0m [0m Running BKZ-23 [0m [0m Running BKZ-57 [0m [0m Running BKZ-10 [0m [0m Running BKZ-11 [0m [0m Running BKZ-24 [0m [0m Running BKZ-12 [0m [0m Running BKZ-13 [0m [0m Running BKZ-25 [0m [0m Running BKZ-56 [0m [0m Running BKZ-14 [0m [0m Running BKZ-15 [0m [0m Running BKZ-26 [0m [0m Running BKZ-16 [0m [0m Running BKZ-17 [0m [0m Running BKZ-18 [0m [0m Running BKZ-19 [0m [0m Running BKZ-20 [0m [0m Running BKZ-21 [0m [0m Running BKZ-22 [0m [0m Running BKZ-23 [0m [0m Running BKZ-56 [0m [0m Running BKZ-24 [0m [0m Running BKZ-25 [0m [0m Running BKZ-58 [0m [0m Running BKZ-26 [0m [0m Running BKZ-27 [0m [0m Running BKZ-59 [0m [0m Running BKZ-28 [0m [0m Running BKZ-29 [0m [0m Running BKZ-30 [0m [0m Running BKZ-31 [0m [0m Running BKZ-32 [0m [0m Running BKZ-33 [0m [0m Running BKZ-34 [0m [0m Running BKZ-35 [0m [0m Running BKZ-36 [0m [0m Running BKZ-37 [0m [0m Running BKZ-38 [0m [0m Running BKZ-57 [0m [0m Running BKZ-57 [0m [0m Running BKZ-39 [0m [0m Running BKZ-40 [0m [0m Running BKZ-57 [0m [0m Running BKZ-41 [0m [0m Running BKZ-42 [0m [0m Running BKZ-43 [0m [0m Running BKZ-44 [0m [0m Running BKZ-57 [0m [0m Running BKZ-45 [0m [0m Running BKZ-46 [0m [0m Running BKZ-58 [0m [0m Running BKZ-47 [0m [0m Running BKZ-48 [0m [0m Running BKZ-59 [0m [0m Running BKZ-49 [0m [0m Running BKZ-50 [0m [0m Running BKZ-58 [0m [0m Running BKZ-58 [0m [1;37;42m Success ! [0m
[0m  [0m
[4;37m      Build EBDD from LWE      [0m
[1;33m n=128 	 m=128 	 q=3329 [0m
[4;37m       Attack Estimation      [0m
[1;33m dim=256 	 δ=1.012119 	 β=49.40  [0m
[0m  [0m
[1;37;42m Success ! [0m
[0m  [0m
[4;37m      Build EBDD from LWE      [0m
[1;33m n=128 	 m=128 	 q=3329 [0m
[4;37m       Attack Estimation      [0m
[1;33m dim=256 	 δ=1.012119 	 β=49.40  [0m
[0m  [0m
β= 2,	 pr=5.9861e-44, 	 cum-pr=5.9861e-44 	 rem-pr=1.0000e+00
β= 3,	 pr=1.3339e-40, 	 cum-pr=1.3345e-40 	 rem-pr=1.0000e+00
β= 4,	 pr=7.1719e-39, 	 cum-pr=7.3054e-39 	 rem-pr=1.0000e+00
β= 5,	 pr=9.9782e-38, 	 cum-pr=1.0709e-37 	 rem-pr=1.0000e+00
β= 6,	 pr=7.1767e-37, 	 cum-pr=8.2476e-37 	 rem-pr=1.0000e+00
β= 7,	 pr=3.5142e-36, 	 cum-pr=4.3390e-36 	 rem-pr=1.0000e+00
β= 8,	 pr=1.3859e-35, 	 cum-pr=1.8198e-35 	 rem-pr=1.0000e+00
β= 9,	 pr=4.8161e-35, 	 cum-pr=6.6359e-35 	 rem-pr=1.0000e+00
β= 10,	 pr=1.5391e-34, 	 cum-pr=2.2027e-34 	 rem-pr=1.0000e+00
β= 11,	 pr=4.8422e-34, 	 cum-pr=7.0449e-34 	 rem-pr=1.0000e+00
β= 12,	 pr=1.5680e-33, 	 cum-pr=2.2725e-33 	 rem-pr=1.0000e+00
β= 13,	 pr=5.2008e-33, 	 cum-pr=7.4733e-33 	 rem-pr=1.0000e+00
β= 14,	 pr=1.8554e-32, 	 cum-pr=2.6028e-32 	 rem-pr=1.0000e+00
β= 15,	 pr=7.4084e-32, 	 cum-pr=1.0011e-31 	 rem-pr=1.0000e+00
β= 16,	 pr=3.5144e-31, 	 cum-pr=4.5156e-31 	 rem-pr=1.0000e+00
β= 17,	 pr=1.8098e-30, 	 cum-pr=2.2613e-30 	 rem-pr=1.0000e+00
β= 18,	 pr=1.0442e-29, 	 cum-pr=1.2703e-29 	 rem-pr=1.0000e+00
β= 19,	 pr=7.8490e-29, 	 cum-pr=9.1193e-29 	 rem-pr=1.0000e+00
β= 20,	 pr=6.4021e-28, 	 cum-pr=7.3140e-28 	 rem-pr=1.0000e+00
β= 21,	 pr=5.3173e-27, 	 cum-pr=6.0487e-27 	 rem-pr=1.0000e+00
β= 22,	 pr=4.2968e-26, 	 cum-pr=4.9017e-26 	 rem-pr=1.0000e+00
β= 23,	 pr=5.2357e-25, 	 cum-pr=5.7259e-25 	 rem-pr=1.0000e+00
β= 24,	 pr=7.7057e-24, 	 cum-pr=8.2783e-24 	 rem-pr=1.0000e+00
β= 25,	 pr=1.1905e-22, 	 cum-pr=1.2732e-22 	 rem-pr=1.0000e+00
β= 26,	 pr=1.6830e-21, 	 cum-pr=1.8104e-21 	 rem-pr=1.0000e+00
β= 27,	 pr=1.8692e-20, 	 cum-pr=2.0503e-20 	 rem-pr=1.0000e+00
β= 28,	 pr=1.9502e-19, 	 cum-pr=2.1553e-19 	 rem-pr=1.0000e+00
β= 29,	 pr=2.1878e-18, 	 cum-pr=2.4034e-18 	 rem-pr=1.0000e+00
β= 30,	 pr=2.7542e-17, 	 cum-pr=2.9945e-17 	 rem-pr=1.0000e+00
β= 31,	 pr=4.0960e-16, 	 cum-pr=4.3954e-16 	 rem-pr=1.0000e+00
β= 32,	 pr=6.6776e-15, 	 cum-pr=7.1171e-15 	 rem-pr=1.0000e+00
β= 33,	 pr=8.4669e-14, 	 cum-pr=9.1786e-14 	 rem-pr=1.0000e+00
β= 34,	 pr=1.1201e-12, 	 cum-pr=1.2119e-12 	 rem-pr=1.0000e+00
β= 35,	 pr=1.1084e-11, 	 cum-pr=1.2296e-11 	 rem-pr=1.0000e+00
β= 36,	 pr=9.5031e-11, 	 cum-pr=1.0733e-10 	 rem-pr=1.0000e+00
β= 37,	 pr=6.5653e-10, 	 cum-pr=7.6386e-10 	 rem-pr=1.0000e+00
β= 38,	 pr=3.8364e-09, 	 cum-pr=4.6003e-09 	 rem-pr=1.0000e+00
β= 39,	 pr=2.1832e-08, 	 cum-pr=2.6433e-08 	 rem-pr=1.0000e+00
β= 40,	 pr=1.0086e-07, 	 cum-pr=1.2729e-07 	 rem-pr=1.0000e+00
β= 41,	 pr=4.5789e-07, 	 cum-pr=5.8518e-07 	 rem-pr=1.0000e+00
β= 42,	 pr=1.9505e-06, 	 cum-pr=2.5357e-06 	 rem-pr=1.0000e+00
β= 43,	 pr=1.0677e-05, 	 cum-pr=1.3212e-05 	 rem-pr=9.9999e-01
β= 44,	 pr=4.3851e-05, 	 cum-pr=5.7062e-05 	 rem-pr=9.9994e-01
β= 45,	 pr=1.7188e-04, 	 cum-pr=2.2893e-04 	 rem-pr=9.9977e-01
β= 46,	 pr=7.7774e-04, 	 cum-pr=1.0065e-03 	 rem-pr=9.9899e-01
β= 47,	 pr=2.5662e-03, 	 cum-pr=3.5701e-03 	 rem-pr=9.9643e-01
β= 48,	 pr=7.4510e-03, 	 cum-pr=1.0995e-02 	 rem-pr=9.8901e-01
β= 49,	 pr=1.9066e-02, 	 cum-pr=2.9851e-02 	 rem-pr=9.7015e-01
β= 50,	 pr=4.3193e-02, 	 cum-pr=7.1755e-02 	 rem-pr=9.2825e-01
β= 51,	 pr=8.7109e-02, 	 cum-pr=1.5261e-01 	 rem-pr=8.4739e-01
β= 52,	 pr=1.5740e-01, 	 cum-pr=2.8599e-01 	 rem-pr=7.1401e-01
β= 53,	 pr=2.5665e-01, 	 cum-pr=4.6924e-01 	 rem-pr=5.3076e-01
β= 54,	 pr=3.8063e-01, 	 cum-pr=6.7127e-01 	 rem-pr=3.2873e-01
β= 55,	 pr=5.1794e-01, 	 cum-pr=8.4153e-01 	 rem-pr=1.5847e-01
β= 56,	 pr=6.5299e-01, 	 cum-pr=9.4501e-01 	 rem-pr=5.4991e-02
β= 57,	 pr=7.7097e-01, 	 cum-pr=9.8741e-01 	 rem-pr=1.2594e-02
β= 58,	 pr=8.6251e-01, 	 cum-pr=9.9827e-01 	 rem-pr=1.7317e-03
β= 59,	 pr=9.2547e-01, 	 cum-pr=9.9987e-01 	 rem-pr=1.2905e-04
[4;37m       Attack Estimation      [0m
[1;33m dim=256 	 	 	 β=53.53  [0m
[0m  [0m
[4;37m       Running the Attack      [0m
β= 2,	 pr=5.9861e-44, 	 cum-pr=5.9861e-44 	 rem-pr=1.0000e+00
β= 3,	 pr=1.3339e-40, 	 cum-pr=1.3345e-40 	 rem-pr=1.0000e+00
β= 4,	 pr=7.1719e-39, 	 cum-pr=7.3054e-39 	 rem-pr=1.0000e+00
β= 5,	 pr=9.9782e-38, 	 cum-pr=1.0709e-37 	 rem-pr=1.0000e+00
β= 6,	 pr=7.1767e-37, 	 cum-pr=8.2476e-37 	 rem-pr=1.0000e+00
β= 7,	 pr=3.5142e-36, 	 cum-pr=4.3390e-36 	 rem-pr=1.0000e+00
β= 8,	 pr=1.3859e-35, 	 cum-pr=1.8198e-35 	 rem-pr=1.0000e+00
β= 9,	 pr=4.8161e-35, 	 cum-pr=6.6359e-35 	 rem-pr=1.0000e+00
β= 10,	 pr=1.5391e-34, 	 cum-pr=2.2027e-34 	 rem-pr=1.0000e+00
β= 11,	 pr=4.8422e-34, 	 cum-pr=7.0449e-34 	 rem-pr=1.0000e+00
β= 12,	 pr=1.5680e-33, 	 cum-pr=2.2725e-33 	 rem-pr=1.0000e+00
β= 13,	 pr=5.2008e-33, 	 cum-pr=7.4733e-33 	 rem-pr=1.0000e+00
β= 14,	 pr=1.8554e-32, 	 cum-pr=2.6028e-32 	 rem-pr=1.0000e+00
β= 15,	 pr=7.4084e-32, 	 cum-pr=1.0011e-31 	 rem-pr=1.0000e+00
β= 16,	 pr=3.5144e-31, 	 cum-pr=4.5156e-31 	 rem-pr=1.0000e+00
β= 17,	 pr=1.8098e-30, 	 cum-pr=2.2613e-30 	 rem-pr=1.0000e+00
β= 18,	 pr=1.0442e-29, 	 cum-pr=1.2703e-29 	 rem-pr=1.0000e+00
β= 19,	 pr=7.8490e-29, 	 cum-pr=9.1193e-29 	 rem-pr=1.0000e+00
β= 20,	 pr=6.4021e-28, 	 cum-pr=7.3140e-28 	 rem-pr=1.0000e+00
β= 21,	 pr=5.3173e-27, 	 cum-pr=6.0487e-27 	 rem-pr=1.0000e+00
β= 22,	 pr=4.2968e-26, 	 cum-pr=4.9017e-26 	 rem-pr=1.0000e+00
β= 23,	 pr=5.2357e-25, 	 cum-pr=5.7259e-25 	 rem-pr=1.0000e+00
β= 24,	 pr=7.7057e-24, 	 cum-pr=8.2783e-24 	 rem-pr=1.0000e+00
β= 25,	 pr=1.1905e-22, 	 cum-pr=1.2732e-22 	 rem-pr=1.0000e+00
β= 26,	 pr=1.6830e-21, 	 cum-pr=1.8104e-21 	 rem-pr=1.0000e+00
β= 27,	 pr=1.8692e-20, 	 cum-pr=2.0503e-20 	 rem-pr=1.0000e+00
β= 28,	 pr=1.9502e-19, 	 cum-pr=2.1553e-19 	 rem-pr=1.0000e+00
β= 29,	 pr=2.1878e-18, 	 cum-pr=2.4034e-18 	 rem-pr=1.0000e+00
β= 30,	 pr=2.7542e-17, 	 cum-pr=2.9945e-17 	 rem-pr=1.0000e+00
β= 31,	 pr=4.0960e-16, 	 cum-pr=4.3954e-16 	 rem-pr=1.0000e+00
β= 32,	 pr=6.6776e-15, 	 cum-pr=7.1171e-15 	 rem-pr=1.0000e+00
β= 33,	 pr=8.4669e-14, 	 cum-pr=9.1786e-14 	 rem-pr=1.0000e+00
β= 34,	 pr=1.1201e-12, 	 cum-pr=1.2119e-12 	 rem-pr=1.0000e+00
β= 35,	 pr=1.1084e-11, 	 cum-pr=1.2296e-11 	 rem-pr=1.0000e+00
β= 36,	 pr=9.5031e-11, 	 cum-pr=1.0733e-10 	 rem-pr=1.0000e+00
β= 37,	 pr=6.5653e-10, 	 cum-pr=7.6386e-10 	 rem-pr=1.0000e+00
β= 38,	 pr=3.8364e-09, 	 cum-pr=4.6003e-09 	 rem-pr=1.0000e+00
β= 39,	 pr=2.1832e-08, 	 cum-pr=2.6433e-08 	 rem-pr=1.0000e+00
β= 40,	 pr=1.0086e-07, 	 cum-pr=1.2729e-07 	 rem-pr=1.0000e+00
β= 41,	 pr=4.5789e-07, 	 cum-pr=5.8518e-07 	 rem-pr=1.0000e+00
β= 42,	 pr=1.9505e-06, 	 cum-pr=2.5357e-06 	 rem-pr=1.0000e+00
β= 43,	 pr=1.0677e-05, 	 cum-pr=1.3212e-05 	 rem-pr=9.9999e-01
β= 44,	 pr=4.3851e-05, 	 cum-pr=5.7062e-05 	 rem-pr=9.9994e-01
β= 45,	 pr=1.7188e-04, 	 cum-pr=2.2893e-04 	 rem-pr=9.9977e-01
β= 46,	 pr=7.7774e-04, 	 cum-pr=1.0065e-03 	 rem-pr=9.9899e-01
β= 47,	 pr=2.5662e-03, 	 cum-pr=3.5701e-03 	 rem-pr=9.9643e-01
β= 48,	 pr=7.4510e-03, 	 cum-pr=1.0995e-02 	 rem-pr=9.8901e-01
β= 49,	 pr=1.9066e-02, 	 cum-pr=2.9851e-02 	 rem-pr=9.7015e-01
β= 50,	 pr=4.3193e-02, 	 cum-pr=7.1755e-02 	 rem-pr=9.2825e-01
β= 51,	 pr=8.7109e-02, 	 cum-pr=1.5261e-01 	 rem-pr=8.4739e-01
β= 52,	 pr=1.5740e-01, 	 cum-pr=2.8599e-01 	 rem-pr=7.1401e-01
β= 53,	 pr=2.5665e-01, 	 cum-pr=4.6924e-01 	 rem-pr=5.3076e-01
β= 54,	 pr=3.8063e-01, 	 cum-pr=6.7127e-01 	 rem-pr=3.2873e-01
β= 55,	 pr=5.1794e-01, 	 cum-pr=8.4153e-01 	 rem-pr=1.5847e-01
β= 56,	 pr=6.5299e-01, 	 cum-pr=9.4501e-01 	 rem-pr=5.4991e-02
β= 57,	 pr=7.7097e-01, 	 cum-pr=9.8741e-01 	 rem-pr=1.2594e-02
β= 58,	 pr=8.6251e-01, 	 cum-pr=9.9827e-01 	 rem-pr=1.7317e-03
β= 59,	 pr=9.2547e-01, 	 cum-pr=9.9987e-01 	 rem-pr=1.2905e-04
[4;37m       Attack Estimation      [0m
[1;33m dim=256 	 	 	 β=53.53  [0m
[0m  [0m
[4;37m       Running the Attack      [0m
[0m Running BKZ-51 [0m [0m Running BKZ-59 [0m [0m Running BKZ-52 [0m [0m Running BKZ-2 [0m [0m Running BKZ-2 [0m [0m Running BKZ-3 [0m [0m Running BKZ-4 [0m [0m Running BKZ-5 [0m [0m Running BKZ-3 [0m [0m Running BKZ-6 [0m [0m Running BKZ-7 [0m [0m Running BKZ-4 [0m [0m Running BKZ-5 [0m [0m Running BKZ-8 [0m [0m Running BKZ-6 [0m [0m Running BKZ-9 [0m [0m Running BKZ-7 [0m [0m Running BKZ-10 [0m [0m Running BKZ-8 [0m [0m Running BKZ-11 [0m [0m Running BKZ-9 [0m [0m Running BKZ-12 [0m [0m Running BKZ-10 [0m [0m Running BKZ-13 [0m [0m Running BKZ-11 [0m [0m Running BKZ-14 [0m [0m Running BKZ-12 [0m [0m Running BKZ-15 [0m [0m Running BKZ-13 [0m [0m Running BKZ-16 [0m [0m Running BKZ-14 [0m [0m Running BKZ-15 [0m [1;37;42m Success ! [0m
[0m  [0m
[0m Running BKZ-17 [0m [0m Running BKZ-16 [0m [0m Running BKZ-18 [0m [0m Running BKZ-17 [0m [0m Running BKZ-19 [0m [0m Running BKZ-18 [0m [0m Running BKZ-20 [0m [0m Running BKZ-19 [0m [0m Running BKZ-21 [0m [0m Running BKZ-20 [0m [0m Running BKZ-22 [0m [0m Running BKZ-21 [0m [0m Running BKZ-23 [0m [0m Running BKZ-22 [0m [0m Running BKZ-24 [0m [0m Running BKZ-23 [0m [0m Running BKZ-25 [0m [0m Running BKZ-24 [0m [0m Running BKZ-26 [0m [0m Running BKZ-25 [0m [0m Running BKZ-27 [0m [0m Running BKZ-26 [0m [0m Running BKZ-28 [0m [0m Running BKZ-27 [0m [0m Running BKZ-29 [0m [0m Running BKZ-28 [0m [0m Running BKZ-30 [0m [0m Running BKZ-29 [0m [0m Running BKZ-30 [0m [0m Running BKZ-31 [0m [1;37;42m Success ! [0m
[0m  [0m
[4;37m      Build EBDD from LWE      [0m
[1;33m n=128 	 m=128 	 q=3329 [0m
[4;37m       Attack Estimation      [0m
[1;33m dim=256 	 δ=1.012119 	 β=49.40  [0m
[0m  [0m
[0m Running BKZ-32 [0m [0m Running BKZ-33 [0m [0m Running BKZ-34 [0m β= 2,	 pr=5.9861e-44, 	 cum-pr=5.9861e-44 	 rem-pr=1.0000e+00
β= 3,	 pr=1.3339e-40, 	 cum-pr=1.3345e-40 	 rem-pr=1.0000e+00
β= 4,	 pr=7.1719e-39, 	 cum-pr=7.3054e-39 	 rem-pr=1.0000e+00
β= 5,	 pr=9.9782e-38, 	 cum-pr=1.0709e-37 	 rem-pr=1.0000e+00
β= 6,	 pr=7.1767e-37, 	 cum-pr=8.2476e-37 	 rem-pr=1.0000e+00
β= 7,	 pr=3.5142e-36, 	 cum-pr=4.3390e-36 	 rem-pr=1.0000e+00
β= 8,	 pr=1.3859e-35, 	 cum-pr=1.8198e-35 	 rem-pr=1.0000e+00
β= 9,	 pr=4.8161e-35, 	 cum-pr=6.6359e-35 	 rem-pr=1.0000e+00
β= 10,	 pr=1.5391e-34, 	 cum-pr=2.2027e-34 	 rem-pr=1.0000e+00
β= 11,	 pr=4.8422e-34, 	 cum-pr=7.0449e-34 	 rem-pr=1.0000e+00
β= 12,	 pr=1.5680e-33, 	 cum-pr=2.2725e-33 	 rem-pr=1.0000e+00
β= 13,	 pr=5.2008e-33, 	 cum-pr=7.4733e-33 	 rem-pr=1.0000e+00
β= 14,	 pr=1.8554e-32, 	 cum-pr=2.6028e-32 	 rem-pr=1.0000e+00
β= 15,	 pr=7.4084e-32, 	 cum-pr=1.0011e-31 	 rem-pr=1.0000e+00
β= 16,	 pr=3.5144e-31, 	 cum-pr=4.5156e-31 	 rem-pr=1.0000e+00
β= 17,	 pr=1.8098e-30, 	 cum-pr=2.2613e-30 	 rem-pr=1.0000e+00
β= 18,	 pr=1.0442e-29, 	 cum-pr=1.2703e-29 	 rem-pr=1.0000e+00
β= 19,	 pr=7.8490e-29, 	 cum-pr=9.1193e-29 	 rem-pr=1.0000e+00
β= 20,	 pr=6.4021e-28, 	 cum-pr=7.3140e-28 	 rem-pr=1.0000e+00
β= 21,	 pr=5.3173e-27, 	 cum-pr=6.0487e-27 	 rem-pr=1.0000e+00
β= 22,	 pr=4.2968e-26, 	 cum-pr=4.9017e-26 	 rem-pr=1.0000e+00
β= 23,	 pr=5.2357e-25, 	 cum-pr=5.7259e-25 	 rem-pr=1.0000e+00
β= 24,	 pr=7.7057e-24, 	 cum-pr=8.2783e-24 	 rem-pr=1.0000e+00
β= 25,	 pr=1.1905e-22, 	 cum-pr=1.2732e-22 	 rem-pr=1.0000e+00
β= 26,	 pr=1.6830e-21, 	 cum-pr=1.8104e-21 	 rem-pr=1.0000e+00
β= 27,	 pr=1.8692e-20, 	 cum-pr=2.0503e-20 	 rem-pr=1.0000e+00
β= 28,	 pr=1.9502e-19, 	 cum-pr=2.1553e-19 	 rem-pr=1.0000e+00
β= 29,	 pr=2.1878e-18, 	 cum-pr=2.4034e-18 	 rem-pr=1.0000e+00
β= 30,	 pr=2.7542e-17, 	 cum-pr=2.9945e-17 	 rem-pr=1.0000e+00
β= 31,	 pr=4.0960e-16, 	 cum-pr=4.3954e-16 	 rem-pr=1.0000e+00
β= 32,	 pr=6.6776e-15, 	 cum-pr=7.1171e-15 	 rem-pr=1.0000e+00
β= 33,	 pr=8.4669e-14, 	 cum-pr=9.1786e-14 	 rem-pr=1.0000e+00
β= 34,	 pr=1.1201e-12, 	 cum-pr=1.2119e-12 	 rem-pr=1.0000e+00
β= 35,	 pr=1.1084e-11, 	 cum-pr=1.2296e-11 	 rem-pr=1.0000e+00
β= 36,	 pr=9.5031e-11, 	 cum-pr=1.0733e-10 	 rem-pr=1.0000e+00
β= 37,	 pr=6.5653e-10, 	 cum-pr=7.6386e-10 	 rem-pr=1.0000e+00
β= 38,	 pr=3.8364e-09, 	 cum-pr=4.6003e-09 	 rem-pr=1.0000e+00
β= 39,	 pr=2.1832e-08, 	 cum-pr=2.6433e-08 	 rem-pr=1.0000e+00
β= 40,	 pr=1.0086e-07, 	 cum-pr=1.2729e-07 	 rem-pr=1.0000e+00
β= 41,	 pr=4.5789e-07, 	 cum-pr=5.8518e-07 	 rem-pr=1.0000e+00
β= 42,	 pr=1.9505e-06, 	 cum-pr=2.5357e-06 	 rem-pr=1.0000e+00
β= 43,	 pr=1.0677e-05, 	 cum-pr=1.3212e-05 	 rem-pr=9.9999e-01
β= 44,	 pr=4.3851e-05, 	 cum-pr=5.7062e-05 	 rem-pr=9.9994e-01
β= 45,	 pr=1.7188e-04, 	 cum-pr=2.2893e-04 	 rem-pr=9.9977e-01
β= 46,	 pr=7.7774e-04, 	 cum-pr=1.0065e-03 	 rem-pr=9.9899e-01
β= 47,	 pr=2.5662e-03, 	 cum-pr=3.5701e-03 	 rem-pr=9.9643e-01
β= 48,	 pr=7.4510e-03, 	 cum-pr=1.0995e-02 	 rem-pr=9.8901e-01
β= 49,	 pr=1.9066e-02, 	 cum-pr=2.9851e-02 	 rem-pr=9.7015e-01
β= 50,	 pr=4.3193e-02, 	 cum-pr=7.1755e-02 	 rem-pr=9.2825e-01
β= 51,	 pr=8.7109e-02, 	 cum-pr=1.5261e-01 	 rem-pr=8.4739e-01
β= 52,	 pr=1.5740e-01, 	 cum-pr=2.8599e-01 	 rem-pr=7.1401e-01
β= 53,	 pr=2.5665e-01, 	 cum-pr=4.6924e-01 	 rem-pr=5.3076e-01
β= 54,	 pr=3.8063e-01, 	 cum-pr=6.7127e-01 	 rem-pr=3.2873e-01
β= 55,	 pr=5.1794e-01, 	 cum-pr=8.4153e-01 	 rem-pr=1.5847e-01
β= 56,	 pr=6.5299e-01, 	 cum-pr=9.4501e-01 	 rem-pr=5.4991e-02
β= 57,	 pr=7.7097e-01, 	 cum-pr=9.8741e-01 	 rem-pr=1.2594e-02
β= 58,	 pr=8.6251e-01, 	 cum-pr=9.9827e-01 	 rem-pr=1.7317e-03
β= 59,	 pr=9.2547e-01, 	 cum-pr=9.9987e-01 	 rem-pr=1.2905e-04
[4;37m       Attack Estimation      [0m
[1;33m dim=256 	 	 	 β=53.53  [0m
[0m  [0m
[4;37m       Running the Attack      [0m
[0m Running BKZ-35 [0m [0m Running BKZ-59 [0m [0m Running BKZ-36 [0m [0m Running BKZ-2 [0m [0m Running BKZ-3 [0m [0m Running BKZ-4 [0m [0m Running BKZ-5 [0m [0m Running BKZ-6 [0m [0m Running BKZ-7 [0m [0m Running BKZ-8 [0m [0m Running BKZ-9 [0m [0m Running BKZ-10 [0m [0m Running BKZ-11 [0m [1;37;42m Success ! [0m
[0m  [0m
[4;37m      Build EBDD from LWE      [0m
[1;33m n=128 	 m=128 	 q=3329 [0m
[0m Running BKZ-12 [0m [4;37m       Attack Estimation      [0m
[1;33m dim=256 	 δ=1.012119 	 β=49.40  [0m
[0m  [0m
[0m Running BKZ-13 [0m [0m Running BKZ-14 [0m [0m Running BKZ-15 [0m [0m Running BKZ-16 [0m [0m Running BKZ-17 [0m β= 2,	 pr=5.9861e-44, 	 cum-pr=5.9861e-44 	 rem-pr=1.0000e+00
β= 3,	 pr=1.3339e-40, 	 cum-pr=1.3345e-40 	 rem-pr=1.0000e+00
β= 4,	 pr=7.1719e-39, 	 cum-pr=7.3054e-39 	 rem-pr=1.0000e+00
β= 5,	 pr=9.9782e-38, 	 cum-pr=1.0709e-37 	 rem-pr=1.0000e+00
β= 6,	 pr=7.1767e-37, 	 cum-pr=8.2476e-37 	 rem-pr=1.0000e+00
β= 7,	 pr=3.5142e-36, 	 cum-pr=4.3390e-36 	 rem-pr=1.0000e+00
β= 8,	 pr=1.3859e-35, 	 cum-pr=1.8198e-35 	 rem-pr=1.0000e+00
β= 9,	 pr=4.8161e-35, 	 cum-pr=6.6359e-35 	 rem-pr=1.0000e+00
β= 10,	 pr=1.5391e-34, 	 cum-pr=2.2027e-34 	 rem-pr=1.0000e+00
β= 11,	 pr=4.8422e-34, 	 cum-pr=7.0449e-34 	 rem-pr=1.0000e+00
β= 12,	 pr=1.5680e-33, 	 cum-pr=2.2725e-33 	 rem-pr=1.0000e+00
β= 13,	 pr=5.2008e-33, 	 cum-pr=7.4733e-33 	 rem-pr=1.0000e+00
β= 14,	 pr=1.8554e-32, 	 cum-pr=2.6028e-32 	 rem-pr=1.0000e+00
β= 15,	 pr=7.4084e-32, 	 cum-pr=1.0011e-31 	 rem-pr=1.0000e+00
β= 16,	 pr=3.5144e-31, 	 cum-pr=4.5156e-31 	 rem-pr=1.0000e+00
β= 17,	 pr=1.8098e-30, 	 cum-pr=2.2613e-30 	 rem-pr=1.0000e+00
β= 18,	 pr=1.0442e-29, 	 cum-pr=1.2703e-29 	 rem-pr=1.0000e+00
β= 19,	 pr=7.8490e-29, 	 cum-pr=9.1193e-29 	 rem-pr=1.0000e+00
β= 20,	 pr=6.4021e-28, 	 cum-pr=7.3140e-28 	 rem-pr=1.0000e+00
β= 21,	 pr=5.3173e-27, 	 cum-pr=6.0487e-27 	 rem-pr=1.0000e+00
β= 22,	 pr=4.2968e-26, 	 cum-pr=4.9017e-26 	 rem-pr=1.0000e+00
β= 23,	 pr=5.2357e-25, 	 cum-pr=5.7259e-25 	 rem-pr=1.0000e+00
β= 24,	 pr=7.7057e-24, 	 cum-pr=8.2783e-24 	 rem-pr=1.0000e+00
β= 25,	 pr=1.1905e-22, 	 cum-pr=1.2732e-22 	 rem-pr=1.0000e+00
β= 26,	 pr=1.6830e-21, 	 cum-pr=1.8104e-21 	 rem-pr=1.0000e+00
β= 27,	 pr=1.8692e-20, 	 cum-pr=2.0503e-20 	 rem-pr=1.0000e+00
β= 28,	 pr=1.9502e-19, 	 cum-pr=2.1553e-19 	 rem-pr=1.0000e+00
β= 29,	 pr=2.1878e-18, 	 cum-pr=2.4034e-18 	 rem-pr=1.0000e+00
β= 30,	 pr=2.7542e-17, 	 cum-pr=2.9945e-17 	 rem-pr=1.0000e+00
β= 31,	 pr=4.0960e-16, 	 cum-pr=4.3954e-16 	 rem-pr=1.0000e+00
β= 32,	 pr=6.6776e-15, 	 cum-pr=7.1171e-15 	 rem-pr=1.0000e+00
β= 33,	 pr=8.4669e-14, 	 cum-pr=9.1786e-14 	 rem-pr=1.0000e+00
β= 34,	 pr=1.1201e-12, 	 cum-pr=1.2119e-12 	 rem-pr=1.0000e+00
β= 35,	 pr=1.1084e-11, 	 cum-pr=1.2296e-11 	 rem-pr=1.0000e+00
β= 36,	 pr=9.5031e-11, 	 cum-pr=1.0733e-10 	 rem-pr=1.0000e+00
β= 37,	 pr=6.5653e-10, 	 cum-pr=7.6386e-10 	 rem-pr=1.0000e+00
β= 38,	 pr=3.8364e-09, 	 cum-pr=4.6003e-09 	 rem-pr=1.0000e+00
β= 39,	 pr=2.1832e-08, 	 cum-pr=2.6433e-08 	 rem-pr=1.0000e+00
β= 40,	 pr=1.0086e-07, 	 cum-pr=1.2729e-07 	 rem-pr=1.0000e+00
β= 41,	 pr=4.5789e-07, 	 cum-pr=5.8518e-07 	 rem-pr=1.0000e+00
β= 42,	 pr=1.9505e-06, 	 cum-pr=2.5357e-06 	 rem-pr=1.0000e+00
β= 43,	 pr=1.0677e-05, 	 cum-pr=1.3212e-05 	 rem-pr=9.9999e-01
β= 44,	 pr=4.3851e-05, 	 cum-pr=5.7062e-05 	 rem-pr=9.9994e-01
β= 45,	 pr=1.7188e-04, 	 cum-pr=2.2893e-04 	 rem-pr=9.9977e-01
β= 46,	 pr=7.7774e-04, 	 cum-pr=1.0065e-03 	 rem-pr=9.9899e-01
β= 47,	 pr=2.5662e-03, 	 cum-pr=3.5701e-03 	 rem-pr=9.9643e-01
β= 48,	 pr=7.4510e-03, 	 cum-pr=1.0995e-02 	 rem-pr=9.8901e-01
β= 49,	 pr=1.9066e-02, 	 cum-pr=2.9851e-02 	 rem-pr=9.7015e-01
β= 50,	 pr=4.3193e-02, 	 cum-pr=7.1755e-02 	 rem-pr=9.2825e-01
β= 51,	 pr=8.7109e-02, 	 cum-pr=1.5261e-01 	 rem-pr=8.4739e-01
β= 52,	 pr=1.5740e-01, 	 cum-pr=2.8599e-01 	 rem-pr=7.1401e-01
β= 53,	 pr=2.5665e-01, 	 cum-pr=4.6924e-01 	 rem-pr=5.3076e-01
β= 54,	 pr=3.8063e-01, 	 cum-pr=6.7127e-01 	 rem-pr=3.2873e-01
β= 55,	 pr=5.1794e-01, 	 cum-pr=8.4153e-01 	 rem-pr=1.5847e-01
β= 56,	 pr=6.5299e-01, 	 cum-pr=9.4501e-01 	 rem-pr=5.4991e-02
β= 57,	 pr=7.7097e-01, 	 cum-pr=9.8741e-01 	 rem-pr=1.2594e-02
β= 58,	 pr=8.6251e-01, 	 cum-pr=9.9827e-01 	 rem-pr=1.7317e-03
β= 59,	 pr=9.2547e-01, 	 cum-pr=9.9987e-01 	 rem-pr=1.2905e-04
[4;37m       Attack Estimation      [0m
[1;33m dim=256 	 	 	 β=53.53  [0m
[0m  [0m
[4;37m       Running the Attack      [0m
[0m Running BKZ-18 [0m [0m Running BKZ-19 [0m [0m Running BKZ-20 [0m [0m Running BKZ-21 [0m [0m Running BKZ-22 [0m [0m Running BKZ-23 [0m [0m Running BKZ-24 [0m [0m Running BKZ-25 [0m [0m Running BKZ-2 [0m [0m Running BKZ-3 [0m [0m Running BKZ-4 [0m [0m Running BKZ-5 [0m [0m Running BKZ-6 [0m [0m Running BKZ-7 [0m [0m Running BKZ-8 [0m [0m Running BKZ-9 [0m [0m Running BKZ-10 [0m [0m Running BKZ-11 [0m [0m Running BKZ-12 [0m [0m Running BKZ-13 [0m [0m Running BKZ-14 [0m [0m Running BKZ-15 [0m [0m Running BKZ-16 [0m [0m Running BKZ-17 [0m [0m Running BKZ-18 [0m [0m Running BKZ-19 [0m [0m Running BKZ-20 [0m [0m Running BKZ-21 [0m [0m Running BKZ-22 [0m [0m Running BKZ-23 [0m [0m Running BKZ-24 [0m [0m Running BKZ-25 [0m [0m Running BKZ-26 [0m [0m Running BKZ-27 [0m [0m Running BKZ-60 [0m [0m Running BKZ-60 [0m [1;37;42m Success ! [0m
[0m  [0m
[4;37m      Build EBDD from LWE      [0m
[1;33m n=128 	 m=128 	 q=3329 [0m
[4;37m       Attack Estimation      [0m
[1;33m dim=256 	 δ=1.012119 	 β=49.40  [0m
[0m  [0m
β= 2,	 pr=5.9861e-44, 	 cum-pr=5.9861e-44 	 rem-pr=1.0000e+00
β= 3,	 pr=1.3339e-40, 	 cum-pr=1.3345e-40 	 rem-pr=1.0000e+00
β= 4,	 pr=7.1719e-39, 	 cum-pr=7.3054e-39 	 rem-pr=1.0000e+00
β= 5,	 pr=9.9782e-38, 	 cum-pr=1.0709e-37 	 rem-pr=1.0000e+00
β= 6,	 pr=7.1767e-37, 	 cum-pr=8.2476e-37 	 rem-pr=1.0000e+00
β= 7,	 pr=3.5142e-36, 	 cum-pr=4.3390e-36 	 rem-pr=1.0000e+00
β= 8,	 pr=1.3859e-35, 	 cum-pr=1.8198e-35 	 rem-pr=1.0000e+00
β= 9,	 pr=4.8161e-35, 	 cum-pr=6.6359e-35 	 rem-pr=1.0000e+00
β= 10,	 pr=1.5391e-34, 	 cum-pr=2.2027e-34 	 rem-pr=1.0000e+00
β= 11,	 pr=4.8422e-34, 	 cum-pr=7.0449e-34 	 rem-pr=1.0000e+00
β= 12,	 pr=1.5680e-33, 	 cum-pr=2.2725e-33 	 rem-pr=1.0000e+00
β= 13,	 pr=5.2008e-33, 	 cum-pr=7.4733e-33 	 rem-pr=1.0000e+00
β= 14,	 pr=1.8554e-32, 	 cum-pr=2.6028e-32 	 rem-pr=1.0000e+00
β= 15,	 pr=7.4084e-32, 	 cum-pr=1.0011e-31 	 rem-pr=1.0000e+00
β= 16,	 pr=3.5144e-31, 	 cum-pr=4.5156e-31 	 rem-pr=1.0000e+00
β= 17,	 pr=1.8098e-30, 	 cum-pr=2.2613e-30 	 rem-pr=1.0000e+00
β= 18,	 pr=1.0442e-29, 	 cum-pr=1.2703e-29 	 rem-pr=1.0000e+00
β= 19,	 pr=7.8490e-29, 	 cum-pr=9.1193e-29 	 rem-pr=1.0000e+00
β= 20,	 pr=6.4021e-28, 	 cum-pr=7.3140e-28 	 rem-pr=1.0000e+00
β= 21,	 pr=5.3173e-27, 	 cum-pr=6.0487e-27 	 rem-pr=1.0000e+00
β= 22,	 pr=4.2968e-26, 	 cum-pr=4.9017e-26 	 rem-pr=1.0000e+00
β= 23,	 pr=5.2357e-25, 	 cum-pr=5.7259e-25 	 rem-pr=1.0000e+00
β= 24,	 pr=7.7057e-24, 	 cum-pr=8.2783e-24 	 rem-pr=1.0000e+00
β= 25,	 pr=1.1905e-22, 	 cum-pr=1.2732e-22 	 rem-pr=1.0000e+00
β= 26,	 pr=1.6830e-21, 	 cum-pr=1.8104e-21 	 rem-pr=1.0000e+00
β= 27,	 pr=1.8692e-20, 	 cum-pr=2.0503e-20 	 rem-pr=1.0000e+00
β= 28,	 pr=1.9502e-19, 	 cum-pr=2.1553e-19 	 rem-pr=1.0000e+00
β= 29,	 pr=2.1878e-18, 	 cum-pr=2.4034e-18 	 rem-pr=1.0000e+00
β= 30,	 pr=2.7542e-17, 	 cum-pr=2.9945e-17 	 rem-pr=1.0000e+00
β= 31,	 pr=4.0960e-16, 	 cum-pr=4.3954e-16 	 rem-pr=1.0000e+00
β= 32,	 pr=6.6776e-15, 	 cum-pr=7.1171e-15 	 rem-pr=1.0000e+00
β= 33,	 pr=8.4669e-14, 	 cum-pr=9.1786e-14 	 rem-pr=1.0000e+00
β= 34,	 pr=1.1201e-12, 	 cum-pr=1.2119e-12 	 rem-pr=1.0000e+00
β= 35,	 pr=1.1084e-11, 	 cum-pr=1.2296e-11 	 rem-pr=1.0000e+00
β= 36,	 pr=9.5031e-11, 	 cum-pr=1.0733e-10 	 rem-pr=1.0000e+00
β= 37,	 pr=6.5653e-10, 	 cum-pr=7.6386e-10 	 rem-pr=1.0000e+00
β= 38,	 pr=3.8364e-09, 	 cum-pr=4.6003e-09 	 rem-pr=1.0000e+00
β= 39,	 pr=2.1832e-08, 	 cum-pr=2.6433e-08 	 rem-pr=1.0000e+00
β= 40,	 pr=1.0086e-07, 	 cum-pr=1.2729e-07 	 rem-pr=1.0000e+00
β= 41,	 pr=4.5789e-07, 	 cum-pr=5.8518e-07 	 rem-pr=1.0000e+00
β= 42,	 pr=1.9505e-06, 	 cum-pr=2.5357e-06 	 rem-pr=1.0000e+00
β= 43,	 pr=1.0677e-05, 	 cum-pr=1.3212e-05 	 rem-pr=9.9999e-01
β= 44,	 pr=4.3851e-05, 	 cum-pr=5.7062e-05 	 rem-pr=9.9994e-01
β= 45,	 pr=1.7188e-04, 	 cum-pr=2.2893e-04 	 rem-pr=9.9977e-01
β= 46,	 pr=7.7774e-04, 	 cum-pr=1.0065e-03 	 rem-pr=9.9899e-01
β= 47,	 pr=2.5662e-03, 	 cum-pr=3.5701e-03 	 rem-pr=9.9643e-01
β= 48,	 pr=7.4510e-03, 	 cum-pr=1.0995e-02 	 rem-pr=9.8901e-01
β= 49,	 pr=1.9066e-02, 	 cum-pr=2.9851e-02 	 rem-pr=9.7015e-01
β= 50,	 pr=4.3193e-02, 	 cum-pr=7.1755e-02 	 rem-pr=9.2825e-01
β= 51,	 pr=8.7109e-02, 	 cum-pr=1.5261e-01 	 rem-pr=8.4739e-01
β= 52,	 pr=1.5740e-01, 	 cum-pr=2.8599e-01 	 rem-pr=7.1401e-01
β= 53,	 pr=2.5665e-01, 	 cum-pr=4.6924e-01 	 rem-pr=5.3076e-01
β= 54,	 pr=3.8063e-01, 	 cum-pr=6.7127e-01 	 rem-pr=3.2873e-01
β= 55,	 pr=5.1794e-01, 	 cum-pr=8.4153e-01 	 rem-pr=1.5847e-01
β= 56,	 pr=6.5299e-01, 	 cum-pr=9.4501e-01 	 rem-pr=5.4991e-02
β= 57,	 pr=7.7097e-01, 	 cum-pr=9.8741e-01 	 rem-pr=1.2594e-02
β= 58,	 pr=8.6251e-01, 	 cum-pr=9.9827e-01 	 rem-pr=1.7317e-03
β= 59,	 pr=9.2547e-01, 	 cum-pr=9.9987e-01 	 rem-pr=1.2905e-04
[4;37m       Attack Estimation      [0m
[1;33m dim=256 	 	 	 β=53.53  [0m
[0m  [0m
[4;37m       Running the Attack      [0m
[0m Running BKZ-2 [0m [0m Running BKZ-3 [0m [0m Running BKZ-4 [0m [0m Running BKZ-5 [0m [0m Running BKZ-6 [0m [0m Running BKZ-7 [0m [0m Running BKZ-8 [0m [0m Running BKZ-9 [0m [0m Running BKZ-10 [0m [0m Running BKZ-11 [0m [0m Running BKZ-12 [0m [0m Running BKZ-13 [0m [0m Running BKZ-14 [0m [0m Running BKZ-60 [0m [0m Running BKZ-15 [0m [0m Running BKZ-16 [0m [0m Running BKZ-17 [0m [0m Running BKZ-18 [0m [0m Running BKZ-19 [0m [0m Running BKZ-20 [0m [0m Running BKZ-21 [0m [0m Running BKZ-61 [0m [1;37;42m Failure ... (reached beta_max) [0m
[0m  [0m
[4;37m      Build EBDD from LWE      [0m
[1;33m n=128 	 m=128 	 q=3329 [0m
[4;37m       Attack Estimation      [0m
[1;33m dim=256 	 δ=1.012119 	 β=49.40  [0m
[0m  [0m
[0m Running BKZ-22 [0m [0m Running BKZ-23 [0m [0m Running BKZ-24 [0m [0m Running BKZ-25 [0m β= 2,	 pr=5.9861e-44, 	 cum-pr=5.9861e-44 	 rem-pr=1.0000e+00
β= 3,	 pr=1.3339e-40, 	 cum-pr=1.3345e-40 	 rem-pr=1.0000e+00
β= 4,	 pr=7.1719e-39, 	 cum-pr=7.3054e-39 	 rem-pr=1.0000e+00
β= 5,	 pr=9.9782e-38, 	 cum-pr=1.0709e-37 	 rem-pr=1.0000e+00
β= 6,	 pr=7.1767e-37, 	 cum-pr=8.2476e-37 	 rem-pr=1.0000e+00
β= 7,	 pr=3.5142e-36, 	 cum-pr=4.3390e-36 	 rem-pr=1.0000e+00
β= 8,	 pr=1.3859e-35, 	 cum-pr=1.8198e-35 	 rem-pr=1.0000e+00
β= 9,	 pr=4.8161e-35, 	 cum-pr=6.6359e-35 	 rem-pr=1.0000e+00
β= 10,	 pr=1.5391e-34, 	 cum-pr=2.2027e-34 	 rem-pr=1.0000e+00
β= 11,	 pr=4.8422e-34, 	 cum-pr=7.0449e-34 	 rem-pr=1.0000e+00
β= 12,	 pr=1.5680e-33, 	 cum-pr=2.2725e-33 	 rem-pr=1.0000e+00
β= 13,	 pr=5.2008e-33, 	 cum-pr=7.4733e-33 	 rem-pr=1.0000e+00
β= 14,	 pr=1.8554e-32, 	 cum-pr=2.6028e-32 	 rem-pr=1.0000e+00
β= 15,	 pr=7.4084e-32, 	 cum-pr=1.0011e-31 	 rem-pr=1.0000e+00
β= 16,	 pr=3.5144e-31, 	 cum-pr=4.5156e-31 	 rem-pr=1.0000e+00
β= 17,	 pr=1.8098e-30, 	 cum-pr=2.2613e-30 	 rem-pr=1.0000e+00
β= 18,	 pr=1.0442e-29, 	 cum-pr=1.2703e-29 	 rem-pr=1.0000e+00
β= 19,	 pr=7.8490e-29, 	 cum-pr=9.1193e-29 	 rem-pr=1.0000e+00
β= 20,	 pr=6.4021e-28, 	 cum-pr=7.3140e-28 	 rem-pr=1.0000e+00
β= 21,	 pr=5.3173e-27, 	 cum-pr=6.0487e-27 	 rem-pr=1.0000e+00
β= 22,	 pr=4.2968e-26, 	 cum-pr=4.9017e-26 	 rem-pr=1.0000e+00
β= 23,	 pr=5.2357e-25, 	 cum-pr=5.7259e-25 	 rem-pr=1.0000e+00
β= 24,	 pr=7.7057e-24, 	 cum-pr=8.2783e-24 	 rem-pr=1.0000e+00
β= 25,	 pr=1.1905e-22, 	 cum-pr=1.2732e-22 	 rem-pr=1.0000e+00
β= 26,	 pr=1.6830e-21, 	 cum-pr=1.8104e-21 	 rem-pr=1.0000e+00
β= 27,	 pr=1.8692e-20, 	 cum-pr=2.0503e-20 	 rem-pr=1.0000e+00
β= 28,	 pr=1.9502e-19, 	 cum-pr=2.1553e-19 	 rem-pr=1.0000e+00
β= 29,	 pr=2.1878e-18, 	 cum-pr=2.4034e-18 	 rem-pr=1.0000e+00
β= 30,	 pr=2.7542e-17, 	 cum-pr=2.9945e-17 	 rem-pr=1.0000e+00
β= 31,	 pr=4.0960e-16, 	 cum-pr=4.3954e-16 	 rem-pr=1.0000e+00
β= 32,	 pr=6.6776e-15, 	 cum-pr=7.1171e-15 	 rem-pr=1.0000e+00
β= 33,	 pr=8.4669e-14, 	 cum-pr=9.1786e-14 	 rem-pr=1.0000e+00
β= 34,	 pr=1.1201e-12, 	 cum-pr=1.2119e-12 	 rem-pr=1.0000e+00
β= 35,	 pr=1.1084e-11, 	 cum-pr=1.2296e-11 	 rem-pr=1.0000e+00
β= 36,	 pr=9.5031e-11, 	 cum-pr=1.0733e-10 	 rem-pr=1.0000e+00
β= 37,	 pr=6.5653e-10, 	 cum-pr=7.6386e-10 	 rem-pr=1.0000e+00
β= 38,	 pr=3.8364e-09, 	 cum-pr=4.6003e-09 	 rem-pr=1.0000e+00
β= 39,	 pr=2.1832e-08, 	 cum-pr=2.6433e-08 	 rem-pr=1.0000e+00
β= 40,	 pr=1.0086e-07, 	 cum-pr=1.2729e-07 	 rem-pr=1.0000e+00
β= 41,	 pr=4.5789e-07, 	 cum-pr=5.8518e-07 	 rem-pr=1.0000e+00
β= 42,	 pr=1.9505e-06, 	 cum-pr=2.5357e-06 	 rem-pr=1.0000e+00
β= 43,	 pr=1.0677e-05, 	 cum-pr=1.3212e-05 	 rem-pr=9.9999e-01
β= 44,	 pr=4.3851e-05, 	 cum-pr=5.7062e-05 	 rem-pr=9.9994e-01
β= 45,	 pr=1.7188e-04, 	 cum-pr=2.2893e-04 	 rem-pr=9.9977e-01
β= 46,	 pr=7.7774e-04, 	 cum-pr=1.0065e-03 	 rem-pr=9.9899e-01
β= 47,	 pr=2.5662e-03, 	 cum-pr=3.5701e-03 	 rem-pr=9.9643e-01
β= 48,	 pr=7.4510e-03, 	 cum-pr=1.0995e-02 	 rem-pr=9.8901e-01
β= 49,	 pr=1.9066e-02, 	 cum-pr=2.9851e-02 	 rem-pr=9.7015e-01
β= 50,	 pr=4.3193e-02, 	 cum-pr=7.1755e-02 	 rem-pr=9.2825e-01
β= 51,	 pr=8.7109e-02, 	 cum-pr=1.5261e-01 	 rem-pr=8.4739e-01
β= 52,	 pr=1.5740e-01, 	 cum-pr=2.8599e-01 	 rem-pr=7.1401e-01
β= 53,	 pr=2.5665e-01, 	 cum-pr=4.6924e-01 	 rem-pr=5.3076e-01
β= 54,	 pr=3.8063e-01, 	 cum-pr=6.7127e-01 	 rem-pr=3.2873e-01
β= 55,	 pr=5.1794e-01, 	 cum-pr=8.4153e-01 	 rem-pr=1.5847e-01
β= 56,	 pr=6.5299e-01, 	 cum-pr=9.4501e-01 	 rem-pr=5.4991e-02
β= 57,	 pr=7.7097e-01, 	 cum-pr=9.8741e-01 	 rem-pr=1.2594e-02
β= 58,	 pr=8.6251e-01, 	 cum-pr=9.9827e-01 	 rem-pr=1.7317e-03
β= 59,	 pr=9.2547e-01, 	 cum-pr=9.9987e-01 	 rem-pr=1.2905e-04
[4;37m       Attack Estimation      [0m
[1;33m dim=256 	 	 	 β=53.53  [0m
[0m  [0m
[4;37m       Running the Attack      [0m
[0m Running BKZ-26 [0m [0m Running BKZ-27 [0m [0m Running BKZ-28 [0m [0m Running BKZ-29 [0m [0m Running BKZ-30 [0m [0m Running BKZ-31 [0m [0m Running BKZ-32 [0m [0m Running BKZ-33 [0m [0m Running BKZ-34 [0m [0m Running BKZ-35 [0m [0m Running BKZ-36 [0m [0m Running BKZ-37 [0m [0m Running BKZ-38 [0m [0m Running BKZ-2 [0m [0m Running BKZ-39 [0m [0m Running BKZ-3 [0m [0m Running BKZ-4 [0m [0m Running BKZ-5 [0m [0m Running BKZ-6 [0m [0m Running BKZ-7 [0m [0m Running BKZ-8 [0m [0m Running BKZ-9 [0m [0m Running BKZ-10 [0m [0m Running BKZ-11 [0m [0m Running BKZ-12 [0m [0m Running BKZ-13 [0m [0m Running BKZ-14 [0m [0m Running BKZ-15 [0m [0m Running BKZ-16 [0m [0m Running BKZ-17 [0m [0m Running BKZ-18 [0m [0m Running BKZ-19 [0m [0m Running BKZ-20 [0m [0m Running BKZ-21 [0m [0m Running BKZ-22 [0m [0m Running BKZ-23 [0m [0m Running BKZ-24 [0m [0m Running BKZ-25 [0m [0m Running BKZ-26 [0m [0m Running BKZ-27 [0m [0m Running BKZ-28 [0m [0m Running BKZ-29 [0m [0m Running BKZ-30 [0m [0m Running BKZ-31 [0m [0m Running BKZ-32 [0m [0m Running BKZ-33 [0m [0m Running BKZ-61 [0m [1;37;42m Failure ... (reached beta_max) [0m
[0m  [0m
[4;37m      Build EBDD from LWE      [0m
[1;33m n=128 	 m=128 	 q=3329 [0m
[4;37m       Attack Estimation      [0m
[1;33m dim=256 	 δ=1.012119 	 β=49.40  [0m
[0m  [0m
β= 2,	 pr=5.9861e-44, 	 cum-pr=5.9861e-44 	 rem-pr=1.0000e+00
β= 3,	 pr=1.3339e-40, 	 cum-pr=1.3345e-40 	 rem-pr=1.0000e+00
β= 4,	 pr=7.1719e-39, 	 cum-pr=7.3054e-39 	 rem-pr=1.0000e+00
β= 5,	 pr=9.9782e-38, 	 cum-pr=1.0709e-37 	 rem-pr=1.0000e+00
β= 6,	 pr=7.1767e-37, 	 cum-pr=8.2476e-37 	 rem-pr=1.0000e+00
β= 7,	 pr=3.5142e-36, 	 cum-pr=4.3390e-36 	 rem-pr=1.0000e+00
β= 8,	 pr=1.3859e-35, 	 cum-pr=1.8198e-35 	 rem-pr=1.0000e+00
β= 9,	 pr=4.8161e-35, 	 cum-pr=6.6359e-35 	 rem-pr=1.0000e+00
β= 10,	 pr=1.5391e-34, 	 cum-pr=2.2027e-34 	 rem-pr=1.0000e+00
β= 11,	 pr=4.8422e-34, 	 cum-pr=7.0449e-34 	 rem-pr=1.0000e+00
β= 12,	 pr=1.5680e-33, 	 cum-pr=2.2725e-33 	 rem-pr=1.0000e+00
β= 13,	 pr=5.2008e-33, 	 cum-pr=7.4733e-33 	 rem-pr=1.0000e+00
β= 14,	 pr=1.8554e-32, 	 cum-pr=2.6028e-32 	 rem-pr=1.0000e+00
β= 15,	 pr=7.4084e-32, 	 cum-pr=1.0011e-31 	 rem-pr=1.0000e+00
β= 16,	 pr=3.5144e-31, 	 cum-pr=4.5156e-31 	 rem-pr=1.0000e+00
β= 17,	 pr=1.8098e-30, 	 cum-pr=2.2613e-30 	 rem-pr=1.0000e+00
β= 18,	 pr=1.0442e-29, 	 cum-pr=1.2703e-29 	 rem-pr=1.0000e+00
β= 19,	 pr=7.8490e-29, 	 cum-pr=9.1193e-29 	 rem-pr=1.0000e+00
β= 20,	 pr=6.4021e-28, 	 cum-pr=7.3140e-28 	 rem-pr=1.0000e+00
β= 21,	 pr=5.3173e-27, 	 cum-pr=6.0487e-27 	 rem-pr=1.0000e+00
β= 22,	 pr=4.2968e-26, 	 cum-pr=4.9017e-26 	 rem-pr=1.0000e+00
β= 23,	 pr=5.2357e-25, 	 cum-pr=5.7259e-25 	 rem-pr=1.0000e+00
β= 24,	 pr=7.7057e-24, 	 cum-pr=8.2783e-24 	 rem-pr=1.0000e+00
β= 25,	 pr=1.1905e-22, 	 cum-pr=1.2732e-22 	 rem-pr=1.0000e+00
β= 26,	 pr=1.6830e-21, 	 cum-pr=1.8104e-21 	 rem-pr=1.0000e+00
β= 27,	 pr=1.8692e-20, 	 cum-pr=2.0503e-20 	 rem-pr=1.0000e+00
β= 28,	 pr=1.9502e-19, 	 cum-pr=2.1553e-19 	 rem-pr=1.0000e+00
β= 29,	 pr=2.1878e-18, 	 cum-pr=2.4034e-18 	 rem-pr=1.0000e+00
β= 30,	 pr=2.7542e-17, 	 cum-pr=2.9945e-17 	 rem-pr=1.0000e+00
β= 31,	 pr=4.0960e-16, 	 cum-pr=4.3954e-16 	 rem-pr=1.0000e+00
β= 32,	 pr=6.6776e-15, 	 cum-pr=7.1171e-15 	 rem-pr=1.0000e+00
β= 33,	 pr=8.4669e-14, 	 cum-pr=9.1786e-14 	 rem-pr=1.0000e+00
β= 34,	 pr=1.1201e-12, 	 cum-pr=1.2119e-12 	 rem-pr=1.0000e+00
β= 35,	 pr=1.1084e-11, 	 cum-pr=1.2296e-11 	 rem-pr=1.0000e+00
β= 36,	 pr=9.5031e-11, 	 cum-pr=1.0733e-10 	 rem-pr=1.0000e+00
β= 37,	 pr=6.5653e-10, 	 cum-pr=7.6386e-10 	 rem-pr=1.0000e+00
β= 38,	 pr=3.8364e-09, 	 cum-pr=4.6003e-09 	 rem-pr=1.0000e+00
β= 39,	 pr=2.1832e-08, 	 cum-pr=2.6433e-08 	 rem-pr=1.0000e+00
β= 40,	 pr=1.0086e-07, 	 cum-pr=1.2729e-07 	 rem-pr=1.0000e+00
β= 41,	 pr=4.5789e-07, 	 cum-pr=5.8518e-07 	 rem-pr=1.0000e+00
β= 42,	 pr=1.9505e-06, 	 cum-pr=2.5357e-06 	 rem-pr=1.0000e+00
β= 43,	 pr=1.0677e-05, 	 cum-pr=1.3212e-05 	 rem-pr=9.9999e-01
β= 44,	 pr=4.3851e-05, 	 cum-pr=5.7062e-05 	 rem-pr=9.9994e-01
β= 45,	 pr=1.7188e-04, 	 cum-pr=2.2893e-04 	 rem-pr=9.9977e-01
β= 46,	 pr=7.7774e-04, 	 cum-pr=1.0065e-03 	 rem-pr=9.9899e-01
β= 47,	 pr=2.5662e-03, 	 cum-pr=3.5701e-03 	 rem-pr=9.9643e-01
β= 48,	 pr=7.4510e-03, 	 cum-pr=1.0995e-02 	 rem-pr=9.8901e-01
β= 49,	 pr=1.9066e-02, 	 cum-pr=2.9851e-02 	 rem-pr=9.7015e-01
β= 50,	 pr=4.3193e-02, 	 cum-pr=7.1755e-02 	 rem-pr=9.2825e-01
β= 51,	 pr=8.7109e-02, 	 cum-pr=1.5261e-01 	 rem-pr=8.4739e-01
β= 52,	 pr=1.5740e-01, 	 cum-pr=2.8599e-01 	 rem-pr=7.1401e-01
β= 53,	 pr=2.5665e-01, 	 cum-pr=4.6924e-01 	 rem-pr=5.3076e-01
β= 54,	 pr=3.8063e-01, 	 cum-pr=6.7127e-01 	 rem-pr=3.2873e-01
β= 55,	 pr=5.1794e-01, 	 cum-pr=8.4153e-01 	 rem-pr=1.5847e-01
β= 56,	 pr=6.5299e-01, 	 cum-pr=9.4501e-01 	 rem-pr=5.4991e-02
β= 57,	 pr=7.7097e-01, 	 cum-pr=9.8741e-01 	 rem-pr=1.2594e-02
β= 58,	 pr=8.6251e-01, 	 cum-pr=9.9827e-01 	 rem-pr=1.7317e-03
β= 59,	 pr=9.2547e-01, 	 cum-pr=9.9987e-01 	 rem-pr=1.2905e-04
[4;37m       Attack Estimation      [0m
[1;33m dim=256 	 	 	 β=53.53  [0m
[0m  [0m
[4;37m       Running the Attack      [0m
[0m Running BKZ-2 [0m [0m Running BKZ-3 [0m [0m Running BKZ-4 [0m [0m Running BKZ-5 [0m [0m Running BKZ-6 [0m [0m Running BKZ-7 [0m [0m Running BKZ-8 [0m [0m Running BKZ-9 [0m [0m Running BKZ-10 [0m [0m Running BKZ-11 [0m [0m Running BKZ-12 [0m [0m Running BKZ-13 [0m [0m Running BKZ-14 [0m [0m Running BKZ-15 [0m [0m Running BKZ-16 [0m [0m Running BKZ-17 [0m [0m Running BKZ-18 [0m [0m Running BKZ-19 [0m [0m Running BKZ-20 [0m [0m Running BKZ-21 [0m [0m Running BKZ-22 [0m [0m Running BKZ-23 [0m [0m Running BKZ-24 [0m [0m Running BKZ-25 [0m [0m Running BKZ-26 [0m [0m Running BKZ-27 [0m [0m Running BKZ-28 [0m [0m Running BKZ-29 [0m [0m Running BKZ-30 [0m error
error
error
error
error
error
error
error
error
error
error
error
error
error
error
error
error
error
error
error
error
